region_code,region_name,heat_log_rr,heat_se,cold_log_rr,cold_se,n_obs,temp_p50,ac_pct,hdi,gdp_per_capita,urban_pct,elderly_pct,hospital_beds,physicians,mean_temp,macro_region,ac_pct_z,hdi_z,urban_pct_z,elderly_pct_z,mean_temp_z,hospital_beds_z
1101,Porto Velho,0.06492256268816944,0.10364452469860623,-0.1230842403635467,0.11103648752774918,5078,26.153804779052734,35.2,0.725,28547,75.2,10.8,1.8,1.3,25.8,North,1.1536491055177396,-0.6701403322801754,-0.9975395711948756,-0.9308968861755169,0.6855852903572509,-0.30615598394184645
1102,Ji-Paraná,0.05571192503398832,0.07614683081882007,0.03748745977534871,0.10965366287201718,5088,21.524105072021484,35.2,0.725,28547,75.2,10.8,1.8,1.3,25.8,North,1.1536491055177396,-0.6701403322801754,-0.9975395711948756,-0.9308968861755169,0.6855852903572509,-0.30615598394184645
1201,Rio Branco,0.2118736070732544,0.6300576610517485,0.031901388089962505,0.0,5002,17.725114822387695,28.4,0.71,19262,73.1,9.5,1.6,1.2,25.2,North,0.27587048628172733,-1.0428588316944305,-1.2557986252111464,-1.4015565964516474,0.48719890016253303,-0.855987138776183
1202,Cruzeiro do Sul,0.11249735750186768,0.16508239538371433,0.06027313215192991,0.427051574022389,3596,24.199851989746094,28.4,0.71,19262,73.1,9.5,1.6,1.2,25.2,North,0.27587048628172733,-1.0428588316944305,-1.2557986252111464,-1.4015565964516474,0.48719890016253303,-0.855987138776183
1301,Manaus,-0.10299030106679703,0.05470493583656607,-0.023122174240617105,0.030974124076472095,5093,25.629905700683594,42.1,0.733,24871,81.0,8.7,1.4,1.1,27.1,North,2.044336233860163,-0.4713571325925727,-0.2842526601023213,-1.6911933412369586,1.1154224691124723,-1.4058182936105201
1302,Tefé,0.19724068227336514,0.3376591060152236,-0.13256408554287807,0.5195459349428355,4362,25.787086486816406,42.1,0.733,24871,81.0,8.7,1.4,1.1,27.1,North,2.044336233860163,-0.4713571325925727,-0.2842526601023213,-1.6911933412369586,1.1154224691124723,-1.4058182936105201
1303,Lábrea,0.007141814672876717,0.0,0.043542752905091395,2.6472273230684213,3727,26.283690452575684,42.1,0.733,24871,81.0,8.7,1.4,1.1,27.1,North,2.044336233860163,-0.4713571325925727,-0.2842526601023213,-1.6911933412369586,1.1154224691124723,-1.4058182936105201
1304,Parintins,-0.013644690768329222,0.06346905003621842,0.04491924452467265,0.45561010349447917,4611,26.624134063720703,42.1,0.733,24871,81.0,8.7,1.4,1.1,27.1,North,2.044336233860163,-0.4713571325925727,-0.2842526601023213,-1.6911933412369586,1.1154224691124723,-1.4058182936105201
1401,Boa Vista,-0.005518102789397517,2.7613402542968153,0.021551393775809214,10.828970475650028,4631,24.812922477722168,38.5,0.752,24385,77.8,7.4,1.9,1.5,27.5,North,1.5796299060293333,0.0007529666654837616,-0.6777902662223518,-2.1618530515130887,1.2476800625756168,-0.031240406524678497
1402,Rorainópolis - Caracaraí,-0.09345408682537877,0.0,-0.03833464056395565,2.158976282608771,1639,26.073816299438477,38.5,0.752,24385,77.8,7.4,1.9,1.5,27.5,North,1.5796299060293333,0.0007529666654837616,-0.6777902662223518,-2.1618530515130887,1.2476800625756168,-0.031240406524678497
1501,Belém,0.20690295344547713,0.03934225991891344,0.2192503114765712,0.11873971994977081,5093,27.364171981811523,29.8,0.698,19877,75.4,9.2,1.5,0.9,26.8,North,0.45658961377149476,-1.3410336312258346,-0.9729434708123733,-1.5101703757461393,1.0162292740151133,-1.1309027161933516
1502,Castanhal,-0.022511236922855515,0.12779170158559056,0.06747380969697833,0.0,5092,26.878860473632812,29.8,0.698,19877,75.4,9.2,1.5,0.9,26.8,North,0.45658961377149476,-1.3410336312258346,-0.9729434708123733,-1.5101703757461393,1.0162292740151133,-1.1309027161933516
1503,Marabá,-0.01715380996546054,0.07421874999999999,-0.034517606756602676,0.04605400829121718,5084,26.78669548034668,29.8,0.698,19877,75.4,9.2,1.5,0.9,26.8,North,0.45658961377149476,-1.3410336312258346,-0.9729434708123733,-1.5101703757461393,1.0162292740151133,-1.1309027161933516
1504,Redenção,0.09849087612851798,1.3287682265918312,0.15682913514964253,0.0,4782,25.882349014282227,29.8,0.698,19877,75.4,9.2,1.5,0.9,26.8,North,0.45658961377149476,-1.3410336312258346,-0.9729434708123733,-1.5101703757461393,1.0162292740151133,-1.1309027161933516
1505,Santarém,0.102636057348889,0.0,-0.04575964744786641,0.4448325264214612,5082,26.12416648864746,29.8,0.698,19877,75.4,9.2,1.5,0.9,26.8,North,0.45658961377149476,-1.3410336312258346,-0.9729434708123733,-1.5101703757461393,1.0162292740151133,-1.1309027161933516
1506,Altamira,0.039855282196348096,0.13699748372461074,0.16428388651432302,0.14745770381388182,4352,26.22316551208496,29.8,0.698,19877,75.4,9.2,1.5,0.9,26.8,North,0.45658961377149476,-1.3410336312258346,-0.9729434708123733,-1.5101703757461393,1.0162292740151133,-1.1309027161933516
1507,Breves,0.012359042112882022,0.1421896462750101,0.0409260921855267,0.12290728689493965,4439,27.221405029296875,29.8,0.698,19877,75.4,9.2,1.5,0.9,26.8,North,0.45658961377149476,-1.3410336312258346,-0.9729434708123733,-1.5101703757461393,1.0162292740151133,-1.1309027161933516
1601,Macapá,-0.0982989694313337,0.22055615958582975,0.08489592645373768,0.2078771046195324,4904,26.565448760986328,31.2,0.74,21843,90.0,7.8,1.7,1.0,27.0,North,0.6373087412612617,-0.29742183286592033,0.8225718571102635,-2.0170346791204334,1.0823580707466856,-0.581071561359015
1701,Palmas,0.1304188176530557,1.6286017775994228,0.10362667427059116,2.0707694071286644,5009,26.781987190246582,22.5,0.743,23108,81.2,10.2,1.9,1.4,26.5,North,-0.48573155099657683,-0.2228781329830693,-0.25965655971981905,-1.1481244447645007,0.9170360789177544,-0.031240406524678497
1702,Araguaína,0.05381300433206228,0.23528469291211873,0.20221720925588108,0.5654220975850697,5077,27.11680507659912,22.5,0.743,23108,81.2,10.2,1.9,1.4,26.5,North,-0.48573155099657683,-0.2228781329830693,-0.25965655971981905,-1.1481244447645007,0.9170360789177544,-0.031240406524678497
1703,Gurupi,0.29489907974856117,0.1010352902841997,0.11545063891009841,0.06774275467197118,4644,26.44922637939453,22.5,0.743,23108,81.2,10.2,1.9,1.4,26.5,North,-0.48573155099657683,-0.2228781329830693,-0.25965655971981905,-1.1481244447645007,0.9170360789177544,-0.031240406524678497
2101,São Luís,0.01323717962731135,0.030571241879879942,0.14055099587230827,0.03382911733532963,5093,26.905043601989746,18.3,0.676,14739,65.3,10.1,1.3,0.8,27.2,Northeast,-1.027888933465878,-1.8876874303667395,-2.2150465401287196,-1.1843290378626643,1.1484868674782578,-1.680733871027688
2102,Santa Inês - Bacabal,-0.14969530924968769,0.07523968861038369,-0.03328106793899105,0.1145537367079311,5091,26.950478553771973,18.3,0.676,14739,65.3,10.1,1.3,0.8,27.2,Northeast,-1.027888933465878,-1.8876874303667395,-2.2150465401287196,-1.1843290378626643,1.1484868674782578,-1.680733871027688
2103,Caxias,0.1565003056268692,0.11600970628841795,0.23126932782727602,0.10711960313126634,5081,27.619850158691406,18.3,0.676,14739,65.3,10.1,1.3,0.8,27.2,Northeast,-1.027888933465878,-1.8876874303667395,-2.2150465401287196,-1.1843290378626643,1.1484868674782578,-1.680733871027688
2104,Presidente Dutra,0.07586472598415273,0.07534102157025747,-0.01793458738090073,0.13669084536658352,4957,27.2029447555542,18.3,0.676,14739,65.3,10.1,1.3,0.8,27.2,Northeast,-1.027888933465878,-1.8876874303667395,-2.2150465401287196,-1.1843290378626643,1.1484868674782578,-1.680733871027688
2105,Imperatriz,0.048731176368787585,0.0,0.013694379855290555,0.5892096135926501,5093,26.81866455078125,18.3,0.676,14739,65.3,10.1,1.3,0.8,27.2,Northeast,-1.027888933465878,-1.8876874303667395,-2.2150465401287196,-1.1843290378626643,1.1484868674782578,-1.680733871027688
2201,Teresina,0.20183272330101656,0.05996920749157827,0.18498696328775968,0.05222555452000363,5093,28.293145179748535,15.2,0.697,16186,70.5,12.3,1.6,0.9,27.8,Northeast,-1.4280527157646483,-1.365881531186785,-1.5755479301836701,-0.3878279897030588,1.3468732576729758,-0.855987138776183
2202,Parnaíba,-0.008287851006084283,0.07164269098029774,0.14291823162425685,0.07326171614652753,5086,27.215702056884766,15.2,0.697,16186,70.5,12.3,1.6,0.9,27.8,Northeast,-1.4280527157646483,-1.365881531186785,-1.5755479301836701,-0.3878279897030588,1.3468732576729758,-0.855987138776183
2203,Picos,0.16318083555202767,0.15151517463452713,0.09947569700850167,0.3647274640699203,5062,27.735877990722656,15.2,0.697,16186,70.5,12.3,1.6,0.9,27.8,Northeast,-1.4280527157646483,-1.365881531186785,-1.5755479301836701,-0.3878279897030588,1.3468732576729758,-0.855987138776183
2204,São Raimundo Nonato,0.014334393927406082,0.14615849167085712,0.00919386021723605,0.2078771046195324,3963,27.07389545440674,15.2,0.697,16186,70.5,12.3,1.6,0.9,27.8,Northeast,-1.4280527157646483,-1.365881531186785,-1.5755479301836701,-0.3878279897030588,1.3468732576729758,-0.855987138776183
2205,Corrente - Bom Jesus,-0.034807710997349736,0.34798527267687634,-0.007219777753462608,0.722138750518209,4001,26.515862464904785,15.2,0.697,16186,70.5,12.3,1.6,0.9,27.8,Northeast,-1.4280527157646483,-1.365881531186785,-1.5755479301836701,-0.3878279897030588,1.3468732576729758,-0.855987138776183
2206,Floriano,0.10551581145603217,0.0,-0.021268713282594214,0.11048543456039805,4733,27.520785331726074,15.2,0.697,16186,70.5,12.3,1.6,0.9,27.8,Northeast,-1.4280527157646483,-1.365881531186785,-1.5755479301836701,-0.3878279897030588,1.3468732576729758,-0.855987138776183
2301,Fortaleza,-0.07743461901389008,0.04226383790699689,0.09140613997612253,0.030226147540121394,5093,26.50045108795166,21.4,0.735,18631,78.1,13.2,1.5,1.3,26.9,Northeast,-0.6277251511671083,-0.421661332670672,-0.6408961156485993,-0.06198665181958446,1.0492936723808988,-1.1309027161933516
2302,Quixadá,0.1624989887182525,0.04854164003472426,0.12767669701231332,0.028219107962499792,5093,27.31027126312256,21.4,0.735,18631,78.1,13.2,1.5,1.3,26.9,Northeast,-0.6277251511671083,-0.421661332670672,-0.6408961156485993,-0.06198665181958446,1.0492936723808988,-1.1309027161933516
2303,Iguatu,0.32114328167573364,0.07096055517415994,0.19784782109917676,0.052298546246077666,5072,27.385940551757812,21.4,0.735,18631,78.1,13.2,1.5,1.3,26.9,Northeast,-0.6277251511671083,-0.421661332670672,-0.6408961156485993,-0.06198665181958446,1.0492936723808988,-1.1309027161933516
2304,Juazeiro do Norte,0.2580856559300661,0.22316963839196405,0.2755678501987555,0.26608416196760004,5093,26.087170600891113,21.4,0.735,18631,78.1,13.2,1.5,1.3,26.9,Northeast,-0.6277251511671083,-0.421661332670672,-0.6408961156485993,-0.06198665181958446,1.0492936723808988,-1.1309027161933516
2305,Crateús,0.12967999303501968,0.4044430970482745,0.1334088651106214,0.46206165883191386,5053,26.798277854919434,21.4,0.735,18631,78.1,13.2,1.5,1.3,26.9,Northeast,-0.6277251511671083,-0.421661332670672,-0.6408961156485993,-0.06198665181958446,1.0492936723808988,-1.1309027161933516
2306,Sobral,-0.1350537504050621,0.04861280650255329,0.03004581056556858,0.04267365823523611,5093,26.565309524536133,21.4,0.735,18631,78.1,13.2,1.5,1.3,26.9,Northeast,-0.6277251511671083,-0.421661332670672,-0.6408961156485993,-0.06198665181958446,1.0492936723808988,-1.1309027161933516
2401,Natal,-0.08661257769540767,0.034575001888868126,-0.007023455198090539,0.05838177803763717,5093,26.413768768310547,26.8,0.731,20996,82.3,13.8,1.8,1.5,26.5,Northeast,0.06933434057913662,-0.5210529325144734,-0.1243780076160594,0.15524090676939928,0.9170360789177544,-0.30615598394184645
2402,Caicó,-0.06013044953494305,0.0888940120916037,-0.009592874016135086,0.03291464755147013,4990,27.16145896911621,26.8,0.731,20996,82.3,13.8,1.8,1.5,26.5,Northeast,0.06933434057913662,-0.5210529325144734,-0.1243780076160594,0.15524090676939928,0.9170360789177544,-0.30615598394184645
2403,Mossoró,0.12600109679972285,0.04646631739597785,0.1087630875825963,0.010697706201272743,5092,27.6909236907959,26.8,0.731,20996,82.3,13.8,1.8,1.5,26.5,Northeast,0.06933434057913662,-0.5210529325144734,-0.1243780076160594,0.15524090676939928,0.9170360789177544,-0.30615598394184645
2501,João Pessoa,-0.03970910208208736,0.0,0.040625712918550834,0.19918044974971813,5093,26.03787612915039,19.5,0.718,17035,77.2,14.5,1.7,1.2,25.8,Northeast,-0.8729868241889349,-0.8440756320068279,-0.7515785673698567,0.4086730584565461,0.6855852903572509,-0.581071561359015
2502,Campina Grande,0.07409070553927696,0.04834724138471316,0.07148238851223113,0.06663563323918743,5093,24.957371711730957,19.5,0.718,17035,77.2,14.5,1.7,1.2,25.8,Northeast,-0.8729868241889349,-0.8440756320068279,-0.7515785673698567,0.4086730584565461,0.6855852903572509,-0.581071561359015
2503,Patos,0.1324979410641993,0.07192168999813267,0.03371686091966093,0.0366178383969779,5090,27.37672233581543,19.5,0.718,17035,77.2,14.5,1.7,1.2,25.8,Northeast,-0.8729868241889349,-0.8440756320068279,-0.7515785673698567,0.4086730584565461,0.6855852903572509,-0.581071561359015
2504,Sousa - Cajazeiras,0.09808310432981868,4.2260353760942415,0.03907530178931742,5.288548950326545,4999,27.49837303161621,19.5,0.718,17035,77.2,14.5,1.7,1.2,25.8,Northeast,-0.8729868241889349,-0.8440756320068279,-0.7515785673698567,0.4086730584565461,0.6855852903572509,-0.581071561359015
2601,Recife,-0.12727408745034127,0.03525106571832039,-0.07658257839408712,0.041426283110762505,5093,26.210501670837402,24.3,0.727,21077,82.5,13.9,2.0,1.7,25.4,Northeast,-0.25337838708116184,-0.6204445323582748,-0.09978190723355716,0.19144549986756304,0.5533276968941052,0.24367517089249008
2602,Caruaru,0.09694123522750417,0.030320653703632846,0.22423384085362513,0.06176323555016367,5093,24.32196044921875,24.3,0.727,21077,82.5,13.9,2.0,1.7,25.4,Northeast,-0.25337838708116184,-0.6204445323582748,-0.09978190723355716,0.19144549986756304,0.5533276968941052,0.24367517089249008
2603,Serra Talhada,0.21811233246637132,0.06157766707200957,0.2198919776466603,0.09321952784204474,5085,26.336682319641113,24.3,0.727,21077,82.5,13.9,2.0,1.7,25.4,Northeast,-0.25337838708116184,-0.6204445323582748,-0.09978190723355716,0.19144549986756304,0.5533276968941052,0.24367517089249008
2604,Petrolina,0.24793635353295332,0.13542918611999777,0.2083285956770554,0.27421763710600383,5090,26.62211799621582,24.3,0.727,21077,82.5,13.9,2.0,1.7,25.4,Northeast,-0.25337838708116184,-0.6204445323582748,-0.09978190723355716,0.19144549986756304,0.5533276968941052,0.24367517089249008
2701,Maceió,-0.11334096862802263,0.18479494019554482,0.0074999493527216484,0.40553573025767414,5093,25.99129867553711,17.2,0.684,16589,75.8,11.8,1.4,1.0,25.2,Northeast,-1.1698825336364096,-1.6889042306791366,-0.9237512700473707,-0.5688509551938782,0.48719890016253303,-1.4058182936105201
2702,Arapiraca,0.12838048179367015,0.037467433775880604,0.138644304411982,0.0,5093,26.08013916015625,17.2,0.684,16589,75.8,11.8,1.4,1.0,25.2,Northeast,-1.1698825336364096,-1.6889042306791366,-0.9237512700473707,-0.5688509551938782,0.48719890016253303,-1.4058182936105201
2801,Aracaju,-0.059431096972404576,0.0,-0.16191720096755804,0.07370297759419223,5093,26.046923637390137,20.1,0.702,20754,77.3,12.4,1.5,1.3,25.8,Northeast,-0.7955357695504631,-1.2416420313820333,-0.7392805171786065,-0.35162339660489506,0.6855852903572509,-1.1309027161933516
2802,Itabaiana,0.03194948957408579,0.07654655446197432,0.238265918418771,0.14309889909386095,5083,25.956562042236328,20.1,0.702,20754,77.3,12.4,1.5,1.3,25.8,Northeast,-0.7955357695504631,-1.2416420313820333,-0.7392805171786065,-0.35162339660489506,0.6855852903572509,-1.1309027161933516
2901,Salvador,-0.024943918285131702,0.034965847246031544,0.09558497832745401,0.05807058104421293,5093,25.882616996765137,16.8,0.714,20521,76.4,12.8,1.6,1.3,24.5,Northeast,-1.2215165700620572,-0.9434672318506292,-0.8499629688998639,-0.20680502421223942,0.2557481116020296,-0.855987138776183
2902,Santo Antônio de Jesus,0.14903606164786878,0.04707547867785331,0.22371877341094534,0.06176323555016367,5092,24.812816619873047,16.8,0.714,20521,76.4,12.8,1.6,1.3,24.5,Northeast,-1.2215165700620572,-0.9434672318506292,-0.8499629688998639,-0.20680502421223942,0.2557481116020296,-0.855987138776183
2903,Ilhéus ¿ Itabuna,0.16824769616533497,0.05380850513264025,0.22251141229369553,0.08005430285905939,5093,25.253679275512695,16.8,0.714,20521,76.4,12.8,1.6,1.3,24.5,Northeast,-1.2215165700620572,-0.9434672318506292,-0.8499629688998639,-0.20680502421223942,0.2557481116020296,-0.855987138776183
2904,Vitória da Conquista,0.0925692781131994,0.03279854614013019,0.2928832846082192,0.03063356863546511,5093,23.506726264953613,16.8,0.714,20521,76.4,12.8,1.6,1.3,24.5,Northeast,-1.2215165700620572,-0.9434672318506292,-0.8499629688998639,-0.20680502421223942,0.2557481116020296,-0.855987138776183
2905,Guanambi,0.33142860166213467,0.06663563323918739,0.25614685707427715,0.09387961011352974,5083,25.546034812927246,16.8,0.714,20521,76.4,12.8,1.6,1.3,24.5,Northeast,-1.2215165700620572,-0.9434672318506292,-0.8499629688998639,-0.20680502421223942,0.2557481116020296,-0.855987138776183
2906,Barreiras,0.2886268402116152,0.14490028899212035,0.24986625526047632,0.25980233528197694,5002,24.949478149414062,16.8,0.714,20521,76.4,12.8,1.6,1.3,24.5,Northeast,-1.2215165700620572,-0.9434672318506292,-0.8499629688998639,-0.20680502421223942,0.2557481116020296,-0.855987138776183
2907,Irecê,0.1124148451618758,0.07066426763720915,0.17468013400219623,0.05189582131088447,5074,25.58033561706543,16.8,0.714,20521,76.4,12.8,1.6,1.3,24.5,Northeast,-1.2215165700620572,-0.9434672318506292,-0.8499629688998639,-0.20680502421223942,0.2557481116020296,-0.855987138776183
2908,Juazeiro,0.2063486111861599,0.019531249999999986,0.1445550802548717,0.06548068208687581,5085,26.355266571044922,16.8,0.714,20521,76.4,12.8,1.6,1.3,24.5,Northeast,-1.2215165700620572,-0.9434672318506292,-0.8499629688998639,-0.20680502421223942,0.2557481116020296,-0.855987138776183
2909,Paulo Afonso,0.16167715945742764,0.0,0.1110253257370289,0.0,5092,25.919038772583008,16.8,0.714,20521,76.4,12.8,1.6,1.3,24.5,Northeast,-1.2215165700620572,-0.9434672318506292,-0.8499629688998639,-0.20680502421223942,0.2557481116020296,-0.855987138776183
2910,Feira de Santana,0.12189532855421253,0.030695768838870503,0.12625120487982658,0.03964410767614147,5093,24.419340133666992,16.8,0.714,20521,76.4,12.8,1.6,1.3,24.5,Northeast,-1.2215165700620572,-0.9434672318506292,-0.8499629688998639,-0.20680502421223942,0.2557481116020296,-0.855987138776183
3101,Belo Horizonte,0.1798458630118699,0.02090505334824963,0.1369719897765913,0.02076200354049739,5093,22.360220909118652,17.5,0.774,32540,87.3,15.8,2.1,2.3,21.5,Southeast,-1.1311570063171736,0.5474067658063912,0.4905245019464877,0.8793327687326767,-0.7361838393715576,0.5185907483096587
3102,Montes Claros,0.3576653212396656,0.08779834565361538,0.2151785918450677,0.06899813176818635,5093,24.442626953125,17.5,0.774,32540,87.3,15.8,2.1,2.3,21.5,Southeast,-1.1311570063171736,0.5474067658063912,0.4905245019464877,0.8793327687326767,-0.7361838393715576,0.5185907483096587
3103,Teófilo Otoni,0.08030287328948515,0.02706329386826369,0.23394235520829237,0.0,5093,23.260406494140625,17.5,0.774,32540,87.3,15.8,2.1,2.3,21.5,Southeast,-1.1311570063171736,0.5474067658063912,0.4905245019464877,0.8793327687326767,-0.7361838393715576,0.5185907483096587
3104,Governador Valadares,0.14421108311064537,0.07469905237212161,0.26657914941061556,0.10654829450770198,5090,23.56932258605957,17.5,0.774,32540,87.3,15.8,2.1,2.3,21.5,Southeast,-1.1311570063171736,0.5474067658063912,0.4905245019464877,0.8793327687326767,-0.7361838393715576,0.5185907483096587
3105,Ipatinga,0.08301611763002058,0.0372632500553494,0.17405810919517622,0.0750366121574162,5093,22.94524383544922,17.5,0.774,32540,87.3,15.8,2.1,2.3,21.5,Southeast,-1.1311570063171736,0.5474067658063912,0.4905245019464877,0.8793327687326767,-0.7361838393715576,0.5185907483096587
3106,Juíz de Fora,0.15360992625596767,0.052698193606375184,0.23033862817532075,0.10193740898984284,5093,21.624667167663574,17.5,0.774,32540,87.3,15.8,2.1,2.3,21.5,Southeast,-1.1311570063171736,0.5474067658063912,0.4905245019464877,0.8793327687326767,-0.7361838393715576,0.5185907483096587
3107,Barbacena,0.102540732125103,0.06740403877631795,0.21553593048934352,0.05185905487246779,5092,20.145748138427734,17.5,0.774,32540,87.3,15.8,2.1,2.3,21.5,Southeast,-1.1311570063171736,0.5474067658063912,0.4905245019464877,0.8793327687326767,-0.7361838393715576,0.5185907483096587
3108,Varginha,0.3109893241008777,0.03453360294938853,0.18568426436407706,0.026992724533369632,5093,21.56277847290039,17.5,0.774,32540,87.3,15.8,2.1,2.3,21.5,Southeast,-1.1311570063171736,0.5474067658063912,0.4905245019464877,0.8793327687326767,-0.7361838393715576,0.5185907483096587
3109,Pouso Alegre,0.0740318909962254,0.04069759045715796,0.12856598137224742,0.029166376021617327,5093,19.84217643737793,17.5,0.774,32540,87.3,15.8,2.1,2.3,21.5,Southeast,-1.1311570063171736,0.5474067658063912,0.4905245019464877,0.8793327687326767,-0.7361838393715576,0.5185907483096587
3110,Uberaba,0.4606300656967017,0.10191869629413866,0.062455787406347635,0.06571329625492471,5093,23.52030658721924,17.5,0.774,32540,87.3,15.8,2.1,2.3,21.5,Southeast,-1.1311570063171736,0.5474067658063912,0.4905245019464877,0.8793327687326767,-0.7361838393715576,0.5185907483096587
3111,Uberlândia,0.3767732416575133,0.051849859189290165,0.033293459643808386,0.031914325465562894,5093,24.011104583740234,17.5,0.774,32540,87.3,15.8,2.1,2.3,21.5,Southeast,-1.1311570063171736,0.5474067658063912,0.4905245019464877,0.8793327687326767,-0.7361838393715576,0.5185907483096587
3112,Patos de Minas,0.3232042422710599,0.16424840657522374,0.03482436353126162,0.14405538214520133,5092,23.505130767822266,17.5,0.774,32540,87.3,15.8,2.1,2.3,21.5,Southeast,-1.1311570063171736,0.5474067658063912,0.4905245019464877,0.8793327687326767,-0.7361838393715576,0.5185907483096587
3113,Divinópolis,0.21134811247956456,0.047561701804241886,0.1037601621927436,0.02955614443441709,5093,22.536272048950195,17.5,0.774,32540,87.3,15.8,2.1,2.3,21.5,Southeast,-1.1311570063171736,0.5474067658063912,0.4905245019464877,0.8793327687326767,-0.7361838393715576,0.5185907483096587
3201,Vitória,-0.013246889558458819,0.06810779599282306,0.20606614342094898,0.03945119116547684,5093,24.06379508972168,22.8,0.772,37246,89.4,14.2,1.9,2.0,23.2,Southeast,-0.4470060236773409,0.4977109658844906,0.7487835559627586,0.30005927916205427,-0.17408906715319178,-0.031240406524678497
3202,São Mateus,-0.03275438456784343,0.0,-0.048701422045178216,0.06391823504669367,5062,24.722057342529297,22.8,0.772,37246,89.4,14.2,1.9,2.0,23.2,Southeast,-0.4470060236773409,0.4977109658844906,0.7487835559627586,0.30005927916205427,-0.17408906715319178,-0.031240406524678497
3203,Colatina,0.08392043864844093,0.06346905003621846,0.23604290260982347,0.09009814527086561,5085,24.16899299621582,22.8,0.772,37246,89.4,14.2,1.9,2.0,23.2,Southeast,-0.4470060236773409,0.4977109658844906,0.7487835559627586,0.30005927916205427,-0.17408906715319178,-0.031240406524678497
3204,Cachoeiro do Itapemirim,0.18125042688528792,0.08886182160997912,0.10747101025872885,0.05810341711188874,5088,22.80898094177246,22.8,0.772,37246,89.4,14.2,1.9,2.0,23.2,Southeast,-0.4470060236773409,0.4977109658844906,0.7487835559627586,0.30005927916205427,-0.17408906715319178,-0.031240406524678497
3301,Rio de Janeiro,0.18025258157519158,0.01605398654567735,0.18958264678382358,0.01651517043485134,5093,23.169326782226562,38.2,0.778,46622,97.0,17.8,2.3,3.1,23.8,Southeast,1.5409043787100978,0.6467983656501927,1.6834353704978295,1.603424630695954,0.024297323041526132,1.0684219031439945
3302,Volta Redonda - Barra Mansa,0.16455597075824396,0.06536406457297463,0.208501004194586,0.0,5093,21.637459754943848,38.2,0.778,46622,97.0,17.8,2.3,3.1,23.8,Southeast,1.5409043787100978,0.6467983656501927,1.6834353704978295,1.603424630695954,0.024297323041526132,1.0684219031439945
3303,Petrópolis,0.022897118186706714,0.09488248282414934,0.2637925424816545,0.22124691028916088,5093,21.430886268615723,38.2,0.778,46622,97.0,17.8,2.3,3.1,23.8,Southeast,1.5409043787100978,0.6467983656501927,1.6834353704978295,1.603424630695954,0.024297323041526132,1.0684219031439945
3304,Campos dos Goytacazes,0.13118149586015,0.04906194018390807,0.07222908328600702,0.07694420157653205,5093,23.175000190734863,38.2,0.778,46622,97.0,17.8,2.3,3.1,23.8,Southeast,1.5409043787100978,0.6467983656501927,1.6834353704978295,1.603424630695954,0.024297323041526132,1.0684219031439945
3305,Macaé - Rio das Ostras - Cabo Frio,-0.003744027501335211,0.05473979084859967,0.15716317389371573,0.27129988954276774,5093,20.920339584350586,38.2,0.778,46622,97.0,17.8,2.3,3.1,23.8,Southeast,1.5409043787100978,0.6467983656501927,1.6834353704978295,1.603424630695954,0.024297323041526132,1.0684219031439945
3501,São Paulo,0.0982054990848364,0.02303994284649226,0.18398821251768718,0.01933495104806968,5093,22.114322662353516,32.5,0.806,54644,96.4,16.2,2.2,2.8,20.8,Southeast,0.805119359644617,1.3425395645568021,1.6096470693503244,1.0241511411253317,-0.9676346279320611,0.7935063257268272
3502,Sorocaba,0.25710992352608864,0.04430193836802246,0.152499933409098,0.03700643617479768,5093,21.53424072265625,32.5,0.806,54644,96.4,16.2,2.2,2.8,20.8,Southeast,0.805119359644617,1.3425395645568021,1.6096470693503244,1.0241511411253317,-0.9676346279320611,0.7935063257268272
3503,Bauru,0.45095791540123026,0.022818987198335795,0.21406271065956317,0.037212029068862555,5093,23.242616653442383,32.5,0.806,54644,96.4,16.2,2.2,2.8,20.8,Southeast,0.805119359644617,1.3425395645568021,1.6096470693503244,1.0241511411253317,-0.9676346279320611,0.7935063257268272
3504,Marília,0.5377176419837548,0.04971364994613448,0.17857892451303853,0.06501295694177042,5093,23.58480739593506,32.5,0.806,54644,96.4,16.2,2.2,2.8,20.8,Southeast,0.805119359644617,1.3425395645568021,1.6096470693503244,1.0241511411253317,-0.9676346279320611,0.7935063257268272
3505,Presidente Prudente,0.5806695618944862,0.06880435528831463,0.13632449736183086,0.0,5093,24.835013389587402,32.5,0.806,54644,96.4,16.2,2.2,2.8,20.8,Southeast,0.805119359644617,1.3425395645568021,1.6096470693503244,1.0241511411253317,-0.9676346279320611,0.7935063257268272
3506,Araçatuba,0.551641427463023,0.07020390920160714,0.0784662704029094,0.14490028899212037,5093,25.191550254821777,32.5,0.806,54644,96.4,16.2,2.2,2.8,20.8,Southeast,0.805119359644617,1.3425395645568021,1.6096470693503244,1.0241511411253317,-0.9676346279320611,0.7935063257268272
3507,São José do Rio Preto,0.5563115405447484,0.043234264885114566,0.15119851521978608,0.04040656419058047,5093,24.963932037353516,32.5,0.806,54644,96.4,16.2,2.2,2.8,20.8,Southeast,0.805119359644617,1.3425395645568021,1.6096470693503244,1.0241511411253317,-0.9676346279320611,0.7935063257268272
3508,Ribeirão Preto,0.472825335232084,0.03156880835008715,0.07988006112552064,0.021661204114080884,5093,23.86940574645996,32.5,0.806,54644,96.4,16.2,2.2,2.8,20.8,Southeast,0.805119359644617,1.3425395645568021,1.6096470693503244,1.0241511411253317,-0.9676346279320611,0.7935063257268272
3509,Araraquara,0.4086632808073451,0.24048037455658414,0.18008833137609156,0.38882397306654076,5093,23.45475196838379,32.5,0.806,54644,96.4,16.2,2.2,2.8,20.8,Southeast,0.805119359644617,1.3425395645568021,1.6096470693503244,1.0241511411253317,-0.9676346279320611,0.7935063257268272
3510,Campinas,0.3283970505349876,0.0,0.21364473659779232,0.03256510156354111,5093,22.263504028320312,32.5,0.806,54644,96.4,16.2,2.2,2.8,20.8,Southeast,0.805119359644617,1.3425395645568021,1.6096470693503244,1.0241511411253317,-0.9676346279320611,0.7935063257268272
3511,São José dos Campos,0.030462452403887508,0.08149471111337918,0.18807570094996265,0.17230725120655657,5093,22.288504600524902,32.5,0.806,54644,96.4,16.2,2.2,2.8,20.8,Southeast,0.805119359644617,1.3425395645568021,1.6096470693503244,1.0241511411253317,-0.9676346279320611,0.7935063257268272
4101,Curitiba,0.006422596085063478,0.03368432896681089,0.10093381182854883,0.012039871099548823,5093,19.5427827835083,28.4,0.792,43389,87.7,14.5,2.4,2.1,19.5,South,0.27587048628172733,0.9946689651034974,0.5397167027114922,0.4086730584565461,-1.3974718066872824,1.343337480561163
4102,Guarapuava,0.046775789228518806,0.08166421795761533,0.16212096999103096,0.1347514711770339,5064,19.119121551513672,28.4,0.792,43389,87.7,14.5,2.4,2.1,19.5,South,0.27587048628172733,0.9946689651034974,0.5397167027114922,0.4086730584565461,-1.3974718066872824,1.343337480561163
4103,Cascavel,0.27063177892904633,0.04192542157720382,0.17925343737046098,0.018835255392564365,5093,22.12205696105957,28.4,0.792,43389,87.7,14.5,2.4,2.1,19.5,South,0.27587048628172733,0.9946689651034974,0.5397167027114922,0.4086730584565461,-1.3974718066872824,1.343337480561163
4104,Maringá,0.3187380967543953,0.04196947059950058,0.10069197729439171,0.017249532942046588,5093,23.350747108459473,28.4,0.792,43389,87.7,14.5,2.4,2.1,19.5,South,0.27587048628172733,0.9946689651034974,0.5397167027114922,0.4086730584565461,-1.3974718066872824,1.343337480561163
4105,Londrina,0.26751995057607897,0.0382405590299022,0.08822045255775474,0.03221176270013797,5093,22.252872467041016,28.4,0.792,43389,87.7,14.5,2.4,2.1,19.5,South,0.27587048628172733,0.9946689651034974,0.5397167027114922,0.4086730584565461,-1.3974718066872824,1.343337480561163
4106,Ponta Grossa,0.05047403085147075,0.08276043100679024,0.10282518811652266,0.10740411785052749,5093,19.32251739501953,28.4,0.792,43389,87.7,14.5,2.4,2.1,19.5,South,0.27587048628172733,0.9946689651034974,0.5397167027114922,0.4086730584565461,-1.3974718066872824,1.343337480561163
4201,Florianópolis,0.011141787875562442,0.0,0.1257392052977437,0.1538884031530641,5091,20.790119171142578,25.2,0.808,47720,85.1,13.8,2.3,2.0,18.2,South,-0.13720180512345456,1.3922353644787029,0.21996739773896665,0.15524090676939928,-1.8273089854425038,1.0684219031439945
4202,Criciúma,0.10811510942653355,0.06139153767774106,0.3135401794459218,0.06361913076133718,5093,19.554962158203125,25.2,0.808,47720,85.1,13.8,2.3,2.0,18.2,South,-0.13720180512345456,1.3922353644787029,0.21996739773896665,0.15524090676939928,-1.8273089854425038,1.0684219031439945
4203,Lages,0.002413166973961431,0.13212136347881068,0.11235209082184208,0.19515618744994997,5029,16.658676147460938,25.2,0.808,47720,85.1,13.8,2.3,2.0,18.2,South,-0.13720180512345456,1.3922353644787029,0.21996739773896665,0.15524090676939928,-1.8273089854425038,1.0684219031439945
4204,Chapecó,0.0894939013015599,0.06546429530171838,0.1302643383972366,0.03485657870620067,5093,19.89844036102295,25.2,0.808,47720,85.1,13.8,2.3,2.0,18.2,South,-0.13720180512345456,1.3922353644787029,0.21996739773896665,0.15524090676939928,-1.8273089854425038,1.0684219031439945
4205,Caçador,0.14033444497535508,0.11668593837876108,0.10765499686798909,0.04487939567607834,4681,17.523144721984863,25.2,0.808,47720,85.1,13.8,2.3,2.0,18.2,South,-0.13720180512345456,1.3922353644787029,0.21996739773896665,0.15524090676939928,-1.8273089854425038,1.0684219031439945
4206,Joinville,0.1304623932487818,0.0,0.12870596833021827,0.1608692209529219,5093,19.92749309539795,25.2,0.808,47720,85.1,13.8,2.3,2.0,18.2,South,-0.13720180512345456,1.3922353644787029,0.21996739773896665,0.15524090676939928,-1.8273089854425038,1.0684219031439945
4207,Blumenau,0.05509889233293116,0.0,0.16020617048950522,0.05660694041480253,5093,20.95145606994629,25.2,0.808,47720,85.1,13.8,2.3,2.0,18.2,South,-0.13720180512345456,1.3922353644787029,0.21996739773896665,0.15524090676939928,-1.8273089854425038,1.0684219031439945
4301,Porto Alegre,0.1418467534040258,0.02335597801386996,0.2677792263935889,0.03438831418292773,5093,19.626164436340332,31.5,0.787,43921,86.8,18.5,2.6,2.4,18.5,South,0.6760342685804976,0.8704294652987457,0.429034250990233,1.856856782383101,-1.7281157903451447,1.8931686353955004
4302,Pelotas,0.13945037273880065,0.3684320663297373,0.2969618012912783,0.0,5093,18.230714797973633,31.5,0.787,43921,86.8,18.5,2.6,2.4,18.5,South,0.6760342685804976,0.8704294652987457,0.429034250990233,1.856856782383101,-1.7281157903451447,1.8931686353955004
4303,Santa Maria,0.3430776816311469,0.08019712956112428,0.3077686637615698,0.05949822738956178,5093,20.036444664001465,31.5,0.787,43921,86.8,18.5,2.6,2.4,18.5,South,0.6760342685804976,0.8704294652987457,0.429034250990233,1.856856782383101,-1.7281157903451447,1.8931686353955004
4304,Uruguaiana,0.35765491737479344,1.1792476415070754,0.23324079418390667,0.0,5090,16.775175094604492,31.5,0.787,43921,86.8,18.5,2.6,2.4,18.5,South,0.6760342685804976,0.8704294652987457,0.429034250990233,1.856856782383101,-1.7281157903451447,1.8931686353955004
4305,Ijuí,0.3858569542644446,0.06689987718146076,0.2915898761430251,0.03493856214843419,5093,22.202810287475586,31.5,0.787,43921,86.8,18.5,2.6,2.4,18.5,South,0.6760342685804976,0.8704294652987457,0.429034250990233,1.856856782383101,-1.7281157903451447,1.8931686353955004
4306,Passo Fundo,0.18923347505755253,0.04853427203042649,0.2394075057357532,0.026493476496583082,5093,19.62934684753418,31.5,0.787,43921,86.8,18.5,2.6,2.4,18.5,South,0.6760342685804976,0.8704294652987457,0.429034250990233,1.856856782383101,-1.7281157903451447,1.8931686353955004
4307,Caxias do Sul,0.1056876920440737,0.055242717280199014,0.2241241756379832,0.03268203228648734,5093,17.532922744750977,31.5,0.787,43921,86.8,18.5,2.6,2.4,18.5,South,0.6760342685804976,0.8704294652987457,0.429034250990233,1.856856782383101,-1.7281157903451447,1.8931686353955004
4308,Santa Cruz do Sul - Lajeado,0.2972017685037662,0.030508787796510364,0.2878466633617967,0.09496285766518137,5093,19.565202713012695,31.5,0.787,43921,86.8,18.5,2.6,2.4,18.5,South,0.6760342685804976,0.8704294652987457,0.429034250990233,1.856856782383101,-1.7281157903451447,1.8931686353955004
5001,Campo Grande,0.22213117354403009,0.04163868282290591,0.0005590195128460312,0.0,5093,25.252890586853027,35.8,0.766,39873,88.5,12.8,2.0,1.8,24.2,Central-West,1.2311001601562106,0.34862356611878853,0.6381011042414994,-0.20680502421223942,0.15655491650467063,0.24367517089249008
5002,Dourados,0.342588462380486,0.0691017170716191,0.07931633734421233,0.022439697838039195,5091,24.206125259399414,35.8,0.766,39873,88.5,12.8,2.0,1.8,24.2,Central-West,1.2311001601562106,0.34862356611878853,0.6381011042414994,-0.20680502421223942,0.15655491650467063,0.24367517089249008
5003,Corumbá,0.2906241846472164,0.12463325104331105,0.09722229883817168,0.0,4971,21.42284393310547,35.8,0.766,39873,88.5,12.8,2.0,1.8,24.2,Central-West,1.2311001601562106,0.34862356611878853,0.6381011042414994,-0.20680502421223942,0.15655491650467063,0.24367517089249008
5101,Cuiabá,0.3023645894450924,0.06550980402831412,-0.017107646244756552,0.17080633678965193,5093,25.900172233581543,38.2,0.774,48560,83.2,10.5,1.8,1.6,25.5,Central-West,1.5409043787100978,0.5474067658063912,-0.013695555894800215,-1.0395106654700088,0.586392095259892,-0.30615598394184645
5102,Cáceres,0.20866927249696168,0.13633805815352595,0.023397440413379832,0.03983608994994361,4804,22.25230598449707,38.2,0.774,48560,83.2,10.5,1.8,1.6,25.5,Central-West,1.5409043787100978,0.5474067658063912,-0.013695555894800215,-1.0395106654700088,0.586392095259892,-0.30615598394184645
5103,Sinop,0.19072280225223293,0.09276829755498377,0.045006323891787714,0.037721109210601504,5066,25.795629501342773,38.2,0.774,48560,83.2,10.5,1.8,1.6,25.5,Central-West,1.5409043787100978,0.5474067658063912,-0.013695555894800215,-1.0395106654700088,0.586392095259892,-0.30615598394184645
5104,Barra do Garças,0.28084777262455535,0.10423175050098701,-0.002906041865422122,0.04878904686248745,4609,26.072108268737793,38.2,0.774,48560,83.2,10.5,1.8,1.6,25.5,Central-West,1.5409043787100978,0.5474067658063912,-0.013695555894800215,-1.0395106654700088,0.586392095259892,-0.30615598394184645
5105,Rondonópolis,0.3547048312975173,0.06843606189627725,0.016540944332884416,0.051822262349303115,4991,24.936433792114258,38.2,0.774,48560,83.2,10.5,1.8,1.6,25.5,Central-West,1.5409043787100978,0.5474067658063912,-0.013695555894800215,-1.0395106654700088,0.586392095259892,-0.30615598394184645
5201,Goiânia,0.21629359395680983,0.022944023680606933,-0.0326323622044883,0.05774119335583785,5093,24.700220108032227,28.5,0.769,33608,92.0,12.2,1.9,1.7,23.8,Central-West,0.28877899538813945,0.42316726600163956,1.0685328609352824,-0.4240325828012232,0.024297323041526132,-0.031240406524678497
5202,Itumbiara,0.328099063646867,0.09063636445446961,-0.0028462154337772026,0.06342395656691216,5050,24.43665313720703,28.5,0.769,33608,92.0,12.2,1.9,1.7,23.8,Central-West,0.28877899538813945,0.42316726600163956,1.0685328609352824,-0.4240325828012232,0.024297323041526132,-0.031240406524678497
5203,Rio Verde,0.2536828183004881,0.06479254849764987,0.005381532977654148,0.07328774624724108,5081,24.116337776184082,28.5,0.769,33608,92.0,12.2,1.9,1.7,23.8,Central-West,0.28877899538813945,0.42316726600163956,1.0685328609352824,-0.4240325828012232,0.024297323041526132,-0.031240406524678497
5204,São Luís de Montes Belos - Iporá,0.48270494424093613,0.13531646934131852,-0.04578064833210701,0.17985725676908343,4966,25.181377410888672,28.5,0.769,33608,92.0,12.2,1.9,1.7,23.8,Central-West,0.28877899538813945,0.42316726600163956,1.0685328609352824,-0.4240325828012232,0.024297323041526132,-0.031240406524678497
5205,Porangatu - Uruaçu,0.29615718367880933,0.0,-0.009941025359257527,0.0,5075,25.907544136047363,28.5,0.769,33608,92.0,12.2,1.9,1.7,23.8,Central-West,0.28877899538813945,0.42316726600163956,1.0685328609352824,-0.4240325828012232,0.024297323041526132,-0.031240406524678497
5206,Luziânia - Águas Lindas de Goiás,0.31635506065846675,0.06266762190286895,0.05331483153975718,0.028571755543608978,5085,23.76050090789795,28.5,0.769,33608,92.0,12.2,1.9,1.7,23.8,Central-West,0.28877899538813945,0.42316726600163956,1.0685328609352824,-0.4240325828012232,0.024297323041526132,-0.031240406524678497
5301,Distrito Federal,0.13135292675233345,0.07375471714257503,0.0064059567520772034,0.04243273629375083,5093,22.297988891601562,42.1,0.85,90742,97.8,12.0,2.8,4.5,21.5,Central-West,2.044336233860163,2.4358471628386145,1.7818197720278366,-0.49644176899755066,-0.7361838393715576,2.442999790229836
