region_code,n_days,n_years,total_deaths,mmt,mmt_percentile,mean_pop,temp_range,total_heat_an,total_cold_an,total_heat_af_pct,total_cold_af_pct,p2_5,p97_5,n_heat_days_97_5,n_cold_days_2_5,heat_an_97_5,cold_an_2_5,heat_af_pct_97_5,cold_af_pct_2_5,heat_annual_97_5,cold_annual_2_5,heat_rate_per_100k_97_5,cold_rate_per_100k_2_5,p1,p99,n_heat_days_99,n_cold_days_1,heat_an_99,cold_an_1,heat_af_pct_99,cold_af_pct_1,heat_annual_99,cold_annual_1,heat_rate_per_100k_99,cold_rate_per_100k_1,protective_heat_deaths,protective_cold_deaths
1101,5099,13.960301163586584,33656.0,21.950489044189453,1.0043324143363528,95713.0,7.722295761108398,29883.01627029925,0.0,88.78956581381998,0.0,23.427682876586914,29.178951263427734,128,128,948.0629787772048,170.60140054231078,2.816921139699325,0.5068974344613465,67.91135575571172,12.220467061792316,70.95311583140402,12.76782366219042,21.951824188232422,29.67411994934082,51,51,387.2993743381443,0.0,1.1507587780429767,0.0,27.742909683664877,0.0,28.985518877963155,0.0,0.0,209.69884005301276
1102,5109,13.987679671457906,34894.0,20.467636108398438,26.788522012578614,100333.0,10.397912979125977,10407.009302404313,2122.0318514612604,29.82463834012814,6.081365998341435,16.168190002441406,24.45993423461914,128,128,701.9709715312349,628.0277480479958,2.011723997051742,1.799815865329271,50.184947612406255,44.89863671452935,50.01838638574173,44.749620478336496,14.796424865722656,25.194337844848633,52,52,243.89971472931103,280.51873551070753,0.6989732181157535,0.8039168209741145,17.436752946737297,20.054701144115466,17.3788812721012,19.98814063579826,0.046853609607983904,0.0
1201,5023,13.752224503764545,22686.0,19.03339385986328,84.14634146341463,60001.0,6.6067609786987305,1609.496118034326,11305.698804425561,7.0946668343221635,49.83557614575316,14.45478343963623,19.992313385009766,126,126,580.0872003059113,520.9903926505349,2.557027242818969,2.2965282229151676,42.18133583749435,37.88408140864182,70.30105471157873,63.13908336301365,13.694350242614746,20.301111221313477,51,51,233.62777969417147,228.9140395999239,1.029832406304203,1.0090542166971872,16.988362837606235,16.64560082896122,28.3134661715742,27.742205678174063,0.5232327417384224,0.0
1202,3617,9.902806297056811,6355.0,20.127704620361328,1.0011123470522802,18415.0,7.100164413452148,5490.047809060855,0.0,86.38942264454532,0.0,21.138046264648438,26.678787231445312,91,91,159.0384736523079,35.45418545006448,2.5025723627428467,0.5578943422512114,16.059939867709556,3.580215989946378,87.21118581433373,19.44184626633928,20.12900161743164,27.22916603088379,37,37,60.794463328786875,0.001094348119869865,0.9566398635529013,1.7220269392130058e-05,6.139114661553609,0.00011050888879802825,33.337576223478735,0.0006001025728918178,0.0,44.4508324681687
1301,5114,14.001368925393566,99810.0,26.40110206604004,79.59945022580011,258659.0,4.318233489990234,6438.269038077302,9763.531531333574,6.450525035645027,9.782117554687481,24.210723876953125,27.758663177490234,128,128,2628.2357640713444,888.5753875716166,2.6332389180155737,0.8902668946714924,187.71277137799348,63.463465058766715,72.57152133812993,24.535571953331107,23.871156692504883,28.189390182495117,52,52,1157.1277129544999,433.2468491974176,1.1593304407920046,0.4340715852093153,82.64389854451136,30.94317787824732,31.950907776072498,11.96292333854508,0.0,0.014635082982369478
1302,4383,12.0,10869.0,27.36017417907715,94.33745988078863,35210.0,5.130273818969727,267.0836353297658,9195.154432988676,2.457297224489519,84.59981997413448,23.98920249938965,27.770387649536133,110,110,228.16930660369545,259.8509108960084,2.0992667826266946,2.3907526993836448,19.01410888364129,21.654242574667364,54.00201330202013,61.500262921520495,23.05878448486328,28.189058303833008,44,44,127.13808447982109,100.82128537344923,1.1697312032369223,0.927604060846897,10.594840373318425,8.401773781120768,30.090429915701293,23.861896566659382,0.0,0.0012379345680637692
1303,3748,10.261464750171116,7041.0,29.594255447387695,98.98041320096593,24702.0,5.883792877197266,0.0,6665.126511173074,0.0,94.66164623168687,24.35316276550293,29.13727569580078,94,94,42.27068806876346,160.6649390029324,0.6003506329891132,2.2818483028395455,4.119362010970078,15.657115520496548,16.676228689863485,63.38399935428932,23.70889663696289,29.592689514160156,38,38,0.0,65.34217112883923,0.0,0.9280240183047752,0.0,6.367723587195444,0.0,25.77817013681258,48.70198745504658,0.0
1304,4632,12.681724845995893,12571.0,30.53921890258789,98.98069833008024,38411.0,6.345069885253906,0.0,9952.748358878473,0.0,79.17228827363354,24.542442321777344,30.036102294921875,116,116,67.28544902817106,276.9362590083052,0.5352434096585081,2.202977161787489,5.305701696359991,21.83742845483236,13.812974659238215,56.85201753360329,24.19356918334961,30.538639068603516,47,47,0.0,122.50481575028972,0.0,0.9745033469914066,0.0,9.659949039894931,0.0,25.148913175639613,89.12977882542053,0.0
1401,4652,12.736481861738536,14111.0,27.59940528869629,98.98510041027856,41977.0,4.622077941894531,0.0,5688.948802448998,0.0,40.315702660683144,23.23377799987793,27.10972785949707,117,117,27.28559555382151,251.59693822848877,0.19336401072795342,1.782984467638642,2.1423180945901343,19.75403733618992,5.103552170450804,47.059192739333255,22.97429084777832,27.59636878967285,47,47,0.0,106.0150073715125,0.0,0.7512933695096911,0.0,8.323727739132618,0.0,19.82925825840965,31.761651727991133,0.0
1402,1660,4.544832306639288,2068.0,23.799612045288086,1.0372178157413057,8483.0,5.738069534301758,1837.9134924685468,0.0,88.87395998397228,0.0,24.12801170349121,29.14934730529785,42,42,51.34668063863113,10.340114359247035,2.482914924498604,0.5000055299442474,11.297816327265073,2.275136608262036,133.18184990292434,26.819952944265427,23.80064582824707,29.538715362548828,17,17,20.94658151559031,0.0,1.012890788955044,0.0,4.6088788545598565,0.0,54.330765702697825,0.0,0.0,13.275903013028724
1501,5114,14.001368925393566,143979.0,24.848983764648438,1.0013744354997054,386576.0,4.626909255981445,96155.14958007865,0.0,66.78414878564142,0.0,25.174192428588867,29.296899795532227,128,128,3136.8607327744207,213.77942160394173,2.178693234967892,0.14847958494220806,224.03957423657747,15.268465729534556,57.9548586142382,3.9496672658247167,24.850488662719727,29.477397918701172,52,52,1308.3594705750638,0.007247283820170824,0.9087154866856026,5.033570048528483e-06,93.44511079928472,0.0005176125176608122,24.172507035947582,0.00013389670275982269,0.0,204.08715016320494
1502,5113,13.998631074606434,54990.0,27.365243911743164,78.45640219952867,156012.0,2.586763381958008,3339.6362980773333,9642.814714972581,6.0731702092695645,17.535578677891582,25.587560653686523,27.839513778686523,128,128,1238.3298577665985,739.8315086592818,2.2519182719887225,1.3453928144376828,88.46078242699981,52.850275481674686,56.701268124887704,33.87577589010761,25.40492820739746,27.99169158935547,52,52,596.3995799943652,318.8057825793007,1.0845600654562015,0.5797522869236237,42.60413584841422,22.774068469996003,27.308242858507175,14.597638944437607,0.11186456305900375,0.0
1503,5105,13.976728268309378,36395.0,27.485090255737305,70.88906372934697,109833.0,5.124897003173828,2778.0074126027644,5697.121754919047,7.632936976515357,15.653583610163613,24.545108795166016,29.023115158081055,128,128,807.735870655006,565.3280685267803,2.21935944677842,1.5533124564549532,57.791484183494795,40.447811367170715,52.617595971606704,36.82664715265059,24.220436096191406,29.345333099365234,52,52,383.94551578413865,243.68823819932453,1.0549402824128002,0.6695651551018671,27.4703427306869,17.435284819256275,25.011010106877624,15.874359089942253,0.015219967919820056,0.0
1504,4803,13.149897330595483,15498.0,25.571931838989258,40.296946884148895,46016.0,5.740077972412109,4118.993911568596,1259.778494193361,26.577583633814655,8.128652046672867,23.700044631958008,28.59950828552246,121,121,137.53165568253343,234.51919513195446,0.8874155096304905,1.5132223198603334,10.458762697906586,17.83429856796718,22.72853507020729,38.75673367517208,23.30840492248535,29.04848289489746,49,49,7.301427144763367,107.00503731644915,0.047112060554673936,0.6904441690311598,0.5552459430824109,8.13732872784365,1.2066366982840988,17.68369421036955,100.61520529034945,8.583935342936119e-05
1505,5103,13.971252566735114,35699.0,23.938154220581055,1.0035419126328218,102059.0,5.447601318359375,20358.678067246386,0.0,57.02870687483232,0.0,24.232091903686523,28.945825576782227,128,128,617.1119425205277,14.606060168490396,1.7286533026710207,0.040914479869157104,44.170122870002494,1.04543669930259,43.279008093360204,1.0243454269614538,23.938648223876953,29.386249542236328,52,52,100.96461507138959,0.0004602344027639057,0.28282197000305215,1.2892081088095065e-06,7.226597228066832,3.2941527652266615e-05,7.080803484324589,3.227694534756035e-05,144.58012480849044,13.961922870853053
1506,4373,11.97262149212868,10605.0,29.173404693603516,98.98897058823529,32192.0,5.304939270019531,0.0,10031.97674316086,0.0,94.59666895955549,24.17034339904785,28.81517791748047,110,110,127.02319666388297,239.62666494779066,1.1977670595368501,2.2595630829588935,10.609472348841356,20.01455279491894,32.95685993054596,62.17244282715874,23.86707305908203,29.172012329101562,44,44,0.0,85.4400123807651,0.0,0.8056578253726082,0.0,7.1362827628800485,0.0,22.167876375745678,108.45516397960327,0.0
1507,4460,12.210814510609172,11322.0,28.465911865234375,88.44334309529174,43644.0,3.995176315307617,436.6828230525866,6600.853110431955,3.8569406734904312,58.301122685320216,25.36971092224121,28.956567764282227,112,112,218.1977611945423,192.24616274559406,1.9272015650463017,1.697987658943597,17.86922248347681,15.743926220365074,40.9431364757511,36.07351805601016,25.113746643066406,29.108922958374023,45,45,107.59746912419445,70.86251875344911,0.9503397732219966,0.6258834018146009,8.811653721437674,5.803258962936612,20.189839889647313,13.29680818196456,0.15795524098285013,0.0
1601,4925,13.483915126625599,19613.0,25.927902221679688,30.893148450244702,53748.0,5.264196395874023,8325.193790196481,1249.1274343026196,42.44732468361027,6.368874900844437,24.49244499206543,29.215930938720703,124,124,451.06512426260383,292.8512682906796,2.299827279164859,1.4931487701559152,33.45208865724184,21.718563602674262,62.238759874305714,40.40813351692019,24.17342185974121,29.437618255615234,50,50,163.22418509721098,129.6798660523153,0.8322244689604394,0.6611934229965599,12.105103270407373,9.617374837686937,22.521960389981718,17.893456198717974,0.0,0.00010645281074664898
1602,1476,4.041067761806982,1773.0,28.514860153198242,98.96907216494846,8168.0,3.5074024200439453,0.0,1730.223488341988,0.0,97.58733718792939,25.24217414855957,28.14592933654785,37,37,15.64152960202997,43.99824870767618,0.882206971349688,2.4815707110928473,3.870642741965749,10.88777800845442,47.38788861368449,133.29796778225295,25.0054988861084,28.512901306152344,15,15,0.0,20.99952964345389,0.0,1.184406635276587,0.0,5.196529947338437,0.0,63.620591911587134,10.560538199899241,0.0
1701,5030,13.77138945927447,22199.0,24.024517059326172,1.0181672988620483,69031.0,7.103309631347656,17779.43450714914,0.0,80.09115053447967,0.0,24.333431243896484,30.568199157714844,126,126,574.5498257164252,31.83139370689444,2.5881788626353672,0.14339111539661442,41.72054151946805,2.3114148213604757,60.43739989203119,3.348372211557815,23.99727439880371,31.100584030151367,51,51,256.8629527564105,0.0,1.1570924490130658,0.0,18.65192713603955,0.0,27.019639199837105,0.0,0.0,76.45166633589375
1702,5098,13.957563312799453,30217.0,24.288883209228516,1.004530234390388,80710.0,6.454198837280273,28726.567295650144,0.0,95.06756890376326,0.0,24.671348571777344,30.188953399658203,128,128,792.0631975706149,140.203605262527,2.621250281532299,0.46398916259895756,56.74795663253572,10.044991530431146,70.31093623161406,12.445783088131762,24.27770233154297,30.731901168823242,51,51,339.4587535260951,0.0,1.1234032284015458,0.0,24.320774759789376,0.0,30.1335333413324,0.0,0.0,198.57867377137586
1703,4665,12.772073921971252,12945.0,23.390701293945312,1.012058570198105,39180.0,7.606973648071289,10569.951351541058,0.0,81.65277212468952,0.0,23.80228614807129,30.52743148803711,117,117,316.6124305415701,32.861435384272916,2.4458279686486684,0.2538542710256695,24.78942985108435,2.5729130276753875,63.27062238663694,6.566904103306247,23.39224624633789,30.99921989440918,47,47,123.93998773851665,0.0,0.9574352084860306,0.0,9.70398296280669,0.0,24.76769515775061,0.0,0.0,46.36691362718869
2101,5114,14.001368925393566,124957.0,25.6929931640625,1.0013744354997054,373349.0,2.110544204711914,75669.89254470835,0.0,60.55674555623802,0.0,25.85676383972168,27.692825317382812,128,128,3069.2751190391587,223.10835723951828,2.456265050408667,0.17854810634019566,219.21250239128915,15.934753125094653,58.71517062889927,4.268058338202233,25.69353485107422,27.804079055786133,52,52,1299.074028334809,0.0007449287061735243,1.0396168508645447,5.961480398645328e-07,92.78192977107724,5.320399099137266e-05,24.851259751888247,1.4250471004709443e-05,0.0,347.244163449644
2102,5112,13.995893223819301,51989.0,26.61785888671875,33.883323512080146,145978.0,3.251413345336914,18179.70362487786,3787.255911513572,34.968365663655504,7.284725444831737,25.53669548034668,28.41707420349121,128,128,1207.1952711224342,802.738219816624,2.322020564200954,1.5440539726030968,86.25353536335467,57.355268933494116,59.086667417936034,39.29035124025135,25.30501937866211,28.556432723999023,52,52,502.21006747136323,375.19057983952484,0.9659929359506112,0.7216730074429684,35.8826735414545,26.807190783721918,24.58087762639199,18.363856734385948,0.03750524739843293,0.0
2103,5102,13.96851471594798,35307.0,27.116762161254883,35.64259004133044,96060.0,6.3529052734375,12700.869067487221,2840.054041918539,35.972665668244886,8.043883767860592,25.175548553466797,30.81684684753418,128,128,838.7367174843864,592.5262615799151,2.3755536224668945,1.678211860480684,60.04480322641555,42.418701889859655,62.50760277578134,44.15854870899402,24.804121017456055,31.157026290893555,52,52,350.4607776756159,254.02177776313167,0.9926099008004529,0.7194657653245295,25.089337327718287,18.18531053076908,26.118402381551416,18.931199803007576,0.04459522243849105,0.0
2104,4978,13.6290212183436,20772.0,24.3612003326416,1.0086746015735324,63378.0,6.626569747924805,18212.779089889023,0.0,87.67946798521578,0.0,24.699176788330078,30.593273162841797,125,125,504.3521049878274,65.35303119339805,2.4280382485452887,0.31462079334391513,37.00574655419926,4.795137533826565,58.38894656536852,7.565933815877063,24.35536766052246,30.981937408447266,50,50,207.70987048462126,0.0,0.9999512347613194,0.0,15.240263196968243,0.0,24.046614277775006,0.0,0.0,94.65579758806977
2105,5114,14.001368925393566,53794.0,26.43047523498535,36.61888867072452,143196.0,6.240049362182617,10890.672543606563,1645.9348247477892,20.245143591490802,3.059699640755083,24.488920211791992,29.92264747619629,128,128,1360.123720204941,354.80761839516913,2.528392981010784,0.6595672721775089,97.142195699033,25.340923468681176,67.8386237737318,17.696669927009957,24.083467483520508,30.323516845703125,52,52,580.309125673737,162.79429800328228,1.07876180554288,0.30262538201896544,41.446599169404074,11.627027247887925,28.943964335179807,8.119659241799997,0.0077020652393150184,0.0
2201,5114,14.001368925393566,88671.0,26.962121963500977,25.0147260946397,238863.0,7.3546142578125,24323.41203342166,502.50824139768497,27.431078969924393,0.5667109217192599,25.285152435302734,31.840938568115234,128,128,2034.9586976302644,160.54199697241688,2.294954040926869,0.181053554118502,145.33998128851272,11.466164332063995,60.846586239188454,4.800309940034244,24.808048248291016,32.162662506103516,52,52,897.0946004843372,78.72535699184425,1.011711383072636,0.08878365755640993,64.07192077178415,5.622689996337723,26.82371098570484,2.3539392858407218,0.003218981859552945,0.0
2202,5107,13.982203969883642,35652.0,27.741825103759766,85.15532835233975,90046.0,2.5901756286621094,1526.358111350235,8308.119150673421,4.281269245344539,23.30337470737524,25.879070281982422,28.124752044677734,128,128,687.2035447535167,411.194872965321,1.9275315403161581,1.1533570990837008,49.148442279463865,29.408444752415015,54.58148310803797,32.65935716457701,25.675230026245117,28.265405654907227,52,52,323.2601625146633,168.07747711676018,0.9067097568570159,0.4714391257622579,23.11939971773659,12.02081427783369,25.675099080177453,13.349637160821903,0.0,0.18874463639920436
2203,5083,13.91649555099247,29184.0,24.665374755859375,1.007506914263137,76758.0,7.364406585693359,20445.40918086464,0.0,70.05691194101097,0.0,25.113176345825195,31.637468338012695,128,128,842.878116547883,43.999373716604026,2.888151441022077,0.15076539787761795,60.56683692093533,3.161670519376278,78.90622074693886,4.119011072951716,24.637279510498047,32.001686096191406,51,51,341.6650031542473,0.0,1.1707271215537531,0.0,24.55108054339737,0.0,31.985044612154265,0.0,0.0,56.839981204073084
2204,3984,10.907597535934292,7988.0,23.99787139892578,1.0093363613424173,23766.0,7.217466354370117,7303.9079294001585,0.0,91.43600312218526,0.0,24.40077781677246,30.778364181518555,100,100,238.9389303931136,23.043118871387477,2.991223465111587,0.2884716934324922,21.905734017591552,2.11257509231282,92.17257433977764,8.88906459779862,24.001096725463867,31.218563079833984,40,40,92.983767329356,0.0,1.1640431563514773,0.0,8.52467897014239,0.0,35.86922060987288,0.0,0.0,36.00192770202801
2205,4022,11.011635865845312,8161.0,29.6091251373291,91.07723069232692,26494.0,7.520395278930664,332.10209200861124,6532.625022215483,4.069379880022194,80.0468695284338,23.856508255004883,30.567733764648438,101,101,183.1691892106054,99.59690731812589,2.2444454014288127,1.2204007758623439,16.63414877154988,9.044696767266405,62.784588101267765,34.13866070531594,23.52800750732422,31.048402786254883,41,41,89.94829719537114,23.177444400582033,1.1021724935102455,0.28400250460215704,8.168477262707436,2.1048139152940295,30.831423200375315,7.944492773058163,0.0,4.144739009090507
2206,4754,13.015742642026009,14042.0,29.51596450805664,81.36488485104584,37972.0,7.593452453613281,1145.0285549666894,4075.695988963136,8.15431245525345,29.02503908961071,24.789770126342773,31.53476905822754,119,119,337.8528816212671,228.52309907648853,2.406016818268531,1.627425573824872,25.95724968703572,17.55743835458297,68.35892153964953,46.2378551421652,24.29405975341797,31.88751220703125,48,48,150.29551477301706,94.02707658275082,1.070328406017783,0.6696131361825297,11.547210090627784,7.224103853986063,30.40980219800849,19.024817902628417,0.0017787692632896869,0.0
2301,5114,14.001368925393566,260732.0,26.263195037841797,27.253092479874336,665770.0,1.93060302734375,62502.390034645396,3281.0170782221485,23.971890690304757,1.2583868026257417,25.748764038085938,27.383729934692383,128,128,4714.620156864467,994.1516339865539,1.8082245972356545,0.381292527954587,336.7256574686638,71.00388821149566,50.5768745165243,10.664927559291597,25.619768142700195,27.550371170043945,52,52,1680.0173379349176,476.21681455852377,0.644346431559961,0.1826460942878219,119.98950580381867,34.01216103197122,18.022666356822725,5.108695350041489,2.0204495737185357e-05,0.0
2302,5114,14.001368925393566,54597.0,26.886091232299805,27.901040644021208,139850.0,3.4117279052734375,20024.238314040296,3082.601271975008,36.67644433584317,5.646100100692361,25.72928810119629,28.6256160736084,128,128,1284.1491252664564,835.1223660981957,2.3520507084023965,1.5296121876626843,91.71596949620125,59.64576539252366,65.58167286106632,42.649814367196036,25.43940544128418,28.851133346557617,52,52,548.8849653224926,385.75345279721085,1.0053390576817272,0.7065469765686958,39.20223574189293,27.551124097415187,28.03163084868997,19.700482014597917,1.751611835187659e-05,0.0
2303,5093,13.943874058863791,31518.0,27.379863739013672,49.70425867507887,75739.0,6.142538070678711,7379.220981346329,3625.9785441057747,23.412719656533817,11.50446901486698,24.92058563232422,30.354394912719727,128,128,733.8075259375912,496.1293534634905,2.3282172915083166,1.5741143266180928,52.62579989175441,35.58045284754367,69.48309311154678,46.977716694891235,24.5264835357666,30.669021606445312,51,51,283.1386591153427,207.03284641314,0.8983395491951987,0.6568717761696173,20.30559498171587,14.847584361358606,26.80995917785536,19.603618164167216,0.0,0.004363119970397359
2304,5114,14.001368925393566,64646.0,23.2980899810791,1.0013744354997054,155580.0,6.700498580932617,33175.424508999764,0.0,51.31860363982267,0.0,23.682170867919922,29.632457733154297,128,128,1704.6854024458587,54.780072112256626,2.6369541850166422,0.08473853310685367,121.75133813909854,3.9124797299573197,78.25641993771599,2.5147703624870292,23.301429748535156,30.001928329467773,52,52,716.7996658563823,0.004258519031242025,1.1088074526751575,6.587443973706069e-06,51.19497026868276,0.00030415019088016226,32.90588139136313,0.00019549440215976493,0.0,60.364105836789975
2305,5074,13.891854893908283,25838.0,23.9335994720459,1.0093014051058775,64853.0,5.951391220092773,18530.933629159917,0.0,71.71969049136898,0.0,24.331607818603516,29.567899703979492,127,127,511.4826991908015,42.520092449916426,1.9795754284031328,0.16456417853516692,36.8188915804967,3.0607930168174957,56.77284255238261,4.719585858506925,23.93400001525879,29.885391235351562,51,51,200.38123841690327,0.0,0.7755292144008951,0.0,14.424368807996435,0.0,22.24163694508571,0.0,0.0,39.00270738896734
2306,5114,14.001368925393566,79109.0,27.4929256439209,98.9986255645003,188741.0,1.8843498229980469,0.0,50916.61300570979,0.0,64.36260476773792,25.758743286132812,27.37363052368164,128,128,393.2011015152252,129.7216367957058,0.49703712790608556,0.1639783549225825,28.08304699421901,9.264925271730846,14.879144962789756,4.9088037425524105,25.608097076416016,27.492446899414062,52,52,0.027985256693986618,0.7827972454041934,3.537556623644164e-05,0.0009895173057480103,0.001998751468024758,0.055908622190825506,0.0010589916700795047,0.029621874521606598,527.9515808590543,98.94594784957437
2401,5114,14.001368925393566,115370.0,26.466257095336914,53.21028863145494,306615.0,2.9777984619140625,19292.140841564324,18384.6069804191,16.72197351266735,15.935344526669931,25.131914138793945,27.728389739990234,128,128,2742.8957288391,2242.0298016848706,2.377477445470313,1.943338651022684,195.90196811859235,160.1293283272192,63.891840946657,52.22488408173743,24.9617977142334,27.93959617614746,52,52,1156.4911480879439,913.0187658163799,1.0024193014544023,0.7913831722426801,82.59843407100539,65.20924994415971,26.938810583632698,21.26746895753949,0.0,0.055090621549428925
2402,5011,13.71937029431896,20974.0,24.192928314208984,1.002004008016032,50139.0,5.45050048828125,17543.281788158503,0.0,83.6429950803781,0.0,24.55986785888672,29.372058868408203,126,126,554.9043677263521,41.605966727543795,2.64567735160843,0.1983692511087241,40.44678114389345,3.032644052531505,80.66930162925757,6.048473349152366,24.19530487060547,29.64580535888672,51,51,236.98731560951205,0.006716769304686615,1.129909962856451,3.202426482638798e-05,17.273920779559823,0.0004895829152937111,34.45206481892304,0.000976451295984585,0.0,60.190915124787026
2403,5113,13.998631074606434,56256.0,25.461305618286133,1.0015710919088767,141137.0,4.113824844360352,49923.480764544634,0.0,88.74338873105914,0.0,25.780391693115234,29.3181209564209,128,128,1446.0531819076436,160.70987082442548,2.570487026997376,0.28567596491827624,103.29961366942437,11.480399045300489,73.19102267259781,8.134223517079496,25.461872100830078,29.57569694519043,52,52,600.8912695427655,0.0021924376005903012,1.068137211217942,3.897251138705741e-06,42.92500219059165,0.00015661799992482055,30.413713052276616,0.00011096877496674902,0.0,318.4682586741794
2501,5114,14.001368925393566,119750.0,26.279146194458008,58.92401335165914,284016.0,3.971569061279297,14868.294114836546,33427.350395614514,12.416111995688139,27.914280079845106,24.120811462402344,27.634231567382812,128,128,2422.5585607775893,2693.218242122756,2.0230134119228302,2.2490340226494827,173.02297894486009,192.35392313948702,60.920152014273874,67.7264390525488,23.9127197265625,27.884288787841797,52,52,1086.7623250549502,1102.6416478493516,0.9075259499415033,0.920786344759375,77.6182908146892,78.75241726182551,27.32884443647161,27.728162237981493,0.425208466975664,0.0
2502,5114,14.001368925393566,79601.0,23.411073684692383,22.63891615943452,181666.0,5.821887969970703,25300.58008716528,791.2119292466848,31.784249051098957,0.993972348647234,21.81676483154297,27.027721405029297,128,128,1821.8997115082539,234.15211267153305,2.2887899794076128,0.2941572501244118,130.12297020500387,16.723515673304156,71.62758590215222,9.205638739942618,21.531370162963867,27.35325813293457,52,52,783.6388939895778,106.83983189557227,0.984458604778304,0.1342192081702143,55.96873406916177,7.630670434074653,30.80859052831117,4.200384460534527,0.003759233085810663,0.0
2503,5111,13.99315537303217,40220.0,24.002704620361328,1.0019646365422397,99348.0,6.364763259887695,35339.308485482645,0.0,87.8650136386938,0.0,24.452564239501953,30.097217559814453,128,128,1053.9865951217428,123.94521889629954,2.62055344386311,0.30816812256663234,75.32158166077411,8.857560399505655,75.81590133749458,8.915690702888487,24.005651473999023,30.37041473388672,52,52,426.6175597955304,0.02689226762704441,1.0607099945189717,6.686292299115964e-05,30.487588283176965,0.001921815838540006,30.687671903990985,0.0019344283111285643,0.0,166.43635897684823
2504,5020,13.744010951403148,21036.0,24.171661376953125,1.0002000400080016,50298.0,6.700286865234375,10556.59904133476,0.0,50.18349040375908,0.0,24.642431259155273,30.59440040588379,126,126,532.1461477088319,8.482726859160762,2.5296926588174173,0.04032480918026603,38.718402480209335,0.6171944193841571,76.97801598514718,1.2270754689732337,24.172603607177734,30.87289047241211,51,51,233.43795182357542,0.0002910069388591307,1.1097069396443022,1.383375826483793e-06,16.9847035664464,2.117336342993974e-05,33.76814896506104,4.209583567923126e-05,0.0,12.89676480448714
2601,5114,14.001368925393566,357470.0,25.379722595214844,1.0013744354997054,821020.0,2.0189571380615234,162176.5398788253,0.0,45.367874193310016,0.0,25.50998878479004,27.229005813598633,128,128,3910.889562671611,238.74181658742384,1.0940469305596583,0.06678653218100088,279.32194226941846,17.051319614500695,34.021332278070986,2.0768458276900312,25.380496978759766,27.39945411682129,52,52,932.7487081793548,0.012844891912309479,0.2609306258369527,3.5932782925306954e-06,66.61839375489038,0.0009174025754734136,8.114101210066792,0.0001117393699877486,256.31273957335316,269.7486190233602
2602,5114,14.001368925393566,147355.0,21.864727020263672,15.550755939524837,314270.0,6.946783065795898,48034.34476135267,84.42905066220553,32.59770266455341,0.05729635958210141,20.64179801940918,26.851171493530273,128,128,3631.799961332924,34.213309041497816,2.464660148167978,0.023218288515149003,259.3889198038425,2.443568855574321,82.5369649676528,0.7775380582220133,20.322303771972656,27.269086837768555,52,52,1554.3643206756062,16.019786747802755,1.0548432836860684,0.010871559667335858,111.0151677995239,1.1441586057166515,35.32477417492089,0.3640686688887426,0.0,0.00597445640568076
2603,5106,13.979466119096509,33619.0,21.82954216003418,1.0029498525073746,76812.0,8.315153121948242,31805.930649659982,0.0,94.6070098743567,0.0,22.315536499023438,29.709617614746094,128,128,902.9880635407894,176.70091837196713,2.685945636517414,0.525598377024799,64.59388762402533,12.640033379428319,84.09348490343348,16.45580557650929,21.830738067626953,30.145891189575195,52,52,402.99852979226546,0.0033824655695396514,1.1987225372327122,1.0061172460631344e-05,28.827891305645313,0.00024195956703375592,37.53045267099582,0.00031500230046575524,0.0,146.35191835551268
2604,5111,13.99315537303217,44789.0,25.029577255249023,24.047151277013754,120057.0,8.00014877319336,19120.48715109661,681.9334256159035,42.69014077361989,1.5225466646183292,23.25960922241211,30.307331085205078,128,128,1372.6723265401579,203.45155045390706,3.0647532352590097,0.4542444583578715,98.09598263916898,14.539361925902867,81.70784097484443,12.110382506561772,22.92839813232422,30.928546905517578,52,52,598.574310500451,97.97797393993908,1.3364315133190092,0.21875454674125136,42.7762212698669,7.001849927912883,35.629926842972004,5.832104690199558,0.0017295634039966802,0.0
2701,5114,14.001368925393566,109257.0,23.793739318847656,1.0013744354997054,258999.0,4.261911392211914,83988.168183089,0.0,76.87211637065727,0.0,24.084550857543945,27.709001541137695,128,128,2932.0832532060394,201.6316923350522,2.683657114149244,0.18454807686011165,209.41404150049001,14.400855617007787,80.85515446024503,5.560197381846179,23.79558753967285,28.057498931884766,52,52,1295.1832879271474,0.0010716803017613544,1.185446504962746,9.808802198132424e-07,92.50404691345143,7.654110876385114e-05,35.715986128692165,2.9552665749231132e-05,0.0,163.3476570684994
2702,5114,14.001368925393566,62760.0,21.727890014648438,1.0013744354997054,150222.0,7.656049728393555,57966.258985827764,0.0,92.36178933369624,0.0,22.041290283203125,28.99258041381836,128,128,1695.9752523320558,199.2539487228305,2.70231875769926,0.31748557795224747,121.12924538801005,14.231033392845882,80.63349268949293,9.47333505934276,21.729999542236328,29.386049270629883,52,52,710.9979856939972,0.013398838432214514,1.1328839797546164,2.1349328285873988e-05,50.78060505958789,0.000956966315480319,33.80370721970676,0.0006370347322498163,0.0,339.98833417559445
2801,5114,14.001368925393566,75528.0,25.489585876464844,34.75358334969566,201299.0,4.482002258300781,27500.691502745358,6712.138478382889,36.41125344606683,8.88695381631036,23.94366455078125,27.815662384033203,128,128,2050.294805086915,1175.208152589726,2.7146155135670416,1.5559900336163093,146.43531043371055,83.93523225134874,72.74517530326061,41.69679543929614,23.678396224975586,28.160398483276367,52,52,892.4527054049861,522.9654954587539,1.1816183473744652,0.6924127415776321,63.740389254824244,37.351026049337094,31.66453348244365,18.554998310640933,0.055909077877970566,0.0
2802,5104,13.973990417522245,36724.0,25.867271423339844,48.80975801691914,93310.0,7.090351104736328,6758.692359199258,8579.897235493654,18.40402014812999,23.363188202520572,22.201171875,28.50084114074707,128,128,930.2679423684738,906.3755093110578,2.5331334886408716,2.4680740368997327,66.57138831310444,64.86160947802976,71.34432355921598,69.5119595734967,21.857173919677734,28.947525024414062,52,52,409.53224974633144,370.78051731406833,1.1151624271493612,1.0096408814782385,29.30675043492311,26.533617544859613,31.407941737137616,28.435984937155304,0.008708757843305921,0.0
2901,5114,14.001368925393566,219762.0,25.174257278442383,31.867268800314157,601443.0,4.658151626586914,12137.35092656305,828.188239517531,5.522952524350456,0.3768568904166921,23.653919219970703,27.7034969329834,128,128,2157.1067086109124,200.6604344668814,0.9815649241501773,0.0913080671211954,154.0639861791427,14.331486837901533,25.615725210725323,2.3828503844755917,23.386810302734375,28.04496192932129,52,52,1062.6423301701914,91.20681146535665,0.4835423458879112,0.04150253977728482,75.89560248233524,6.514135292866937,12.618918581201415,1.083084397501831,0.0,0.011140119852738715
2902,5113,13.998631074606434,56546.0,21.39007568359375,1.0015710919088767,143759.0,6.244945526123047,48205.44266245156,0.0,85.24996049667803,0.0,21.765613555908203,27.245075225830078,128,128,1451.909313296408,147.80785109644307,2.5676605123198954,0.26139399974612365,103.7179496736775,10.558736087028326,72.14710012846325,7.344747867631471,21.390810012817383,27.63575553894043,52,52,582.7842102745237,0.0036806654472994645,1.0306373753661158,6.509152632015465e-06,41.63151433654797,0.0002629303842413709,28.959240351246166,0.0001828966424650776,0.0,212.12805225794833
2903,5114,14.001368925393566,94577.0,24.296159744262695,28.56862360102101,241626.0,5.470060348510742,28276.619580679035,1767.7503856378216,29.897987439524442,1.8691123482853356,22.665769577026367,27.444555282592773,128,128,2660.2391662532173,456.5720135781063,2.8127760092339757,0.48275163472948635,189.99850517676722,32.609098153970145,78.6333031945102,13.495690924805338,22.306976318359375,27.777036666870117,52,52,1140.5111409872743,204.91739002985602,1.205907504982474,0.21666725528390204,81.45711659084903,14.635525363395564,33.712065999043574,6.057098724224861,0.023489962455021697,0.0
2904,5114,14.001368925393566,111964.0,22.356218338012695,34.00746122128411,297087.0,8.414314270019531,28714.61611308681,6120.935933225697,25.646293552469373,5.466878579923633,19.381925582885742,26.67596435546875,128,128,2844.731531665033,1292.6244408687508,2.540755538981309,1.1545000543645731,203.175242851125,92.32128999360798,68.3891394948702,31.075506499310972,18.783279418945312,27.197593688964844,52,52,1244.1195558678269,621.8920743692006,1.1111781964451313,0.5554393147522424,88.85699409087286,44.41651939056522,29.90941848376834,14.950677542459017,0.05638854130417459,0.0
2905,5104,13.973990417522245,37403.0,21.401935577392578,1.0033444816053512,113836.0,8.76995849609375,28429.566029537396,0.0,76.0087854705168,0.0,21.94040298461914,29.55217933654785,128,128,1239.7736768245463,45.72698792903098,3.314636999236816,0.12225486706689564,88.72008923592585,3.272292778424484,77.93675922900124,2.8745676046457045,21.40325927734375,30.1732177734375,52,52,543.9456707952431,0.0038782772699282367,1.4542835355325592,1.0368893591231282e-05,38.92557920414627,0.000277535417876428,34.19443691288017,0.0002438028548758108,0.0,87.02888503998959
2906,5023,13.752224503764545,24114.0,21.456462860107422,1.019592163134746,83878.0,8.193492889404297,15663.856387230615,0.0,64.9575200598433,0.0,21.946521759033203,29.084638595581055,126,126,798.1728402247467,27.91034123616825,3.3099976786296206,0.11574330777211683,58.03954407566967,2.0295146598667038,69.19519310864548,2.4196030661993655,21.459575653076172,29.65306854248047,51,51,343.6649889152427,0.0,1.425167906258782,0.0,24.98977447766124,0.0,29.793002310094707,0.0,0.0,42.43062794066107
2907,5095,13.949349760438055,32471.0,21.939430236816406,1.0051241623965315,91298.0,7.905107498168945,17211.26155761555,0.0,53.00502466082212,0.0,22.386627197265625,29.26848793029785,128,128,1058.3058444853427,20.00503063601593,3.2592339148327514,0.0616089145268576,75.86775460221226,1.4341192227291106,83.0990324018185,1.5708112146258524,21.94017791748047,29.845285415649414,51,51,443.9539280727531,0.0,1.3672320780781408,0.0,31.826137827001588,0.0,34.85962214616047,0.0,0.0,26.314606043927235
2908,5106,13.979466119096509,41693.0,22.650949478149414,1.0029498525073746,114168.0,7.227821350097656,17127.01169811144,0.0,41.07886623200883,0.0,23.071792602539062,29.33976173400879,128,128,1282.4271547656408,3.3247584791862663,3.0758812145099674,0.007974380541544784,91.73649006622607,0.23783157746235484,80.35219156526003,0.2083171969924627,22.65216827392578,29.879989624023438,52,52,543.9327039548377,8.52932602816603e-05,1.3046139734603837,2.0457453357076803e-07,38.909404645418036,6.101324582427816e-06,34.08083232203248,5.3441634980273074e-06,0.0,4.010570881981318
2909,5113,13.998631074606434,44326.0,23.881778717041016,24.803613511390417,123619.0,7.642953872680664,8891.359823690487,148.65885810569745,20.059016883297584,0.3353762083330268,21.98764419555664,28.710025787353516,128,128,1220.1950956531193,43.55492007548772,2.7527751108900405,0.0982604342270625,87.16531560479206,3.111369950630137,70.51126089419269,2.5169027015508436,21.567358016967773,29.210311889648438,52,52,538.8428950560299,21.439611066273596,1.215636184307246,0.04836802568757297,38.492542033877356,1.5315505460505439,31.138046767792453,1.2389281146511004,0.0,0.00012180144132366486
2910,5114,14.001368925393566,130216.0,22.557727813720703,26.09463970155115,348565.0,7.792331695556641,53175.42976703362,3085.206241623631,40.83632561822942,2.3692988892483493,20.529571533203125,27.42983055114746,128,128,3392.9299121982976,814.5367677261208,2.6056167538538255,0.6255274065599625,242.3284416172132,58.17550927101401,69.52173672549257,16.69000309010199,20.117069244384766,27.909400939941406,52,52,1524.8866989897238,382.8337228127226,1.1710440337514005,0.2939989884597305,108.90982925420349,27.34259234598102,31.245199390129095,7.84433099880396,0.0031131857330467323,0.0
3101,5114,14.001368925393566,345528.0,19.66301727294922,17.573139603377182,1031860.0,11.009737014770508,107059.79343673456,763.0156490873059,30.98440457408215,0.22082599647128623,17.32303810119629,26.643898010253906,128,128,9619.359124547016,330.7566531484079,2.7839593678506565,0.0957249928076474,687.0299022762608,23.62316534267814,66.58169735005339,2.2893769835712345,16.549545288085938,27.559282302856445,52,52,4204.454363903881,171.4465605128386,1.216820160422276,0.049618717010731,300.28880649509045,12.244985574367286,29.10170047245658,1.1866905950775577,0.0,0.07195584795615174
3102,5114,14.001368925393566,89832.0,19.635311126708984,1.0013744354997054,255213.0,9.891155242919922,33969.16496923673,0.0,37.81410295800687,0.0,20.218360900878906,28.79416275024414,128,128,2852.216194391325,7.9103386479432825,3.175055875847499,0.008805702475669341,203.70980934717082,0.5649689462575839,79.81952696264328,0.22137153916829624,19.63603973388672,29.52719497680664,52,52,1278.9729548969126,0.0002112940162756071,1.4237387065821898,2.3521018821311682e-07,91.34627918969443,1.5090954134662788e-05,35.79217327867093,5.9130820666121195e-06,0.0,16.286991614856312
3103,5114,14.001368925393566,77275.0,22.07787322998047,36.54034949931278,203192.0,10.041181564331055,20515.714778601898,5354.384333198715,26.548967685023484,6.928999460625965,18.28049087524414,27.04901885986328,128,128,1885.0335803249982,1036.3570165692686,2.4393834750242616,1.3411284588408523,134.63209135973906,74.01826364918368,66.2585590770006,36.42774501416575,17.615612030029297,27.65679359436035,52,52,807.7736833633871,465.23340504012003,1.0453234336633932,0.6020490521386219,57.69247904741439,33.22770848472895,28.393085873171376,16.352862555971175,0.017446398380212495,0.0
3104,5111,13.99315537303217,54556.0,21.80021095275879,30.392927308447938,139153.0,10.40022087097168,19002.807219831633,2102.0587318132466,34.83174576551,3.853029422635909,18.672639846801758,27.60236167907715,128,128,1341.7002707380498,520.7053801843377,2.4593083634028337,0.954442004883675,95.88261081727111,37.21143418359017,68.90445108425338,26.741381201691787,17.808517456054688,28.208738327026367,52,52,585.483659670349,260.69952977794816,1.0731792280782113,0.4778567522874627,41.8407174123645,18.630503473174635,30.06813896384878,13.388502923526358,0.028067380666586345,0.0
3105,5114,14.001368925393566,62921.0,21.692626953125,36.46181032790104,181661.0,10.511737823486328,20932.90912444511,4801.975610722363,33.26855759515123,7.631753485676265,17.90543556213379,27.077280044555664,128,128,1366.8856839391437,996.6098449024029,2.1723839162428185,1.5839065572740465,97.6251458855636,71.17945753824847,53.74028871665553,39.1825749821087,17.2325439453125,27.744281768798828,52,52,536.4774612554244,448.3300790523941,0.8526206850740203,0.7125285342769411,38.316072100810274,32.02044610361497,21.092073753205298,17.62648345193243,0.0,0.007269916187557497
3106,5114,14.001368925393566,180231.0,15.298227310180664,1.0013744354997054,447159.0,10.922465324401855,85947.0034116857,0.0,47.687136736569016,0.0,16.144315719604492,25.732162475585938,128,128,4617.760353832177,114.75518086479565,2.5621343463844606,0.06367116692732974,329.80777654227666,8.19599722543344,73.7562648950992,1.832904453546376,15.303549766540527,26.226015090942383,52,52,1941.6901194580025,0.0176153819512251,1.0773341542009989,9.773780288199645e-06,138.67859134376914,0.0012581185486282692,31.01326180257339,0.00028135820784738074,0.0,152.78164518634645
3107,5113,13.998631074606434,55052.0,19.73129653930664,45.384917517674786,145694.0,11.203329086303711,10842.45357113531,8828.493185137704,19.694931285212725,16.0366438733156,14.380919456481934,24.18408966064453,128,128,989.7856184701538,1304.8383835295892,1.7979103728659338,2.370192515312049,70.70588639667977,93.21185597187218,48.53040372059232,63.9778274821696,13.507213592529297,24.710542678833008,52,52,408.1150617440371,559.3825972261711,0.7413264944852814,1.0160985926508956,29.15392652102671,39.95980708720106,20.01038239119436,27.42721531923144,0.0,0.0004770394283384283
3108,5114,14.001368925393566,120199.0,20.13489532470703,33.43805222854898,307841.0,11.877609252929688,40514.84599482728,10761.966394834872,33.70647509116322,8.953457511988345,15.806822776794434,25.54628562927246,128,128,3529.71865112656,2304.0347349138137,2.9365624099423124,1.9168501692308701,252.09811054438327,164.55781910975176,81.89231146740794,53.45545886017514,14.619163513183594,26.49677276611328,52,52,1603.6080763626003,1025.365091619686,1.3341276353069496,0.8530562580551302,114.5322350198357,73.23320291632584,37.20499706661416,23.78929477110776,0.0004615150472313331,0.0
3109,5114,14.001368925393566,96523.0,18.701927185058594,37.895150206165326,252706.0,12.115592956542969,21645.046702236134,9988.948032532846,22.42475544920499,10.348774937095662,13.605910301208496,23.806833267211914,128,128,1750.510891666743,1936.003398456804,1.8135686744783552,2.005743085541067,125.02426734088344,138.2724367004982,49.47419821487556,54.71672089325074,12.338554382324219,24.454147338867188,52,52,732.6897601958249,869.0401633109093,0.7590830788473472,0.900345164687079,52.32986603666895,62.06822832407306,20.707805131919685,24.56143832124012,0.12452181843954611,0.0
3110,5114,14.001368925393566,52466.0,16.096105575561523,1.0013744354997054,132599.0,12.847064971923828,30770.49407165602,0.0,58.64844674962074,0.0,18.150890350341797,27.83969497680664,128,128,1850.7821156370796,72.98268272065809,3.527583798340029,0.13910472062032192,132.1857973673139,5.21253908168173,99.68838178818385,3.9310545944401767,16.1180477142334,28.965112686157227,52,52,824.9981697090348,0.003559841080206241,1.5724434294762983,6.7850438001872475e-06,58.92267921122897,0.0002542495022575928,44.43674478029923,0.0001917431521034041,0.0,67.15329563527231
3111,5114,14.001368925393566,73508.0,17.188610076904297,1.0013744354997054,197357.0,12.377599716186523,35474.83475473927,0.0,48.25982852851291,0.0,19.09217071533203,28.58652687072754,128,128,2470.594927535194,70.76175443069815,3.360987821101369,0.09626401810782248,176.45381253074495,5.053916856826848,89.40843878390174,2.5607993923837755,17.19129180908203,29.568891525268555,52,52,1119.8374480711948,0.004208241971391128,1.5234225500233918,5.724876165031191e-06,79.98056861713022,0.00030055932343578596,40.52583319422681,0.00015229220318295573,0.0,92.92100195522033
3112,5113,13.998631074606434,45929.0,22.51125144958496,33.091123330714844,132862.0,10.258438110351562,14222.93807827197,2753.865796079348,30.96722784792173,5.995919345248859,19.216224670410156,27.91002655029297,128,128,1359.6344971060635,695.5809760615075,2.960296320638515,1.5144701083444174,97.12624683512412,49.68921406345895,73.10310460110802,37.3991164241536,18.575607299804688,28.83404541015625,52,52,579.4383881977353,344.7803864782492,1.2615959158652166,0.7506812394745133,41.39250367479421,24.62957875243116,31.154508945217,18.53771488644696,0.0,0.05134737407180018
3113,5114,14.001368925393566,82822.0,16.485286712646484,1.0013744354997054,232639.0,11.22507095336914,64932.45548216285,0.0,78.40000903402822,0.0,17.361797332763672,26.782907485961914,128,128,2466.22908702634,209.10569497848223,2.9777463560724686,0.2524760268750842,176.1419972695289,14.934660753009512,75.71473281329824,6.419672003838355,16.488420486450195,27.713491439819336,52,52,1129.9764033704753,0.016980101431948436,1.3643432944996199,2.0501921508715603e-05,80.70470890321981,0.0012127458052442642,34.690962780625696,0.0005212994404395927,0.0,305.6249120192904
3201,5114,14.001368925393566,117680.0,25.784517288208008,78.24464951894757,353825.0,7.174568176269531,9664.07685823373,31686.67872689172,8.212165923040219,26.92613759933015,20.711347579956055,27.08366584777832,128,128,2768.9112944265107,2111.0663936239753,2.352915783843058,1.7939041414207813,197.76004112031347,150.77571378004635,55.89204864560544,42.61307532821206,20.20419692993164,27.378765106201172,52,52,1210.3053615222223,879.0844884560158,1.0284715852500188,0.7470126516451527,86.44193064059282,62.78560997429796,24.430701799079436,17.744820172203198,0.009367028035723788,0.0
3202,5083,13.91649555099247,29708.0,23.67601776123047,28.664559462662982,86995.0,6.356830596923828,13647.654919711871,1695.9765998834437,45.9393258371882,5.708821192552321,21.764385223388672,27.330392837524414,128,128,676.1837573717593,415.026248784284,2.2760998969023807,1.3970184757785242,48.58865185521052,29.822612112622416,55.85223501949597,34.28083466017865,21.301240921020508,27.658071517944336,51,51,231.1050810913003,180.56500940130076,0.7779220448744456,0.6077992776400322,16.60655732217144,12.974890750309877,19.089093996403747,14.914524685682943,13.074195949752957,0.0
3203,5106,13.979466119096509,29158.0,26.372299194335938,82.30088495575221,79502.0,9.710609436035156,2467.0487610429936,6724.160153309636,8.460967010916365,23.061115828622114,19.509933471679688,28.042118072509766,128,128,784.7594632637172,269.6039186004248,2.6914036054040644,0.9246310398532985,56.1365832270021,19.285709218332382,70.61027801439221,24.258143465991274,18.825180053710938,28.535789489746094,52,52,308.6895186860474,98.05823878806643,1.0586786428631847,0.33629960487024635,22.081638601660558,7.014448044916033,27.774947299012048,8.822983126105045,0.0,0.16658031778038948
3204,5109,13.987679671457906,42178.0,17.42903709411621,1.0023584905660377,111076.0,9.435644149780273,31276.566804701386,0.0,74.15374556570104,0.0,18.22076416015625,26.495525360107422,128,128,1024.0074287398627,79.53163502331545,2.4278235780261337,0.1885618925110613,73.20781235999898,5.685834741097272,65.90785800712933,5.1188688295376785,17.432132720947266,26.86777687072754,52,52,410.0409959920556,0.0027013826028752957,0.9721679453555305,6.404719528842752e-06,29.314439965961697,0.0001931258554903507,26.391335631425058,0.00017386821229640128,0.0,59.11203487122065
3301,5114,14.001368925393566,1051950.0,22.023649215698242,30.10013744354997,2280481.0,8.623600006103516,359649.95593534224,31468.07741357129,34.18888311567491,2.9914042885661187,19.33259391784668,27.001201629638672,128,128,26349.35803527037,8228.035623244614,2.5048108783944456,0.7821698391791069,1881.912988342296,587.6593686722908,82.52263396811006,25.76909733833743,18.727827072143555,27.35142707824707,52,52,11177.055623167362,3809.3387792959757,1.0625082582981475,0.3621216578065474,798.2830595154242,272.06902407857945,35.00503005793182,11.930335051183476,0.021768920546095027,0.0
3302,5114,14.001368925393566,81382.0,14.593823432922363,1.0013744354997054,196736.0,12.486703872680664,33996.900640502994,0.0,41.774471800278924,0.0,15.56506061553955,26.536354064941406,128,128,1294.1519124364272,79.0117320256263,1.5902188597434654,0.09708747883515556,92.43038443828804,5.6431433559562,46.98193743813437,2.868383699961471,14.595928192138672,27.082632064819336,52,52,585.2239875949473,0.0004402595395762172,0.7191074040880628,5.409790120373267e-07,41.797626411625835,3.1444035359838354e-05,21.245540425558026,1.5982857921193045e-05,0.0,79.37904805080879
3303,5114,14.001368925393566,87254.0,20.30492401123047,38.20930689181229,194910.0,11.72403621673584,12063.285485906528,2361.7802091577078,13.825481337138157,2.706787321105861,15.718769073486328,25.941099166870117,128,128,1611.487723541557,534.0755342183046,1.8468926622751471,0.6120928945587647,115.0950119326464,38.144522658043755,59.05033704409543,19.570326129005057,14.747260093688965,26.471296310424805,52,52,700.6253519083998,251.79748724378666,0.8029721868434682,0.2885798785657811,50.03977508497126,17.98377634254851,25.67327232310875,9.226707886998362,0.011188844239201409,0.0
3304,5114,14.001368925393566,78321.0,21.762760162353516,25.0147260946397,175735.0,8.306787490844727,23904.10286482722,964.1208184431677,30.52068138152886,1.2309863490547461,19.45988655090332,26.90391731262207,128,128,1603.4569511726736,287.83152647131965,2.047288659711538,0.3675023639526048,114.52144141881483,20.557384638961576,65.16712175651682,11.697945565175734,18.910118103027344,27.21690559387207,52,52,670.612997776036,135.0813661056658,0.856236510994543,0.17247145223588284,47.89624509927594,9.647725649216746,27.25481270052974,5.489928386045321,0.0042430166411032135,0.0
3305,5114,14.001368925393566,61567.0,26.004072189331055,98.9986255645003,177767.0,9.511100769042969,0.0,56109.77117044715,0.0,91.13611377921151,16.953067779541016,25.54694938659668,128,128,417.7481572189997,1289.8518650344822,0.6785260890070974,2.095037706944438,29.836236688353473,92.1232682252336,16.78390066117641,51.82248011455084,16.490337371826172,26.00143814086914,52,52,0.05029125765713399,487.0666975419902,8.168541208298925e-05,0.7911165032273624,0.0035918814742409446,34.78707690207507,0.0020205558254574496,19.56891712301781,329.9002908044072,0.0
3501,5114,14.001368925393566,1431079.0,20.739852905273438,31.96544276457883,3742255.0,11.135871887207031,493181.85049361526,58343.17492947375,34.46223796824741,4.076866121959288,17.151166915893555,26.787904739379883,128,128,32704.222834130716,15581.121778221841,2.2852842389644956,1.0887674110389323,2335.7875225197977,1112.8284570777332,62.41657830692451,29.73684201311063,16.135177612304688,27.27104949951172,52,52,13339.677686526917,7343.5277764033235,0.9321412505198468,0.5131462187903899,952.7409610879853,524.4864138309179,25.45900696473076,14.015250532925144,0.0,0.49997572487993325
3502,5114,14.001368925393566,205329.0,19.71002197265625,30.53210288631455,512337.0,13.178401947021484,73234.24660667556,10201.250369196203,35.66678189962234,4.968246262922531,15.186665534973145,26.47931671142578,128,128,5318.676506501473,2701.1732647291838,2.590319198214316,1.315534222992945,379.86832107932406,192.92208348500867,74.14422949724968,37.65530958822195,13.991004943847656,27.16940689086914,52,52,2302.565532355031,1234.909643882123,1.1214029836774304,0.6014297268686464,164.4528863302063,88.1992075533722,32.09857697769365,17.215076707981698,0.15773766536842213,0.0
3503,5114,14.001368925393566,110250.0,20.6495361328125,24.366777930492834,254512.0,15.136748313903809,37580.0983866035,2476.823680317268,34.086257040003176,2.2465520909907193,15.698209762573242,28.376632690429688,128,128,3378.929350482484,844.27042713944,3.0647885265147248,0.7657781652058413,241.32849926940307,60.299134437364195,94.8200867815282,23.692059485354008,14.227316856384277,29.364065170288086,52,52,1495.9765882587049,405.228849482583,1.3568948646337458,0.36755451200234285,106.8450232423723,28.942087851684285,41.98034797666605,11.371600494941017,6.981700037052651e-06,0.0
3504,5114,14.001368925393566,88562.0,13.92859935760498,1.0013744354997054,201342.0,15.791069030761719,48888.11052839258,0.0,55.202130178171885,0.0,15.56707763671875,28.786890029907227,128,128,2830.164458080353,75.97164041498462,3.195687154852367,0.08578356452539986,202.13483932613394,5.426015186072181,100.39377741660157,2.6949246486436915,13.93984603881836,29.730915069580078,52,52,1285.975814112022,4.6148052589099856e-05,1.4520627516451998,5.210818702050525e-08,91.84643451396481,3.2959671897083933e-06,45.61712633924606,1.6369993293542298e-06,0.0,89.6563400946614
3505,5114,14.001368925393566,74654.0,14.198602676391602,1.0013744354997054,175905.0,16.57318115234375,36981.57257933779,0.0,49.53729549567042,0.0,16.084505081176758,29.883886337280273,128,128,2416.3312115719277,30.363403996048184,3.2367069568568696,0.040672172952619,172.57821177681788,2.168602524356003,98.1087585781063,1.232825971038915,14.211348533630371,30.784530639648438,52,52,1093.9783451909661,0.0004830506200644116,1.465398163783543,6.470525625745595e-07,78.13367043038726,3.4500242271905816e-05,44.41810660890097,1.9612996942614377e-05,0.0,35.508305021621986
3506,5114,14.001368925393566,63530.0,23.17836570739746,26.64441390143334,153247.0,15.495965003967285,23375.569685942526,3743.8666867460615,36.79453751919176,5.893068922943588,17.252243041992188,29.930444717407227,128,128,2172.460230967527,1139.923024100687,3.419581663729777,1.7943066647264079,155.16055912414728,81.41511234899802,101.24867640093919,53.12672505758549,15.196772575378418,30.692737579345703,52,52,1003.5312163234726,549.4697623061404,1.5796178440476507,0.864898099018008,71.67379287488235,39.24400287100465,46.77011156817579,25.608333521050756,0.09131857626596475,0.0
3507,5114,14.001368925393566,134367.0,15.494109153747559,1.0013744354997054,323400.0,15.124460220336914,82352.10266723842,0.0,61.2889345354428,0.0,17.877145767211914,29.688003540039062,128,128,4587.489346619465,208.9464006011524,3.4141488212280287,0.15550425372387,327.645773142894,14.923283695653287,101.31285502253988,4.6144971229602,15.503719329833984,30.6281795501709,52,52,2210.99283074503,0.019368759196152448,1.6454879775131022,1.4414818516564668e-05,157.91261858224917,0.0013833475354702155,48.828886389069005,0.000427751247826288,0.0,174.30936746441532
3508,5114,14.001368925393566,182077.0,21.691328048706055,22.97270763793442,445221.0,13.623370170593262,57111.892411532535,3070.1524603137696,31.366890058344843,1.686183570859455,17.65135955810547,28.308870315551758,128,128,5934.482581703995,1214.564100890036,3.259325769704023,0.6670606945907698,423.8501687460665,86.74609656826078,95.19994985547999,19.483828608322785,15.638104438781738,29.261474609375,52,52,2747.9628145073293,623.0728201261452,1.5092311574264348,0.34220292520535006,196.2638674225268,44.50085012731219,44.08234728876823,9.995227118063207,0.0,0.002580813378985708
3509,5114,14.001368925393566,84664.0,22.38074493408203,37.286471627724325,203839.0,14.957586288452148,27252.543491990327,10390.998820912311,32.18905732305387,12.273219811150325,16.349519729614258,28.318941116333008,128,128,2576.8243126815028,2013.3692305840482,3.043589143770083,2.3780700540773507,184.04088388872094,143.79802727235503,90.28737576652208,70.54490420005742,14.525375366210938,29.482961654663086,52,52,1176.9708546467514,937.5696837336278,1.3901668414517994,1.107400646949858,84.06112723107664,66.96271548371286,41.23898136817618,32.85078688754991,0.0,0.21308554085932507
3510,5114,14.001368925393566,462075.0,19.931411743164062,27.154918515609662,1207648.0,14.175445556640625,158739.90154310112,13887.171269339702,34.35370914745466,3.005393338600812,15.317134857177734,27.006778717041016,128,128,13474.05455876527,4484.53769003175,2.9159886509257738,0.9705216014784936,962.3383706666044,320.2928023629442,79.68699245695802,26.52203310591697,13.77349853515625,27.948944091796875,52,52,6025.215687024775,2164.136270760769,1.3039475598170807,0.46835173310842804,430.3304711939381,154.5660486694116,35.63376672622636,12.798932194597398,0.0,0.3137067949831809
3511,5114,14.001368925393566,158476.0,17.476701736450195,1.0013744354997054,430862.0,9.323122024536133,87067.83876810601,0.0,54.940709487938875,0.0,18.09267807006836,26.47715950012207,128,128,3691.973092689408,64.51026235496667,2.329673321316419,0.04070664476322387,263.6865803881123,4.607425366670234,61.19977635254729,1.0693505964021506,17.478254318237305,26.801376342773438,52,52,1499.1889535237633,0.00018143311113165035,0.9460037819756703,1.1448617527679292e-07,107.07445547019057,1.2958240876189927e-05,24.85121813253213,3.0075153706267735e-06,0.0,76.873547904372
4101,5114,14.001368925393566,224601.0,18.399295806884766,39.68191635578245,624156.0,15.063179969787598,42532.362900728,15336.164411677653,18.93685375431454,6.828181714096399,12.01624584197998,24.8349552154541,128,128,4419.587085168883,3404.7869135063856,1.967750404125041,1.515926871877857,315.6539270351847,243.1752874771622,50.57292199949768,38.960658469543226,10.491229057312012,25.55440902709961,52,52,1789.3641639225302,1542.8512651652081,0.7966857511420387,0.6869298289701329,127.79922973654756,110.19288709456244,20.475526909386044,17.65470284585303,0.2741372950533616,0.0
4102,5085,13.921971252566735,27792.0,18.729814529418945,46.465244865718795,64783.0,16.980690002441406,4762.381956064954,3824.1138226784788,17.135801511459967,13.759764762084338,9.739578247070312,24.036231994628906,128,128,743.2403417429216,666.4561700183361,2.6742959907272654,2.3980144286785268,53.38614254112136,47.87081929187754,82.40764172872723,73.89410692909796,7.751542091369629,24.73223114013672,51,51,319.9107239389173,279.4311247149703,1.1510892484848778,1.0054372650941648,22.978838135435502,20.071232704452882,35.47047548806864,30.982252604005495,0.0,0.08671708193460857
4103,5114,14.001368925393566,125684.0,19.518360137939453,28.843510700962106,346958.0,19.487241744995117,54918.013257497165,15947.557398925332,43.69530987038697,12.688613824293729,10.82142162322998,27.765830993652344,128,128,3561.8303428175996,3457.9865198416182,2.8339568623035545,2.7513339166812147,254.39157855184362,246.97488783186373,73.32056864284543,71.18293506184142,9.08685302734375,28.574094772338867,52,52,1595.0221233522761,1422.5064309995564,1.269073329423217,1.1318118702456608,113.9190126230776,101.5976679551404,32.83366073792148,29.282411114642233,1.6158521378313726e-05,0.0
4104,5114,14.001368925393566,132155.0,20.698575973510742,26.546239937168664,347806.0,17.79037857055664,51647.414731434816,9077.823121812344,39.08093884562432,6.869072771981645,13.397528648376465,28.5260009765625,128,128,4087.875986610242,2585.406152147562,3.0932435296509717,1.9563438024649555,291.962593685841,184.65381248961614,83.94409345607637,53.09103709815705,11.535338401794434,29.325716018676758,52,52,1764.384569407329,1124.0683726540883,1.3350872607221287,0.8505681757437011,126.01514743371665,80.2827479686949,36.231447253272414,23.082623062481645,0.0,0.0005376605546505559
4105,5114,14.001368925393566,148349.0,20.06287384033203,30.237580993520517,365946.0,16.18204689025879,42500.802356608365,6280.575590713396,28.649200437217885,4.23364875443272,13.536898612976074,27.39316177368164,128,128,4408.304068752185,1806.9633910711973,2.97157653152511,1.2180489191509194,314.84807608755096,129.05619448352655,86.03675845276379,35.266458571353844,12.055889129638672,28.23793601989746,52,52,1912.7258862197036,874.692656623772,1.2893419478524988,0.5896181683892524,136.60991981653243,62.47193837149643,37.33062250073301,17.071354345039,0.0,0.08154646113686422
4106,5114,14.001368925393566,61836.0,17.638988494873047,35.146279206754365,143471.0,16.233917236328125,17625.08919940173,5857.260477687968,28.50295814639001,9.472249947745597,10.791122436523438,24.478557586669922,128,128,1309.4428042052552,1293.8699140625326,2.117605932151587,2.092421751184638,93.52248420726818,92.41024366666798,65.1856362660525,64.41039908181304,8.950596809387207,25.184513092041016,52,52,550.2234955415652,585.15412106894,0.8898109443391635,0.9463000858220777,39.297835695454964,41.79263643340445,27.390786776041825,29.129675288667706,0.1516824180375149,0.0
4201,5112,13.995893223819301,58786.0,21.504066467285156,59.00608917697898,201318.0,10.441691398620605,11982.194752718378,17365.1930818553,20.382735264720132,29.53967455151788,16.432573318481445,25.690738677978516,128,128,1306.7181327232283,1478.2224330563668,2.222838996909516,2.5145824397924113,93.36439710038324,105.61829884073512,46.37657690836549,52.46341551214254,15.70259952545166,26.144290924072266,52,52,500.57382954540003,597.0899509468303,0.851518779208315,1.0157009338053793,35.76576510983125,42.66179667123039,17.76580589407368,21.191248011221248,0.0,0.0017770001030277178
4202,5114,14.001368925393566,59343.0,18.70900535583496,37.93441979187119,171609.0,10.982410430908203,14581.41801167666,2661.270928294164,24.57142040624279,4.484557451248107,14.973735809326172,24.60527992248535,128,128,1462.7394716761903,592.6313863493274,2.4648896612510156,0.9986542411899085,104.4711756022152,42.326674592118074,60.87744558980892,24.664600686512987,14.271516799926758,25.25392723083496,52,52,630.7448058847225,277.62008324188935,1.0628798778031487,0.4678227983787293,45.04879553175497,19.828067149804475,26.25083505629365,11.554211696242316,0.0,0.022719493638040694
4203,5050,13.826146475017111,25971.0,15.706273078918457,42.13561344203619,60609.0,18.01742172241211,4091.996322533637,1525.9455912734547,15.756021418249727,5.8755750308939,7.149168968200684,22.569196701049805,127,127,633.3441229402948,350.8958562892108,2.438658977090966,1.3511064506149584,45.80771107008766,25.37915079398698,75.5790576813471,41.87356794203333,5.337717533111572,23.355138778686523,51,51,263.63553714359557,160.67813697177212,1.015115078909536,0.6186829038996269,19.067897018158074,11.621324659195993,31.460504245504914,19.17425573627018,0.0,0.00837593769444765
4204,5114,14.001368925393566,67183.0,17.85448455810547,33.2220695071667,204108.0,19.435771942138672,13679.550462487616,3668.631769389399,20.36162490881267,5.460654882022832,8.776541709899902,25.649911880493164,128,128,1798.6317654982847,933.660401635959,2.6772126363786746,1.3897271655567018,128.46113655616904,66.68350834914628,62.93782534548819,32.67069803689531,7.057056427001953,26.492828369140625,52,52,784.1472776360047,422.2116318168073,1.1671810988434643,0.6284501016876402,56.00504363640022,30.155025131225827,27.43892627256169,14.774053506587604,0.0,0.017411923329509187
4205,4702,12.873374401095141,13114.0,23.80181884765625,98.99594103823969,34441.0,18.133167266845703,0.0,11677.326252342358,0.0,89.0447327462434,7.550248622894287,23.07817268371582,118,118,117.81419746865231,348.24379643727553,0.8983849128309617,2.6555116397535117,9.151772782948798,27.051477381691807,26.57232015025347,78.54440167733749,5.666877269744873,23.800045013427734,48,48,0.0130924910635326,132.7022274519917,9.983598492856947e-05,1.0119126692999214,0.0010170209189611405,10.308270645861327,0.002952936671296247,29.930230381990437,96.64249452073314,0.0
4206,5114,14.001368925393566,73047.0,20.593616485595703,56.54820341645396,207248.0,14.768096923828125,9715.983149118923,13467.4396651305,13.301002298682935,18.436677296987554,12.5406494140625,25.362695693969727,128,128,1778.0671982840684,1731.4015245270982,2.4341413039331776,2.370256854528041,126.99238251334688,123.65944599795124,61.27556478872987,59.66737724752531,11.196176528930664,25.96427345275879,52,52,763.5555195169126,748.4452202318569,1.045293467927379,1.024607746015383,54.53434757597816,53.45514600893346,26.31357001079777,25.792840465979626,0.0,0.1761085771952446
4207,5114,14.001368925393566,101591.0,22.091276168823242,62.37973689377577,305060.0,13.00378704071045,14080.96272183434,25472.813787798765,13.86044307255007,25.073888226121177,14.835417747497559,26.07845115661621,128,128,2530.5215039197014,2609.965306913857,2.4908914214051454,2.569091068021633,180.73386376743665,186.4078663180067,59.24534969102362,61.10531250180512,13.562111854553223,26.565898895263672,52,52,1118.8628776264468,1074.1319716433459,1.101340549484154,1.0573101668881555,79.91096324854512,76.71621091957999,26.195162672439885,25.147908909585,0.0,0.07394643553593064
4301,5114,14.001368925393566,370357.0,19.35047721862793,47.28058118986845,902124.0,13.046853065490723,85008.67872990134,52230.92000696952,22.953171866577744,14.102857515038064,13.621337890625,25.03374481201172,128,128,10078.879963443784,8102.454050642582,2.721395832519376,2.1877415711442154,719.8496102166292,578.6901333588587,79.79497388569966,64.14751556979513,12.627840995788574,25.674694061279297,52,52,4185.358806303261,3454.425412141118,1.1300876738669072,0.9327285327781352,298.9249714513622,246.72054786557362,33.135685499040285,27.348850919116842,0.0,0.05670128751148034
4302,5114,14.001368925393566,99158.0,20.104881286621094,64.14686825053995,204689.0,18.671710968017578,11971.263826728587,29424.58818316804,12.072917794558773,29.67444702713653,8.78212833404541,25.68061065673828,128,128,2437.961493684101,2820.1849167897217,2.458663439847618,2.844132512545354,174.12308086979232,201.42208464165935,85.06714130695461,98.40396144475734,7.656124114990234,26.327835083007812,52,52,1083.8203697242984,1170.9156382005006,1.093023628677765,1.1808584664883321,77.40817169374267,83.62865405802363,37.81745560032179,40.856447614685514,0.0,0.0015548527234797323
4303,5114,14.001368925393566,71939.0,19.104854583740234,43.43216179069311,164205.0,22.523775100708008,16092.613219209732,11990.831788082727,22.369803888307775,16.668054585249624,8.223650932312012,27.982791900634766,128,128,2055.3629308458558,1853.5841537467631,2.857091328550377,2.576605393106331,146.79728402257507,132.38592337817857,89.39879054996807,80.62234607848639,6.5934739112854,29.11724853515625,52,52,893.9188924917361,785.4036906315931,1.2426067814283435,1.0917634254459934,63.845106664569144,56.09477864747544,38.88134141138768,34.16143153221609,0.11757488294257781,0.0
4304,5111,13.99315537303217,40500.0,6.039029121398926,1.0019646365422397,87866.0,19.117294311523438,25286.81213617803,0.0,62.43657317574822,0.0,7.078339576721191,24.237016677856445,128,128,1076.3354158308375,39.418936830360344,2.657618310693426,0.09733070822311196,76.91870683471207,2.8170155893737263,87.54092235302855,3.20603599728419,6.042568683624268,25.159862518310547,52,52,470.1725450566595,0.0018624032073513278,1.1609198643374308,4.598526437904513e-06,33.600180411259025,0.00013309387037469623,38.24025267026953,0.00015147368763195802,0.0,71.13270558698395
4305,5114,14.001368925393566,69466.0,20.66628646850586,37.600628313371296,171381.0,21.998750686645508,17799.458065713035,9622.30666883715,25.62326615281294,13.851821997577446,9.908940315246582,29.380409240722656,128,128,2033.5824866848807,1717.7766136302653,2.9274501003150903,2.4728307569606214,145.24169011764815,122.68633322809042,84.74783675999565,71.58689307921556,8.223342895507812,30.22209358215332,52,52,937.717913248154,725.4868107115713,1.3498947877352288,1.0443768328557443,66.97330227099887,51.81541994767333,39.07860397068454,30.23405158545774,0.06567541663412596,0.0
4306,5114,14.001368925393566,104552.0,18.075347900390625,38.15040251325348,269357.0,20.495908737182617,21804.74978324485,9419.069587677903,20.85541145386492,9.00898078246031,8.024532318115234,26.020469665527344,128,128,2857.8212682687126,1974.07343767346,2.733397035225259,1.888125944671991,204.11013262322004,140.99145934889154,75.77680647735906,52.343714605112005,6.485721588134766,26.981630325317383,52,52,1241.420828811448,866.2487207599542,1.1873716703759354,0.8285338594765802,88.66424671947232,61.868859064836386,32.91700112470525,22.96909271518334,0.0,0.0
4307,5114,14.001368925393566,80271.0,16.596240997314453,42.0969958766935,232734.0,19.634666442871094,21718.71020955019,14592.98943656016,27.056733078633865,18.17965322041604,6.664346694946289,23.793630599975586,128,128,1949.3608863829456,2338.8698302165476,2.4284746501014634,2.9137170711920213,139.2264496971785,167.04579692737465,59.822135870641375,71.7754161091094,5.093280792236328,24.727947235107422,52,52,783.7684845612939,931.1841127506331,0.9764030404022548,1.1600504699712637,55.977989633557414,66.50664786510926,24.052347157509182,28.57624922233505,0.0,0.33011650546779336
4308,5114,14.001368925393566,66146.0,17.782302856445312,37.93441979187119,161060.0,21.320213317871094,20144.0413528427,9002.10354847952,30.453907043272004,13.6094450888633,8.237568855285645,26.91370391845703,128,128,1896.4122017021214,1650.1492867496322,2.867009647903307,2.494707596452744,135.44477056544775,117.85628216372764,84.09584661955033,73.17538939757087,6.584262371063232,27.904476165771484,52,52,853.9709110036699,693.629967173008,1.2910393840952892,1.048634788457364,60.99195839735832,49.54015359991028,37.86909126869385,30.7588188252268,0.0,0.09030791179123812
5001,5114,14.001368925393566,82964.0,23.6544189453125,26.880031415668565,222767.0,15.644871711730957,24538.61607341201,4887.978268663437,29.577426442085734,5.891685874190538,16.993499755859375,29.561952590942383,128,128,2749.8106561265913,1591.30184630978,3.3144624850858095,1.918063071102864,196.39584320497408,113.65330452965334,88.16200029850656,51.01891417025563,14.80612850189209,30.451000213623047,52,52,1308.4599022014231,715.1472429343397,1.5771417749884566,0.8619970625022174,93.45228378550446,51.07695159987634,41.950685597734164,22.928419200274877,6.00549510775316e-06,0.0
5002,5112,13.995893223819301,46616.0,22.44348907470703,33.745825967393436,119699.0,19.77975845336914,15989.75952563166,7515.125590691933,34.301011510279,16.121343724669497,12.419437408447266,29.647727966308594,128,128,1381.3034135193725,1329.5730378324624,2.9631530236815093,2.8521817355252757,98.69348039670399,94.99736934043563,82.45138254847909,79.36354467492262,10.656781196594238,30.436540603637695,52,52,627.2188004607631,527.8449685987416,1.3455011164852477,1.132325743518838,44.81448882400112,37.71427519184084,37.439317641752325,31.507594208674124,0.3422876540985857,0.0
5003,4992,13.66735112936345,20924.0,20.34612274169922,40.87708710521022,48625.0,18.675357818603516,7159.427960621633,4655.9561295101785,34.216344678941084,22.25174980649101,10.778369903564453,27.1561279296875,125,125,635.3932236646136,539.7152335724561,3.0366718775789217,2.5794075395357297,46.48985876272038,39.48938082178277,95.60896403644294,81.21209423502883,9.399933815002441,28.075292587280273,50,50,273.9119653170853,230.0316626494061,1.3090803159868345,1.099367533212608,20.04133520273746,16.830742143969466,41.216113527480644,34.613351452893504,0.1347357741734393,0.0
5101,5114,14.001368925393566,65310.0,25.016759872436523,27.802866679756526,181879.0,12.400226593017578,11986.848180925193,1267.1019486168193,18.353771521857592,1.9401346633238696,20.036537170410156,29.844173431396484,128,128,2261.3612873839706,532.432852337701,3.462503885138525,0.8152394003027117,161.51001373034714,38.02719970988371,88.80080368285901,20.907966125766972,18.128263473510742,30.52849006652832,52,52,1047.8843804327596,268.52653228693543,1.6044776916747199,0.41115684012698733,74.84156627944182,19.17859130187782,41.1490970807195,10.544698014546935,0.08262414495262597,0.0
5102,4825,13.210130047912388,15900.0,19.97514533996582,20.462114904246462,41358.0,13.664165496826172,7356.90572363821,820.9505082084613,46.26984731847931,5.163210743449442,14.409305572509766,25.98082733154297,121,121,430.6849275883406,263.0093307734973,2.708710236404658,1.6541467344245113,32.602625865625164,19.9096700652891,78.83027676779622,48.13982800253663,13.075780868530273,26.739946365356445,49,49,194.35712188339687,114.31782227479901,1.2223718357446345,0.718980014306912,14.712733423401183,8.653799914170019,35.57409309783158,20.924125717321967,0.0,0.0050931042132113845
5103,5087,13.927446954140999,30699.0,23.085716247558594,1.006711409395973,100092.0,6.361179351806641,11275.850068915643,0.0,36.73034974727399,0.0,23.520095825195312,28.996440887451172,128,128,779.7232258150491,6.690186987889301,2.539897800628845,0.021792849890515328,55.9846487574104,0.48035989725310935,55.933190222405784,0.47991837235054685,23.08582878112793,29.44700813293457,51,51,309.2381511031395,0.0,1.0073232063035913,0.0,22.203505934818498,0.0,22.183097485132176,0.0,0.0,18.230373178897217
5104,4630,12.676249144421629,12716.0,23.367578506469727,1.0197439791711869,42896.0,7.006862640380859,10985.332770460296,0.0,86.38984563117566,0.0,23.783376693725586,29.90985870361328,116,116,383.9515620149175,39.54749263119342,3.0194366311333556,0.3110057614909832,30.289051409492142,3.119810298821468,70.61043316274744,7.27296321060581,23.370346069335938,30.377208709716797,47,47,147.99445292474212,0.0,1.16384439229901,0.0,11.6749403738147,0.0,27.216850927393462,0.0,0.0,58.63493474281754
5105,5012,13.722108145106091,23159.0,24.520092010498047,39.01021839310759,64254.0,11.131843566894531,5900.479563170322,1546.3177412053283,25.478127566692528,6.676962481995459,20.611282348632812,29.102468490600586,126,126,825.7170547058629,435.53800996297457,3.5654262045246465,1.8806425578089494,60.174212735697616,31.739875925573916,93.6505318512429,49.397509766822175,18.789091110229492,29.920934677124023,51,51,422.9862922554264,196.46062851272188,1.8264445453405866,0.8483122264032207,30.825168245469772,14.3170879018898,47.973928853409554,22.28201808741837,0.0061922588474518725,0.0
5201,5114,14.001368925393566,195030.0,23.666845321655273,26.271352837227568,522686.0,8.998649597167969,38115.719598310854,1414.0877176305696,19.543516176132314,0.725061640583792,21.508960723876953,28.982818603515625,128,128,5818.916157854449,510.4984926923479,2.9836005526608464,0.26175382899674304,415.59623125857206,36.46061291667581,79.51164394274423,6.97562454641521,20.75828742980957,29.75693702697754,52,52,2587.6765343914326,271.03811726000987,1.3268094828443997,0.13897252589858475,184.81596679438223,19.357972688544898,35.35888981039902,3.7035567603771473,0.0505127399071112,0.0
5202,5071,13.883641341546886,26586.0,18.165346145629883,1.00990099009901,70879.0,12.00560188293457,22870.24235417813,0.0,86.0236303098553,0.0,20.14242935180664,29.201610565185547,127,127,851.937275870753,122.27073962921838,3.2044582707844467,0.4599064907440697,61.362668115123746,8.806820676310789,86.57383444338062,12.425148035822723,18.174274444580078,30.17987632751465,51,51,374.9952693560461,0.0,1.410499019619522,0.0,27.009864352651515,0.0,38.10700539320746,0.0,0.0,155.91166262128115
5203,5102,13.96851471594798,33641.0,16.66130828857422,1.0037394213737454,88346.0,12.75721549987793,24583.354570502088,0.0,73.07557614369992,0.0,19.01134490966797,28.394113540649414,128,128,1146.7535206652387,152.30325201045235,3.4087973623413057,0.4527310484541255,82.09559455566023,10.903324734774152,92.92508382457636,12.34161675092721,16.684940338134766,29.442155838012695,52,52,557.9716608421211,0.03208174312014935,1.658606048696891,9.53650103152384e-05,39.94495278764891,0.002296718281974628,45.21421772083502,0.002599685647312417,0.0,193.3124038921303
5204,4987,13.653661875427789,20794.0,20.170429229736328,1.0068465565847764,56990.0,10.412845611572266,16948.9547376206,0.0,81.5088714899519,0.0,21.754671096801758,29.690418243408203,125,125,725.6570717467966,93.4272617495125,3.4897425783725913,0.44929913316106806,53.14743241538349,6.842652366955973,93.25747046040269,12.006759724435819,20.182340621948242,30.595186233520508,50,50,337.9702819209869,0.0,1.6253259686495474,0.0,24.753087120842284,0.0,43.43408864860903,0.0,0.0,120.63030852008657
5205,5096,13.952087611225188,30767.0,22.571346282958984,1.0049261083743841,86487.0,7.9601898193359375,21115.324186053454,0.0,68.62977926367034,0.0,22.995498657226562,30.001264572143555,128,128,795.2085825762986,42.08372940869393,2.584615277980624,0.13678203727595775,56.9956700914429,3.016303407873912,65.90085225692057,3.4875801078473203,22.573793411254883,30.53398323059082,51,51,289.1152504019431,0.0,0.9396926915264509,0.0,20.722006516740525,0.0,23.959677774394446,0.0,0.0,72.98571380820313
5206,5106,13.979466119096509,43884.0,22.809316635131836,29.655850540806295,139029.0,8.85739517211914,11819.304919381388,993.6375125973566,26.93306198017817,2.2642364246590025,20.42747688293457,27.945236206054688,128,128,1223.8590758091646,335.6515656325485,2.7888503231454846,0.7648609188600595,87.54691097518554,24.010327917604453,62.97025151240787,17.270014110440595,19.85769271850586,28.715087890625,52,52,515.9655463716151,160.7580228168025,1.175748670065662,0.36632490843314763,36.90881625778152,11.499582419474562,26.547566520496815,8.271355198897037,0.0,0.06638972062177334
5301,5114,14.001368925393566,111550.0,18.09685707092285,1.0013744354997054,365090.0,9.339164733886719,88375.74815383647,0.0,79.22523366547419,0.0,18.662612915039062,26.495737075805664,128,128,3024.692229002215,263.74720130933673,2.711512531602165,0.23643854891020774,216.02832159621803,18.83724389484459,59.171251361641794,5.1596165041070945,18.099857330322266,27.439022064208984,52,52,1253.9291180419682,0.045410154258838965,1.1240960269313922,4.070834088645358e-05,89.5576085969552,0.0032432653193275192,24.53028255963056,0.0008883467964960748,0.0,523.9099432453339
