region_code,n_obs,n_years,mean_deaths,dispersion,rr_p1,rr_p1_lower,rr_p1_upper,rr_p1_p,rr_p5,rr_p5_lower,rr_p5_upper,rr_p5_p,rr_p50,rr_p50_lower,rr_p50_upper,rr_p50_p,rr_p95,rr_p95_lower,rr_p95_upper,rr_p95_p,rr_p99,rr_p99_lower,rr_p99_upper,rr_p99_p
1101,5078,14.940451745379876,6.604962583694368,1.056921957335911,0.9999996959478876,0.9999993071644317,1.0000000847314947,0.12531585208180185,3.469762689059096,0.707021132237444,17.028137589448143,0.12531585208180274,11.823196964202058,0.7220225181530564,193.60613130445907,0.08333319635911196,80.46916853652979,3.9178040464268125,1652.7848274765415,0.004433453671844889,74.86741673384437,0.9762712001105592,5741.3658087674385,0.05127704691676227
1102,5088,14.940451745379876,6.831564465408805,1.0369790883023684,3.625253673864615,0.2737341984469847,48.01177300619326,0.3285249695647843,1.898114574032109,0.4839050085813754,7.445343346859007,0.3580707306425088,1.197012262079815,0.7838022067340965,1.8280611399905426,0.40517873418039674,6.156219271207206,0.6182157815351662,61.30389557683455,0.12116895261308724,3.6049463954663867,0.0894702535306136,145.25094097044706,0.4965155164738815
1201,5002,14.937713894592745,4.524990003998401,1.0305274131636835,14.127980173736333,0.04121963297803841,4842.348399750007,0.37388366269036455,8.069196189102572,0.06715805824300898,969.5326047489688,0.3927597801140408,2.4729112874266304,0.09034089327425163,67.691274835169,0.591822487636342,3.698579439663408,0.38892308945188375,35.17273785616492,0.2550395322408052,69.64439551853448,0.15843537974982153,30614.007015358788,0.171740438239383
1202,3596,14.863791923340179,1.7577864293659622,0.5057938770029359,1.0,0.998041919545692,1.0019619220555378,1.0,8.71300001800715,0.7221856218027247,105.12030013044243,0.08841208910888843,41.86602630165596,0.356495714038841,4916.648613901659,0.12458284501320604,1.9091174983332866,0.008806557055055588,413.86544135883537,0.8137217572643176,63.39945900720263,0.03581039736844455,112243.69729970847,0.2768424738251918
1301,5093,14.940451745379876,19.545650893383076,1.9233343384532722,1.607083525370204,0.16283487332066657,15.86096027741087,0.6846293902521654,1.4016292418563987,0.2685246608411328,7.316141934499039,0.688806179664325,1.0856909860458184,0.4484958956651105,2.62817325325378,0.8553666368102697,2.0755660364018613,0.5502350325907381,7.829334950159706,0.2810140647491677,12.75336117411943,0.5190611939604562,313.3507631278019,0.11910174828292197
1302,4362,14.910335386721425,2.4837230628152223,0.7684266879341932,17.386158990028427,0.14066213571939165,2148.9686821588202,0.2452617898847511,40.51802520387502,0.9396049817269776,1747.2346340740096,0.053909682320369745,52.580416877577775,1.4865618347976577,1859.7949808096491,0.029412051821883223,1.014476218345563,0.7928825773042509,1.2980005199354967,0.9089985382471328,4.157001978512502,0.042381643445280934,407.73939008920155,0.5425499432081902
1303,3727,14.907597535934292,1.8803327072712637,0.5437715916578055,17.976246616131835,0.011724446415601915,27561.680180820866,0.4401289808886837,28.311123885464962,0.03330624023205332,24065.15205780497,0.3313174937483956,49.829655084429255,0.07250048415609495,34247.97164784787,0.24092263702735117,6.898177101212611,0.05150774219327824,923.8387336244732,0.43956269738690446,0.9999982557494683,0.999993568857869,1.0000029426630346,0.46574379863365056
1304,4611,14.934976043805612,2.7154630232053782,0.7930096752420756,14.777618365143688,0.0047053494257804866,46410.581826154,0.5121214119010293,10.00660962367138,0.005154097058588808,19427.697038357463,0.5510057248553264,3.882754493385701,0.0035308107068311623,4269.779296505275,0.704181361563265,6.0064567929465795,0.029199808287061965,1235.539728578272,0.5094328717052157,0.9999992529115946,0.999997081646709,1.0000014241811945,0.5000599410400057
1401,4631,14.934976043805612,3.038220686676744,0.8473810710044642,3.115124809100705,0.0011525640442272783,8419.490981761995,0.7780683328227915,2.6260471098967098,0.00149990514357417,4597.706363593019,0.7999600248947427,1.61713884853152,0.0015839265958031553,1651.0475058371012,0.8918425456381807,1.347168859262259,0.007931843244276964,228.80733764821298,0.9094362459486911,1.0000009643778809,0.9999843505282465,1.0000175785035397,0.9094197302008682
1402,1639,14.743326488706366,1.2477120195241,0.19743092579719423,0.9999978471988049,0.9999955799917941,1.000000114410956,0.06273117412079698,4.360567928563226,0.9247224957166325,20.562441973338682,0.0627311741207972,112.37790843731352,0.5901167039967369,21400.50301781501,0.07788956482704545,4.839854081028187,0.007709528466077974,3038.34243932193,0.631398927340892,172.4562909564938,0.027128961115807673,1096288.654899545,0.2490454822035062
1501,5093,14.940451745379876,28.18869035931671,2.4286314159695084,1.0000001940605092,0.9999997687177155,1.000000619403484,0.37119347681217363,1.363313186276269,0.6911753088162117,2.689075868549254,0.37119347681217363,3.646840670481736,0.3348269828185354,39.72035576083638,0.28825293489019366,10.12700992832222,0.4465799344021824,229.6483164332599,0.14600215903187097,12.771415892337576,0.19553203244266426,834.1807828488728,0.23224242582421217
1502,5092,14.940451745379876,10.770620581304007,1.2252494181863969,2.3654800409057914,0.0752847871463814,74.32438924272915,0.6244894088991393,1.9615857844235995,0.11813976635370806,32.57005586190561,0.638348544247286,1.1432763645594715,0.22995981854537595,5.683953196816456,0.8700131280690926,2.0487673169623326,0.3987506732793089,10.526496380641571,0.390374730208348,10.008192607179991,0.09872757526936662,1014.5485593981892,0.3283431308371827
1503,5084,14.940451745379876,7.138670338316286,1.0671233025865663,2.8077823789156837,0.10468463775417307,75.3084889672377,0.5384267372059774,2.150486058372126,0.1770890384612787,26.11449205120661,0.5477905522927733,1.087118145303259,0.434600171629798,2.7193405318171453,0.8582789147784111,2.543856290287371,0.2553096083674601,25.346499362142293,0.42602108285859464,10.781099199668198,0.13105317719774948,886.9079135540579,0.2905981467755101
1504,4782,14.929500342231348,3.228565453785027,0.8599176948648557,2.6274717507795655,0.05844955695446555,118.11223490578055,0.6188160002841399,1.8215974678702835,0.14431304863148792,22.993189918845776,0.642937563322336,1.0506290858662963,0.7306993558380142,1.510636990780311,0.7898006341401169,7.577807556181535,0.11918191318431937,481.8110888160929,0.3390949717867131,1.3188222337881454,0.0018701515863685748,930.0273288066871,0.9340873270976431
1505,5082,14.940451745379876,7.007870916961826,1.177128191964609,0.9999999749277115,0.9999997707791785,1.0000001790762862,0.8097757629892184,1.1118953069609876,0.4688061543050077,2.637147917724472,0.8097757629892186,2.300186921566491,0.10908380718541025,48.50270641134329,0.5922768961588423,108.20794737429853,1.4571068769008335,8035.759120060655,0.033065286937177474,3.264636001126985,0.007295272365461002,1460.9253343731605,0.7039973048113115
1506,4352,14.926762491444217,2.4283088235294117,0.7631410123915088,47.13440503329371,0.004268175220436546,520515.68248769187,0.4172532067398087,30.511529688601275,0.005027440988227623,185174.414999269,0.4418411473153623,16.095040414138644,0.006145948139811343,42149.77413407008,0.4889760851009819,229.38838903607183,1.209599491119801,43501.20301047043,0.04224410723551997,1.0000218092361917,1.0000012627286976,1.000042356165844,0.037483615326009634
1507,4439,14.921286789869953,2.542915070961928,0.7513558437643059,3.6513685195738366,0.008847217760684221,1506.970035821039,0.6734131569419037,4.148121015971215,0.017807120756950436,966.2936640908611,0.608960635455934,4.3880150114188545,0.040558187576403136,474.7420161259778,0.5360193020227044,1.4452956040941074,0.1434720815840616,14.559483351399328,0.7546465916335685,4.35799991023841,0.005109972588105108,3716.685929362437,0.6690011225634138
1601,4904,14.940451745379876,3.9914355628058726,0.9950458474468901,2.297219587228912,0.12203751158319324,43.24258798370107,0.5786299715125571,1.647466550697751,0.2407934499429567,11.271677183540163,0.6108713802968029,1.4167123759947688,0.6305367898632658,3.18311950795446,0.3990096851516709,5815.757163226271,13.635221567894536,2480563.386022076,0.005021960482497478,990.2517278013469,0.6357544483635541,1542417.024273499,0.06588135588974331
1602,1455,14.614647501711156,1.2006872852233677,0.1720548783512593,29863.786650008722,0.0003886075289040666,2294978060750.3467,0.26600408053912084,7217.5531315487515,0.00021510633068623958,242173594057.13486,0.3149557886595067,216.09111553686907,1.9400714643100025e-05,2406889182.846466,0.5161088446473059,29.898387838498298,2.9754252730928806e-05,30043221.16320749,0.6298937631241972,1.0000007210537487,0.9999977586620987,1.0000036834541743,0.63331333905511
1701,5009,14.937713894592745,4.418247155120783,0.9684043123897147,1.0000004160604496,0.9999996347744154,1.0000011973470941,0.296594534227812,1.5879040639773156,0.6663657520341992,3.783866905972487,0.2965945342278118,7.580843013799001,0.32688186536897407,175.8102448876926,0.20663163611905477,509.5029471470248,7.391177967260562,35122.04066812893,0.0038997679602390534,1325.9513743071961,2.2613892782183624,777463.2452543952,0.02704160570391001
1702,5077,14.937713894592745,5.932834350994682,1.011009057443935,1.0000017776200145,1.0000007084548694,1.0000028467863027,0.001119062438335483,4.896604725049304,1.8834399091509344,12.730290845426557,0.001119062438335483,176.04579715389335,7.577686896587817,4089.9186148091367,0.0012733572114334013,35.36915507225573,0.7710314461064173,1622.4722569260987,0.06773164700622569,281.75164587937707,0.7076290702008092,112183.053662861,0.06477914381098082
1703,4644,14.934976043805612,2.775624461670973,0.8209008521195199,0.999999712856768,0.999999192787998,1.0000002329258086,0.2791789724231777,1.764692079736802,0.630821254834517,4.936641104622781,0.27917897242317746,9.20565328909166,0.22305050960942263,379.9321177403136,0.24219158997281154,13.743629854759671,0.10832169620412076,1743.762959810961,0.2889089773148601,5.752873050424399,0.00529651386710939,6248.5531360199175,0.6237177142805881
2101,5093,14.940451745379876,24.464559198900453,1.5431666905136219,0.9999991755599641,0.9999979175143596,1.0000004336071513,0.198983404957624,1.6232714418074572,0.7750802192034087,3.399661233124749,0.19898340495762423,3.7869789530068223,0.3381316048381582,42.41310006315695,0.28001047261428935,3.0679883837965423,0.1740379102414246,54.08334718598649,0.4438498649243505,27.146203698616294,0.3973845250858669,1854.4163869681033,0.12557373738872468
2102,5091,14.937713894592745,10.187978786093106,1.190032935503448,2.5849311545501354,0.23200445827252766,28.800606348326866,0.4400281290917687,1.808930143432244,0.3606083880362342,9.074187879093385,0.4712887107903323,1.1721313790044252,0.7475336076611862,1.8378999359578245,0.48889104072206147,102.02249451580326,3.2359235934781303,3216.5745224037987,0.008614720660376829,156.1111286390298,2.066472622729202,11793.373992424458,0.022081798177979506
2103,5081,14.940451745379876,6.929344617201338,1.11787180167193,2.792020627396848,0.20090772736158996,38.80079321080325,0.444446005470037,1.8923290301008548,0.3262563261040209,10.975753944525001,0.476995582253253,1.1344254425728213,0.7370144508264519,1.746127342976045,0.5665073185039322,608.1080012194758,13.848530468465192,26702.8578945048,0.0008938223627594777,669.1966556109552,4.736250359933689,94552.4686932211,0.01000342275663435
2104,4957,14.940451745379876,4.180754488601977,0.960997801445047,1.0000000828671392,0.9999999760973693,1.0000001896369206,0.12820632620186867,2.215109910305404,0.7950096039245813,6.171890113667972,0.12820632620186956,17.748524521582137,0.48985342272323446,643.0701676880639,0.11632901815730623,64.21345298883661,0.42099869963047704,9794.252448686248,0.1046503543120707,368.28305680295483,0.4103194235794473,330553.2278850721,0.08852652961340568
2105,5093,14.940451745379876,10.532495582171608,1.1009529833755565,1.4058120694469107,0.15294628273484176,12.921579650476822,0.7634480920705651,1.2316312363759454,0.28598350763225605,5.304206228449823,0.7797400010290072,1.0239041082235707,0.7809787233875564,1.3423920414754413,0.8642560855338384,14.846761346505252,0.9558814987753583,230.600051117722,0.05388528504954415,77.81554605044796,1.9150632600498663,3161.910801302571,0.021235797802690914
2201,5093,14.940451745379876,17.3585313174946,1.1555152479401667,1.0749785987965286,0.23971872641696162,4.820562019258179,0.9247629356548113,1.0391935495656057,0.4314698271521816,2.502893981223555,0.9316853402202345,1.127898053000585,0.5559203070722699,2.288374793614312,0.738809485660634,9.397684523448747,0.8438856971583839,104.65454586996333,0.06845996571014545,16.291662409153876,0.5489223660564593,483.52605116210185,0.10668799144721586
2202,5086,14.940451745379876,6.989972473456548,1.0675948862300328,1.8169111095644916,0.03235869901001279,102.01788332211343,0.7713856612408598,1.7274333500714119,0.0626332575783728,47.6428353611504,0.7466984262901002,1.3474790566972807,0.14483883074126874,12.536001560805536,0.7932575544964535,1.6780416003201437,0.4019358669748614,7.005653995494514,0.4777493936574566,6.678588993777435,0.057946051819107225,769.7427097715992,0.4330287468796419
2203,5062,14.940451745379876,5.747530620308178,1.021903429883451,1.0000002259219702,0.9999995890287735,1.0000008628155725,0.48689178017650514,1.330428886076286,0.5949063044684721,2.9753273878777553,0.4868917801765045,3.6295388286026062,0.2111008107544504,62.4040810703341,0.37440674882494385,334.9672125578934,7.257084789231775,15461.17163400024,0.0029420164348405997,804.3658486427796,3.536420381371397,182954.6119208587,0.01568395381149079
2204,3963,14.921286789869953,2.0073176886197324,0.5784088595307771,1.000000530305066,0.9999998672446684,1.0000011933659037,0.11698001302561467,2.5500811651395767,0.7910868885630523,8.220227187195148,0.11698001302561467,36.58523897488966,0.6333081506070395,2113.473053468243,0.08198492980143968,1921.546267274421,10.955948332110129,337016.92864456144,0.004129817759734866,4135.695512992776,2.07171158099078,8255964.552753397,0.03172424738562185
2205,4001,14.913073237508556,2.0302424393901526,0.5904963756227865,2.1288162745178116,0.015633085460862308,289.8889500730665,0.7631326952713127,5.374251879077665,0.05622979324657764,513.6526668898558,0.46979493994023436,56.4324099718149,0.703178843775128,4528.886105460557,0.07145011587458283,1.555232370771712,0.2598157822910116,9.30947191032081,0.6285795228586861,10.980126825963577,0.02135332217047429,5646.109029392638,0.45187103058669775
2206,4733,14.934976043805612,2.956264525670822,0.8262486690080548,3.366316334769087,0.03798985228015309,298.29243825866,0.5957362558943422,2.6627099515175114,0.06254761119163833,113.35403784146784,0.6088534335089708,1.438679363269515,0.08476801652509791,24.41720822481149,0.8012189452715708,3.153690505850677,0.14751604671408866,67.42157228473788,0.46227070802235426,11.140570316665514,0.0226419356522103,5481.523703935303,0.44591829686054796
2301,5093,14.940451745379876,51.038484193991756,2.22190423254748,1.1908295389841173,0.2808718721928802,5.048832337128104,0.8126749513918932,1.0999892759152872,0.4644399499743771,2.6052375709613087,0.8284918407339097,1.0927793544876068,0.7505221466600747,1.5911145632524692,0.6434679080697232,4.421750111961963,0.7861592863465093,24.870117789358403,0.0916101426065068,3.3852415654919117,0.20194017930716046,56.74878816118684,0.39655961655211325
2302,5093,14.940451745379876,10.690752012566268,1.0406291144734792,2.441583961462166,0.25680789763383144,23.21319669603474,0.437230384481198,1.6244690508222188,0.43184225452038594,6.110795480192331,0.4728997612859107,1.322336272958056,0.8346001084828378,2.095103033187011,0.23406092228192543,28.143647216359124,2.7828235757429507,284.62633619431494,0.004699389014293898,16.087797009761015,0.3830492919345629,675.6759980422828,0.14517253619108295
2303,5072,14.940451745379876,6.195583596214511,1.0218678459690729,2.758176073058044,0.09739003937168808,78.1140997484949,0.5520206350890773,1.9705722128225853,0.18482345436579964,21.010076125203362,0.5742767159210334,1.0001217347697364,0.9897730739700586,1.0105785969169383,0.9816996957030615,7.5215158663482935,0.3219612348134448,175.71432461584868,0.20945520832899867,10.490419396281391,0.10933128133988608,1006.5637003536053,0.31276486322098895
2304,5093,14.940451745379876,12.654034949931278,1.0815303966602499,0.9999998637066707,0.9999994056804152,1.000000321733136,0.5597381945164797,1.196462791534052,0.6548045824901719,2.186183862796871,0.5597381945164783,2.034645732879635,0.22724794203450094,18.21703299604272,0.525342688547519,8.998564898862279,0.48361217046328436,167.4361713466923,0.14076233815662387,27.4229543615594,0.5302315200058398,1418.2831414999375,0.09999968306585028
2305,5053,14.937713894592745,5.099544824856521,1.00204445758002,0.9999995912756207,0.9999983160396456,1.0000008665132218,0.5298750519068922,1.3976373940543345,0.4917649741106307,3.9722029589271712,0.5298750519068922,4.570821781218311,0.09626636031376735,217.02712855834267,0.4403562593071224,20.540364199662587,0.19667353082474756,2145.2127273330652,0.20254381207263883,6.863022972351811,0.010768811542911134,4373.842380966748,0.5587810614961635
2306,5093,14.940451745379876,15.486746514824269,1.132818672193762,1.0209211798748559,0.012747875152044478,81.76108120653417,0.9926126061677016,1.4312521176489308,0.0301299948570678,67.98815047902414,0.8555634755367132,3.44199538367021,0.11961565498384495,99.04499726902067,0.4708280873771,4.057123395169836,0.3920754401481815,41.9823548177703,0.24012853065462503,1.0000035592262373,0.9999976312853456,1.0000094872022696,0.23927033733988567
2401,5093,14.940451745379876,22.58766935008836,1.2361886262790704,4.815676139274428,0.37665889150590515,61.569598385581976,0.22666388184315722,3.0851834210365277,0.4660463687606401,20.42362601547755,0.24269092855551833,1.0030185728510461,0.9420458661873328,1.0679376595067926,0.9249540085359034,4.721155113076569,0.9306410320764256,23.950486636074515,0.061034861581113375,11.25192827177748,0.680546376369949,186.0356534532507,0.09081447211828841
2402,4990,14.940451745379876,4.191182364729459,0.9743313805472101,1.0000000738402388,0.9999998929477657,1.0000002547327447,0.42366953854486633,1.7157037792984773,0.457203744573333,6.438353782614163,0.4236695385448659,11.099048935290144,0.0889527378297731,1384.8802214914301,0.32836971983970287,421.74059027834926,2.431933918801669,73137.31845804965,0.02157064099825967,9870.20695040431,9.190764362196111,10599878.465443637,0.009795731222644433
2403,5092,14.940451745379876,11.012568735271014,1.0823956725410684,0.9999996318977198,0.9999992540585897,1.0000000097369925,0.05619885609902031,2.332044692011151,0.9778509791794062,5.561616812104859,0.05619885609902031,19.51320223394157,1.296334271463377,293.72444268782056,0.03174518084659428,208.52307101946042,10.213317039160335,4257.370155128531,0.0005206268218849175,2541.670674857893,38.81735856229408,166422.705168499,0.00023790537996060124
2501,5093,14.940451745379876,23.439033968191637,1.1659833706048135,19.0346341209187,1.0727220650727431,337.75505129809466,0.044660293590012445,9.119012327621888,1.010012704285358,82.33201966519609,0.048967511522736595,1.064286249495972,0.8425932187261401,1.3443084939357364,0.6011033183450154,2.7002349227141327,0.6481680385209341,11.249040687786874,0.17243696669069952,4.232001730009525,0.3234927559363373,55.36395580471123,0.2714568286154819
2502,5093,14.940451745379876,15.579619085018653,1.0404091590551177,1.1195067685811835,0.1531664667013026,8.182570453513145,0.9114294706739019,1.0739104447568393,0.2768369920071976,4.165930409068481,0.9178864234185262,1.3468069422207896,0.4376202419522667,4.144892684858857,0.6036771040490985,6.842964480574516,0.9651562065021605,48.516667630525795,0.05429057633992085,15.98750297572203,0.9273895133761599,275.61261768877296,0.05637733314227322
2503,5090,14.940451745379876,7.87819253438114,1.0318207517573728,1.0000003719314465,0.9999998504813373,1.0000008933818276,0.1621140300529884,1.9690675049840414,0.7615623205754393,5.091148464717151,0.1621140300529884,22.99027475355844,0.7164410624722405,737.7476821613446,0.07646620256875325,827.2709611297087,17.806728169433335,38433.63231114291,0.0006028326720943777,1049.8247730092016,6.796215956670441,162168.48626507906,0.006825267710284688
2504,4999,14.932238193018481,4.195439087817563,0.9409178664480771,1.0,0.998041919545692,1.0019619220555378,1.0,1.104598495987968,0.31105901298881095,3.922528479773612,0.8777171545792986,1.8100757228014974,0.029971391640746657,109.31671647242011,0.7767182710870975,34.9160859528924,0.26436247926577394,4611.5964022418175,0.1538639073378112,69.42313266767911,0.11226942904434507,42928.6172595614,0.19597742672799434
2601,5093,14.940451745379876,69.96976241900649,1.7875115750650765,1.000000637269671,0.9999988373194426,1.0000024372231393,0.48772319341160886,1.171486326406224,0.749187907842701,1.8318237635582533,0.48772319341160797,1.8462706652295346,0.4243203745699315,8.033353035997859,0.41374812153720186,3.1235985772924124,0.5004441572139854,19.49641719543792,0.22281841307706807,1.6750557653390674,0.10323677828575521,27.17841319330283,0.7167304108067083
2602,5093,14.940451745379876,28.84233261339093,1.1744302859513946,1.0086667626493173,0.3383931895684658,3.006587216991274,0.9876442882890644,1.0044475801546535,0.5441525812925849,1.8541030144191424,0.9886784244877964,1.3811478072574255,0.3806130661450892,5.011833368759946,0.6233881805206654,7.827006518936209,1.3892061206424,44.09858993360969,0.019664684035532787,29.240954893337374,2.8023590609526035,305.1120232906699,0.004783818965368836
2603,5085,14.940451745379876,6.588790560471977,1.0275079923271735,1.0000001092262523,1.0000000233692208,1.0000001950832909,0.012649494557426921,3.405012876346079,1.2997149075138845,8.920504505299553,0.012649494557426921,431.33298407581367,5.685405578528964,32723.811974709446,0.006016926666153166,9671.147664182941,92.2835171202897,1013518.9908346825,0.00011044460898124164,116830.15841903615,347.39944417885374,39289889.90894849,8.46143835597779e-05
2604,5090,14.940451745379876,8.77229862475442,1.0658118351349661,1.1993750452827248,0.171248143022202,8.400094003124105,0.8547454972079338,1.1193826356547563,0.30291495658069667,4.136532243734173,0.8657082211016869,1.5085809906748264,0.50699832600097,4.488804969784234,0.4598658115085841,88.92759698939389,6.9278606720952585,1141.4948828519578,0.0005681221427678018,80.53100732337003,1.6771210897667241,3866.8902204424203,0.02629859081404473
2701,5093,14.940451745379876,21.387198115059885,1.24219815596164,0.9999995731452593,0.999998734876401,1.0000004114148204,0.31825480817007845,1.5023847017296355,0.6754813069528924,3.3415577437269604,0.3182548081700787,6.282798826024231,0.3124494927042245,126.33581429962021,0.23004037270818412,74.67264584380561,2.221892968015887,2509.5736462470995,0.016163415216776444,877.5753048302646,9.957424595098436,77343.13308554042,0.003019224776263041
2702,5093,14.940451745379876,12.290594934223444,1.0940201429610514,1.0000010576532732,1.000000300317167,1.0000018149899532,0.006195955028726052,2.46909323218747,1.2925869609546736,4.716449703880114,0.006195955028726052,294.9785067149173,8.19728944508581,10614.767235762973,0.0018657691218755268,7229.445725176466,153.1139089854032,341346.42528298876,6.23727056026091e-06,106829.14404986799,1363.3937614932433,8370630.9510526555,1.9532156980694992e-07
2801,5093,14.940451745379876,14.781268407618299,1.1110604736146996,2.824294837876789,0.16564162262392798,48.15602023754385,0.4730607218277034,1.9788496021199056,0.2687178611418463,14.572331482435688,0.5028569269257852,1.2639977955597006,0.6816354719502329,2.3439074005474176,0.4571328935980594,31.21837502665477,2.3559797321477935,413.6652476277436,0.009054197389902319,44.38458856355718,0.9053248835377247,2176.0052526758595,0.05614402052579259
2802,5083,14.937713894592745,7.2008656305331495,1.032958606334394,8.343875006283291,0.09042460308282832,769.925968673673,0.35810322086851576,5.234778404384677,0.1376997827809754,199.00470712142754,0.37249069435681603,1.00082810289348,0.9373709665026817,1.068581092583367,0.9802399089765568,3.9960740040193365,0.34107343804536644,46.81867792787528,0.2698926313391352,8.402145132981138,0.24923720251762657,283.2484160573337,0.2356582675868899
2901,5093,14.940451745379876,43.019438444924404,1.2665170812494637,1.037560449510746,0.19895432590144474,5.410948877393192,0.965096842842774,1.0243513270647557,0.31942324213293716,3.2849696041299077,0.9677203838525603,1.017522156810878,0.639379027483083,1.6193076330275085,0.9415866420846664,1.2884937000194165,0.23169890551797248,7.165402923584144,0.7721597877876194,1.5215487246816986,0.1301697848228832,17.785314193540238,0.7379250414254832
2902,5092,14.940451745379876,11.070306362922231,1.0468882022086443,1.0000000951270926,0.9999999788607192,1.0000002113934796,0.10879401169582881,1.7849577622306607,0.8791902623618587,3.6238734086844984,0.10879401169582903,20.346464018262605,1.1197230841038326,369.715158974133,0.04170699209859374,346.97110226809286,11.579184626138662,10397.01409867593,0.0007465601648233289,1686.035732675344,18.341991898641822,154984.06648345425,0.0012763473161576666
2903,5093,14.940451745379876,18.517769487531908,1.1049189107337507,1.2407762624362941,0.1885050831595217,8.167025035195266,0.8224490241990818,1.1388471208913313,0.3321959457666808,3.904240197059504,0.8361375413894008,1.1675359845170015,0.587764916064175,2.3191929934675612,0.6582360244288994,10.013674812648999,0.7429145111394231,134.9733808533221,0.08255088011718659,45.146256480089136,1.1425761516724071,1783.8500052558127,0.04224949277284562
2904,5093,14.940451745379876,21.916748478303553,1.1888362681732412,1.6867218392029573,0.292816901231933,9.716073597099948,0.5584208294791562,1.410843225752034,0.413191060867182,4.817332213027313,0.5827720791542623,1.1374011644627817,0.7777672271522087,1.6633272317967174,0.5067357757772695,8.878450623756025,1.7704402077928987,44.52389023447592,0.007945578334522141,42.18149755219824,3.5204604632088827,505.4107990533436,0.003143598631508482
2905,5083,14.940451745379876,7.33346448947472,1.0424134953700515,0.9999998549895612,0.9999994880638855,1.0000002219153714,0.43857644557111675,1.3399971136182443,0.6389808247514717,2.8100878695438354,0.4385764455711163,6.34210123343343,0.36382342563375564,110.55431074855454,0.20527167032942306,1293.718192835773,54.11112854574308,30930.915829252797,9.673165552115393e-06,6219.17945736014,75.90329315421216,509572.0029468045,0.00010191765542932885
2906,5002,14.940451745379876,4.8086765293882445,0.952579792421987,0.9999998564013983,0.9999993286415094,1.0000003841615657,0.5938274803508796,1.2889990909168982,0.5070458536693154,3.276860750089472,0.5938274803508796,2.948492059538019,0.1233797808060564,70.46215650864575,0.5042845128885469,80.12154470856063,1.9431375688276373,3303.6579753635096,0.020883666618852326,568.6690117149077,2.6026468268464,124252.14268378152,0.020997062375514464
2907,5074,14.937713894592745,6.383918013401655,1.013163489625163,1.0000001506884915,0.9999993267643484,1.0000009746133136,0.7199941062106978,1.1495266634138814,0.5365584684414602,2.4627540661836003,0.7199941062106978,2.071789776471078,0.10228392017443626,41.96468878558736,0.6350969567253644,40.18565058312695,1.3689387375329558,1179.6630985104944,0.0321828670710822,3930.6866971949275,25.46995420397515,606608.782558934,0.001285219131698323
2908,5085,14.940451745379876,8.179744346116028,1.0581631974652688,1.0000000092459256,0.999999634004842,1.0000003844871501,0.9614816853541635,1.0177185655895424,0.49895516248502547,2.0758399884813707,0.9614816853541637,1.5369387248204123,0.07222189251004361,32.707265923889985,0.7829400875143087,55.34944561677131,1.839944927538692,1665.0287104962829,0.02082795367100143,2551.41548101444,23.799290696587178,273525.839057617,0.0010056041610868593
2909,5092,14.940451745379876,8.681068342498037,1.0538813027412557,1.0349118796567898,0.09701697774773539,11.039744006865343,0.9773323952372304,1.0214903197556897,0.20593877385964643,5.066760638604752,0.9792387127547162,1.112122656598802,0.2641716352984862,4.681868293402901,0.8847859651418741,6.94231047269375,0.45375474755459705,106.21525165083649,0.16385355346634922,161.36643421221035,4.424012945568349,5885.861187736285,0.00559921222922255
2910,5093,14.940451745379876,25.485372079324563,1.119316435136424,1.2810568816146868,0.3425731120160556,4.790529893821412,0.7128236142275071,1.1703721443105466,0.47198594498188823,2.902143529360031,0.7341988700201649,1.643437379392347,0.8275281780604489,3.263799942515905,0.15584399673021676,28.59673516790543,5.62605077601268,145.35476034983373,5.291012549424323e-05,43.94642458344636,4.48085559894069,431.0088087027643,0.001164110338279567
3101,5093,14.940451745379876,67.6448065972904,1.3503811627731201,1.033921085022064,0.5225449165844771,2.045743391860905,0.9236696629007906,1.0161673678449012,0.7069056031199424,1.460727026232994,0.930972377976965,1.2584652855836025,0.8142082547339051,1.9451225970886348,0.30075685931728025,14.298892495026786,5.685120044956624,35.9637659306266,1.5764515692850978e-08,214.01809625850794,53.51851530185823,855.8485837615456,3.241851231905457e-14
3102,5093,14.940451745379876,17.579619085018653,1.10966662886977,1.0000000029531133,0.9999999312334337,1.0000000746727982,0.9356769470049089,1.0228972695800767,0.5902695195807285,1.772611983857106,0.9356769470049089,1.3990315716318527,0.2005998860026048,9.757180711445049,0.7347200282049466,74.16116911743252,8.325578507611118,660.6002213343518,0.00011364908855893141,11359.035293735455,607.4806001181902,212398.03012511737,4.1115000293245885e-10
3103,5093,14.940451745379876,15.12487728254467,1.082229710540582,1.9953678211518837,0.31383757514318256,12.68647560723707,0.4641562471100129,1.5657309969651365,0.43587825309445194,5.62430802053851,0.4919479066279737,1.120376476601183,0.803884527544557,1.5614723337882712,0.5021536988330555,6.426432259585394,1.1136119807848832,37.085656673639534,0.03749540728886269,10.622975439193038,0.7634715145453533,147.80853644408626,0.07856145489138089
3104,5090,14.937713894592745,10.683889980353635,1.0415216825679763,1.5481846112429776,0.22579398968083508,10.61532060210109,0.6563340426349882,1.2910550548726614,0.37974553516907983,4.389316003333931,0.6824183822524204,1.286407490989153,0.7297330059364413,2.267739323027335,0.38391143072309886,14.965371778891688,1.953702637237308,114.63482119118628,0.009194862949597704,21.334475116535103,1.0760732643453652,422.98219236489837,0.04463162133594145
3105,5093,14.940451745379876,12.323188690359316,1.0948367687166471,2.2302949121796547,0.31107435498841457,15.990438670136308,0.4248008803774772,1.6711062204918914,0.43043379274323007,6.487864213376439,0.4581105190815076,1.180088049231621,0.8130057077792189,1.7129127023514965,0.3837328425190223,12.251250452856963,1.7877042640204797,83.95859465092623,0.01072331878239341,8.170138220807742,0.5148068641208375,129.66252627788464,0.13642191961242278
3106,5093,14.940451745379876,35.27331631651286,1.1870109741391088,0.999999992801557,0.999999974141326,1.0000000114617884,0.44959093652331905,1.15761910562936,0.7921126328314685,1.6917821256402539,0.44959093652331905,1.9114522438815604,0.5191351107648666,7.0379552545709245,0.3299622790993473,13.039985182879681,2.8586771048962123,59.48248344609568,0.0009115348711548066,182.57165645979876,24.793474626871085,1344.4025189736503,3.1912648079668315e-07
3107,5092,14.940451745379876,10.78260015710919,1.0398775593073653,5.438540731611686,0.6562553829607854,45.070449793425595,0.11650568567786102,3.0883189354751446,0.7088113584888894,13.455926930329849,0.133182056541713,1.0159590319999303,0.8999999733193224,1.1468586503346683,0.7979051178927838,3.5349018586065157,0.5942537047261829,21.027266722278874,0.16515873399147418,3.1370962619806777,0.23240611381593762,42.34558547253783,0.3892267181334146
3108,5093,14.940451745379876,23.528175927743963,1.108721286403371,3.0921028808964435,0.6986490361772136,13.68512619492528,0.13689083432788052,1.9554213552470339,0.7550074259229292,5.0644173093821525,0.16722034106071915,1.2373322242930995,0.935151961216041,1.637157485381583,0.1360447887905234,43.985145719677405,11.992886287227266,161.32005237486106,1.1504470265322198e-08,1259.4940924153516,174.85826217703686,9072.064133996028,1.3795631303992195e-12
3109,5093,14.940451745379876,18.89672098959356,1.1065373376054422,3.2270523002898592,0.6132236033884992,16.982168480244408,0.16672526807192378,1.9917507984423013,0.7027892957188053,5.644751943807094,0.19484041033962063,1.0896734805973605,0.8498449774028629,1.3971822225105568,0.4983222520925217,4.003556389248761,0.9539353062505879,16.802464126098805,0.05801856808911876,3.80502160735369,0.41958748912462795,34.50577009012792,0.23485444845356396
3110,5093,14.940451745379876,10.272334576870215,1.0473489084169203,1.0000000464662309,0.9999998135585474,1.0000002793739686,0.695775338530265,1.2524085835525072,0.40532466266298706,3.8698046396949004,0.6957753385302647,2.4012702144665092,0.19478602911364626,29.60221874803893,0.49426446542065294,126.20179368027298,8.202877859181482,1941.6225624146307,0.0005223322631482397,91988.77665555489,2210.7088302769894,3827702.189765681,1.8729235939929367e-09
3111,5093,14.940451745379876,14.386609071274298,1.0821414191555891,0.9999999953501733,0.9999999694492494,1.0000000212510978,0.7249385939037463,1.1899884533254288,0.4515928615928039,3.135728306362607,0.7249385939037458,1.7843492962261254,0.22125618676559286,14.390116983783214,0.586655078519905,25.850781193363407,2.5444679465601006,262.63364378811866,0.005967885733511036,1720.9654033268646,72.47514448823823,40865.346876661235,4.017188608651523e-06
3112,5092,14.940451745379876,8.995875883739199,1.0687999508458317,2.016720350370951,0.2085437613020903,19.50267390501682,0.5445661311242509,1.5520358333258635,0.33500991141980613,7.190280483698834,0.5741538382885738,1.1486767452850506,0.77747130322684,1.6971150699483548,0.4864052746566736,30.278031658706993,3.641471916532987,251.7551204949292,0.0015997184668945508,214.78575394050154,8.053510171342493,5728.29972450379,0.0013495202803468498
3113,5093,14.940451745379876,16.21519732966817,1.0787154762869007,1.0000000468662107,0.9999999881382343,1.0000001055941903,0.11778870979845135,1.6420485127166584,0.8820356490018968,3.056932360008492,0.11778870979845113,6.6827459511156935,0.8895773679102372,50.20259626440892,0.06485275240423283,119.55614392504306,12.667925741482065,1128.335596680988,2.9534705657141558e-05,12088.157016736683,620.4528513887515,235511.11052872732,5.492946097973572e-10
3201,5093,14.940451745379876,23.032986451992933,1.1287209489474674,4.1752394995297655,0.4247816731679985,41.039023054883714,0.22030812643960318,3.037730405644859,0.4186238663230161,22.043191417708066,0.27183930067430206,1.3246262620937252,0.3237977808363096,5.41892143206324,0.6956986948725068,3.4060411369406305,1.122763562121893,10.33264403825776,0.030425369227621513,30.052823249557427,2.0439227455941724,441.8817625157282,0.013092494167204372
3202,5062,14.940451745379876,5.8467009087317265,1.0216570104152032,2.308529983743611,0.14843045066380323,35.90442973129706,0.5501570069932031,1.6314416934029228,0.28421296244119004,9.364815651306337,0.5830154347869729,1.6346314237272483,0.6363567381090532,4.198933917752693,0.3072780363287977,204.85251933014987,2.5944137435647727,16174.966225028296,0.016954222798835294,28.270597886484275,0.07472672411184132,10695.32639572303,0.26981865717391385
3203,5085,14.940451745379876,5.713077679449361,1.0295556734377913,1.4889180614503723,0.050248834237634196,44.11797860283075,0.8179199372029833,1.5275763480369358,0.09148288729467338,25.50738797263267,0.7680187900623987,1.4530728511512931,0.21569587820799496,9.788878342482331,0.7010140611176618,5.696367270668515,1.3135778248236132,24.70245726529424,0.020104168439655012,281.8060451821393,3.2074118030163676,24759.729020923794,0.013497175471401057
3204,5088,14.940451745379876,8.25687893081761,1.0232612656025966,0.9999999517447299,0.9999998591777872,1.000000044311681,0.3068989880061399,1.4779963963253608,0.698542658156104,3.127186753801064,0.30689898800613946,5.016251418025613,0.425879538428811,59.08426214059617,0.19997276219834736,40.32707271385815,2.0482591196906434,793.9780558206056,0.015033448806514471,125.5347217751923,2.269774437968349,6942.965832887176,0.018257597076539955
3301,5093,14.940451745379876,205.73748281955625,2.8173547484490293,1.470704337771886,0.7543179874029746,2.8674528319122947,0.25748561753273136,1.2513582069211342,0.8202833513859366,1.9089712833780708,0.29805232862412545,1.1566485889924312,0.9699525360606861,1.379279819043103,0.10516410248297658,18.510514452145557,6.924782460625867,49.480131286625515,5.9737719215746665e-09,21.192077777306782,6.319767733847712,71.06339654131382,7.552222733853142e-07
3302,5093,14.940451745379876,15.92735126644414,1.045352951491586,1.0000000181739792,0.9999999739516353,1.000000062396325,0.4205325020939943,1.2498089515778723,0.7264339786605084,2.1502606724487703,0.42053250209399407,2.004174026643104,0.35371203948379154,11.355885807372681,0.4320923074429932,1.8514517132277208,0.24932228975960744,13.748764499632035,0.5470732251671873,2.8346653429316433,0.14206336786289517,56.56157338303166,0.495097863490467
3303,5093,14.940451745379876,17.064598468486157,1.359474913786531,1.287034397137748,0.22092484381624655,7.497832795995903,0.7789763966887508,1.1696887774325997,0.3641451374786069,3.7572157231734233,0.7923520601653464,1.0238963994049124,0.7942628755336776,1.3199204809993565,0.8553785729606873,2.5744486522216654,0.43993912569866517,15.065233973905816,0.294146831324134,5.174541174730321,0.33422738503420313,80.11275427427753,0.23961201941972687
3304,5093,14.940451745379876,15.320439819359907,1.0981447899151655,1.1784957506136153,0.28456869350703523,4.880551746919457,0.820786717955311,1.0995424169451393,0.45009040962476604,2.6861126138401374,0.8350483132212461,1.1561339114123328,0.6581482469600687,2.03091875924829,0.6137588466200932,7.457704894688977,0.38961328787898897,142.7501679910421,0.18216390574705477,6.215508135289206,0.15103236251950788,255.78982368667107,0.3353794938517307
3305,5093,14.940451745379876,12.049676025917927,1.046383726211871,11.585453063112217,0.14654922067623144,915.8883415293767,0.2718956385267972,10.899855769656277,0.16698300463994062,711.4907056289239,0.2625197626282243,11.111484624136631,0.24606168357292493,501.764796369987,0.2154562604668504,14.470507022347064,1.562457659130181,134.0167986378371,0.018624669413404904,1.0,0.998041919545692,1.0019619220555378,1.0
3501,5093,14.940451745379876,280.1252699784017,2.3094226639908992,1.7290200790720178,0.9651333057146677,3.0975103813462495,0.06566588551154906,1.3447396896960917,0.9513131528448591,1.900872312798606,0.09347338611933131,1.1970473767035392,1.048022138462879,1.3672635047332822,0.008014220208651057,21.301055078215317,9.961977186197663,45.54667602268886,3.1086244689504383e-15,17.812400635488007,6.237370508196355,50.86784823543872,7.481565944544855e-08
3502,5093,14.940451745379876,40.20184567052818,1.2259251880942716,1.9648959482303372,0.6972685242812392,5.537057751677255,0.20130988700066532,1.4485914437779472,0.7826846620790826,2.6810505848071076,0.23804445096718596,1.255685710898713,0.979863334342165,1.6091495102363034,0.07197965482262858,31.084381210491493,9.15480470062824,105.54444216301515,3.582138852209482e-08,59.461082495030396,8.811175714437567,401.26544357610663,2.7431730294624757e-05
3503,5093,14.940451745379876,21.578244649518947,1.1113383877570666,1.398511844458479,0.38394822635443343,5.094008110575748,0.6110564489276267,1.18202760826064,0.5855931923726321,2.385938369654564,0.6407335600783062,1.3043337061537774,0.8974399319166892,1.8957106280922453,0.16369073385379185,71.94787073352289,18.943685857070705,273.2570705692736,3.379745372456e-10,14553.100951354392,1722.7155346774284,122941.21869631218,0.0
3504,5093,14.940451745379876,17.335754957785195,1.101500159429732,0.9999999932875457,0.9999999688125688,1.0000000177625232,0.5908909640365334,1.202347614310204,0.6140789015585886,2.3541596722640574,0.5908909640365325,2.2096310370988617,0.38062650793019764,12.827454784116027,0.37694418187764556,72.6482625754506,10.344270835624338,510.2118978802892,1.6371107244284033e-05,14178.587682784697,852.8055974581019,235730.5689334322,2.6366020478008068e-11
3505,5093,14.940451745379876,14.606322403298645,1.0474622090507903,0.9999999921388901,0.9999999281030363,1.000000056174748,0.8098560911808961,1.0983678061478706,0.5114699452941299,2.3587150108855712,0.8098560911808961,1.9140219750590302,0.28685976542705194,12.770979281653528,0.5025870053475268,93.33286348420705,11.432679310985135,761.9406763025014,2.2919033961565916e-05,12404.375144314716,699.0989863260702,220095.47393210803,1.330202614724385e-10
3506,5093,14.940451745379876,12.438248576477518,1.0934310664735956,3.086722687614089,0.4347675059513633,21.91483222597921,0.25970908557291894,1.669050258836142,0.6342156086339079,4.392400200495563,0.2994487564122894,1.3393964881793867,0.9073823300742448,1.9770970770397138,0.14134207980912694,47.85385787043766,8.85726405976992,258.5439135189941,6.9783493945596575e-06,709.6404079316719,61.732107987687556,8157.659360504431,1.3708644108767487e-07
3507,5093,14.940451745379876,26.30119772236403,1.1553127258155793,1.0000000029572265,0.9999999954843753,1.0000000104300777,0.43796776496056333,1.3628127582569673,0.6233309267999907,2.979570777279763,0.43796776496056333,2.5657399231122384,0.4999986495536347,13.166078266269071,0.2587841055278153,86.70285429612044,15.0748898001219,498.66931319348697,5.74677566422821e-07,41481.07379194217,4007.2787592090112,429388.5168278619,0.0
3508,5093,14.940451745379876,35.64382485764775,1.2050775125418163,1.3212324372650224,0.4084778584289097,4.273561264729064,0.641850960461241,1.124020635350453,0.6505488133214128,1.9420869930469375,0.6751932204282087,1.2412633803198583,0.9127848304815034,1.6879495888536271,0.1681651551607195,44.77307436731593,15.106690818973608,132.69803508412588,6.976641486744484e-12,11286.679715706077,2251.6148081309916,56576.79037502585,0.0
3509,5093,14.940451745379876,16.574906734733947,1.0851071388056972,8.322977865909056,1.418338207340671,48.840227385747646,0.018920012633813155,3.086175560621587,1.1228261667350325,8.482594967191904,0.02892004821377636,1.1454327820947425,0.9407772187148257,1.3946088746596323,0.1763466323142575,70.90564457823086,16.810573719683962,299.07429198370727,6.520777473539852e-09,9533.167767710052,837.4612272405475,108519.99439635151,1.538769112130467e-13
3510,5093,14.940451745379876,90.4527783231887,1.487711919629918,1.542273035903075,0.704082608528787,3.3783054551565965,0.27881649489914384,1.2399971062974398,0.8066100354194841,1.9062406319137684,0.3268678273307706,1.3309104708777513,1.0740016463736584,1.649273711518849,0.008990159453908353,45.668381750352715,21.21138261040214,98.32461796588233,0.0,2216.039938978566,627.4768831793384,7826.31702105999,0.0
3511,5093,14.940451745379876,31.021598272138228,1.2211801421178374,1.0000000676150453,0.9999997804500362,1.000000354780137,0.6444428619208198,1.0913705064660226,0.7528388278542923,1.5821309134369346,0.64444286192082,2.1121913186647414,0.5526323530787038,8.07291165960262,0.2743737331670075,49.19730876089053,6.141491444095727,394.1021837034849,0.00024281801330339192,33.13624322744519,2.586446713136433,424.524738766767,0.007138417172177336
4101,5093,14.940451745379876,43.97643824857648,1.169135311851013,2.1337431939378124,0.7384680066263211,6.165277272438116,0.16152374097339428,1.571975826167489,0.8030030772384154,3.0773331611047814,0.1868898793531497,1.0372303999394874,0.9104493283509949,1.1816658753620064,0.5826251321530829,3.5130121986804155,1.223988998848252,10.08281505772541,0.01950573294899205,4.92383301440763,0.9101242461632029,26.638265770828713,0.0642173595611839
4102,5064,14.940451745379876,5.472353870458136,0.9757699535973148,5.938661267109747,0.3394493404687424,103.89679236603823,0.2224420031018064,2.904968156611824,0.48744969239729236,17.312227543782473,0.24160689591765472,1.007637118690983,0.874431632749139,1.1611343013424005,0.9162414444785474,16.602993901778554,1.7616204834230313,156.48058653749175,0.01409962342139015,1211.8723569020271,26.98808623102336,54417.88635368476,0.0002544806117574794
4103,5093,14.940451745379876,24.609071274298056,1.1329864396335632,13.762088617084292,3.72806130247894,50.802566733155516,8.326745205033959e-05,4.952725737901714,2.1400586591594206,11.462065364371297,0.00018610204329316815,1.7137259508159324,1.2523979447812923,2.3449867885345648,0.0007610615662734244,130.3397711933817,34.89543621974151,486.8389048861398,4.369837824924616e-13,306.5735068258771,47.13521339022161,1993.9936265784297,2.0574737469303273e-09
4104,5093,14.940451745379876,25.861771058315334,1.1087707818708687,3.3177380626358395,0.9305764918955358,11.828566429656032,0.06444838107513817,1.9342046568004938,0.9155602402966484,4.0861840540132635,0.08384284819107601,1.4818844159511229,1.0735345324942507,2.0455619784644057,0.016782908280922992,62.59774203011736,18.485005299037645,211.9814002689586,2.9882318841600863e-11,1318.9588558366518,214.5444785774448,8108.586503483293,8.881784197001252e-15
4105,5093,14.940451745379876,29.03985862949146,1.0807940375092702,1.7883363480580452,0.542026074454549,5.900356171986635,0.3398697108106772,1.3675303256449605,0.6819674528727329,2.742270446603869,0.37792073268012394,1.1822433785352016,0.9051289728603391,1.5441991671898365,0.21924672044297777,33.162163776912706,10.592538613084576,103.8211090406908,1.817589856401014e-09,2597.222857141728,445.34557256997397,15146.814036417898,0.0
4106,5093,14.940451745379876,12.10622422933438,1.0367361610648398,3.898340193909949,0.6115440738561804,24.850304200687624,0.1499682060369194,2.1523971965791566,0.7103748298436454,6.521646738048843,0.17529601033211772,1.147795121892212,0.8349730237164006,1.577815814905926,0.3958441453317594,7.799659870932401,1.356701874368005,44.84013418981379,0.021343394490352274,9.327440317794196,0.5876212762668249,148.05648875536556,0.11340593382922348
4201,5091,14.940451745379876,11.512865841681398,1.0450755207870956,33.92296691724135,3.555976529066859,323.61509561769515,0.002195397989860348,12.966089906472813,2.340793315695678,71.82158558615481,0.0033486319746738324,1.1024452713696253,0.8123606415687339,1.496115781801343,0.5312798972342114,10.186313920030607,0.7906788759471479,131.2302559659442,0.07509316614890982,17.26232595578035,0.4781973845322317,623.1483212629802,0.11951631110508054
4202,5093,14.940451745379876,11.615943451796584,1.1076239330130928,1.564184646462525,0.21956014056526685,11.143523601005313,0.6551865235525514,1.3286602082531045,0.34518259333739865,5.1142148621314,0.6794369789252093,1.0439547643692517,0.77699027496724,1.4026450332280034,0.7752842571198637,21.40252239045111,1.0241422541865033,447.26986197597495,0.04822478747789116,161.82478467029924,2.9346079411656225,8923.597788393903,0.012911047760534533
4203,5029,14.940451745379876,5.152316563929211,1.0078020611950984,1.8366328381610737,0.09904856698849912,34.056223979527914,0.6832338786407803,1.4717117777679949,0.21076591755073293,10.276498126409242,0.6967434150820879,1.0143118605019614,0.7802730860782775,1.3185493242192103,0.9154422966753142,9.753882505223501,0.6861131750167214,138.66258132032868,0.0926009699915018,263.3525745312945,4.061303369432213,17076.926346912405,0.00883363743128407
4204,5093,14.940451745379876,13.15197329668172,1.0486718825583852,1.950731056545331,0.33505656426944436,11.357341000817678,0.4572182062894399,1.5180395080606548,0.478804319071287,4.812913869496521,0.4783031897533996,1.0801400359821098,0.771100284513086,1.5130360094058994,0.653918891492177,5.635429134591988,0.998447211198865,31.807451785934028,0.05020185261375354,36.60949487664489,2.6457169596409766,506.57539546670205,0.007235435910828647
4205,4681,14.929500342231348,2.7921384319589833,0.7595416615515223,17.600786738705526,0.0331677341490273,9340.031864385806,0.37029049709467343,10.662512696358633,0.03711632179039058,3063.0507419903633,0.4124937107504234,8.993923327396733,0.05458624473539142,1481.8871899177377,0.3989957833443909,33.29025461901843,0.6359167005971038,1742.7456324994732,0.0825945100872918,1.0000063617867077,0.9999992914864732,1.0000134321369316,0.07780134854966647
4206,5093,14.940451745379876,14.298645199293148,1.0852874827910617,6.360708226893291,0.80459378255238,50.284516267728044,0.07944890258111581,3.3532697623628094,0.8128156389162049,13.8339096356092,0.09425498095249307,1.0168423519302165,0.843648116749108,1.2255919833771947,0.8608281153005337,4.015191654271575,0.7500143896124006,21.49527294918123,0.10438801351488691,12.65844508269186,0.7803086428592835,205.34981046009227,0.07417930570900477
4207,5093,14.940451745379876,19.89318672688003,1.1458382854830986,12.300348080871457,1.7234235421218849,87.78954169578007,0.01232009637987086,5.343562210126104,1.3334479326829751,21.413402348628757,0.0179658182906135,1.0869631413542211,0.7613051409491106,1.5519255120091364,0.6462624295264963,8.768110703560998,1.7823459890778797,43.1340299700597,0.007562776864558751,66.24662471273764,5.139059084735569,853.9725294978036,0.001304730540294008
4301,5093,14.940451745379876,72.48812095032397,1.4173034280640286,4.116214467758886,1.4811784213767785,11.439014571140309,0.006661330020231393,2.5140715228652795,1.2409006818919077,5.093522563341389,0.010492762202348072,1.0057821540181682,0.9678561765913003,1.045194281762172,0.768761441373103,35.88439985646376,10.441671217807654,123.32222746704532,1.3126478792813145e-08,826.8132961580922,165.49389934669335,4130.788079817328,2.220446049250313e-16
4302,5093,14.940451745379876,19.40722560376988,1.0643774348019877,13.302363986789937,2.0763840408659453,85.22165656948917,0.006313815964751779,7.262427072628014,1.657901394740252,31.81301804351498,0.008518361876506564,1.109042311898177,0.7337643025118866,1.6762533219044522,0.6233591783415224,6.997077538908306,1.7133406268081888,28.575225100861488,0.006727359917678255,51.83370202217249,6.392059901671563,420.3234491937055,0.00021799915644304946
4303,5093,14.940451745379876,14.085411348910268,1.086378851173256,6.865264633310921,1.092266699325424,43.15050391493033,0.039965830014102144,3.784850449745653,1.0178488101667515,14.073890723115387,0.04698862167566409,1.01805975037487,0.8851797266274551,1.1708872493976024,0.8019488976797866,43.76739485666826,7.029087031728726,272.52256856298936,5.123536251283589e-05,3860.196545712898,274.591937176492,54266.40536046113,9.131364553383037e-10
4304,5090,14.940451745379876,7.928880157170924,1.0871585431906179,0.9999999912958022,0.9999999666614544,1.0000000159301505,0.48859939230840244,1.247534772499765,0.667125326340827,2.332909495630394,0.488599392308402,3.257715073645518,0.201499236480206,52.6687231497264,0.40553904492269943,11.895024270275592,0.2636032034579627,536.7597985697822,0.202665175052972,29.78547455784665,0.28229373162933313,3142.735368283126,0.1533243286414796
4305,5093,14.940451745379876,13.596701354800707,1.0787386468202493,6.563322669233921,1.100518773552154,39.14263481525101,0.03891070975141009,3.511635804762641,1.0227646834959414,12.057109738224447,0.04595952846368956,1.0615986299638098,0.8477593088527782,1.3293769108429232,0.6024598334215305,34.786228542765805,6.033869080935572,200.54821872964928,7.158102688653578e-05,998.94545814989,80.53693638597389,12390.489049346106,7.608345220511126e-08
4306,5093,14.940451745379876,20.466129982328688,1.0542706296951183,2.8988470120815553,0.6769251366661818,12.413948816910551,0.15151544621609703,2.014232421403827,0.7445557650572835,5.4490643116868265,0.1678705379122234,1.0492634986865885,0.857277384125897,1.2842446448048812,0.6409211235790508,12.605547311514691,3.044937052405022,52.184928715465354,0.00047192444083488105,307.96686842339795,36.71764983678385,2583.0518148114143,1.2864598941675354e-07
4307,5093,14.940451745379876,15.712350284704497,1.0796064215682049,20.02474175229064,3.5784900604678507,112.05572056095265,0.0006469447956267693,7.155821440674942,2.2103369813788256,23.166503986591515,0.0010260680107558873,1.0615463402284018,0.9156861440296316,1.2306406947398865,0.42836028414791727,17.495516577351502,3.677434348100305,83.23550370559391,0.00032265078123772106,62.41449130230327,5.0523481865507875,771.0412229495955,0.001268907212938597
4308,5093,14.940451745379876,12.947378755154134,1.106128661786104,6.34970240080897,0.9470188113451873,42.57436082137449,0.0569194870745271,3.379559843314708,0.9058002079219832,12.609209663075125,0.06987439134664442,1.1370045279993688,0.8654453171778933,1.4937735187090224,0.35645773095637456,141.87502948370036,20.39452837237438,986.9570712047525,5.532670912522519e-07,7992.147576399763,553.2297894552537,115457.30924187499,4.23734380916585e-11
5001,5093,14.940451745379876,16.2401335165914,1.1518757926175969,3.143037251393547,0.5200879492374353,18.994255064228753,0.21213574524796863,1.7230713314711243,0.6916865648690217,4.292370221040625,0.24263759166672383,1.185178139883499,0.8838711748437581,1.5891990408059298,0.25629975112298986,21.61855256692489,4.951520239046375,94.38754009392987,4.363396172024636e-05,685.7385258998423,51.55666927504831,9120.78558439515,7.568772979471561e-07
5002,5091,14.940451745379876,9.130033392260852,1.0402452371164224,38.29672151226363,4.309607990944185,340.3183959352537,0.0010727937233299123,9.913571501779709,2.3972424726467207,40.99664553848495,0.0015393614518282028,1.2243156798145096,0.8444575121639131,1.7750435779754328,0.28555961341224556,45.843234481277584,6.905690906224332,304.32902025938523,7.467925444104573e-05,392.09265486252013,20.70935982115224,7423.534639642268,6.898380665587567e-05
5003,4971,14.932238193018481,4.1937235968617985,0.9236669873650076,142.35668646220827,6.221452338052434,3257.3465292901974,0.0019055540998740295,30.117582002542495,3.264462862646112,277.861560644197,0.0026681651788811322,1.0920398601958972,0.7876338929904916,1.5140931172080363,0.5974171742340468,39.75216323756958,2.80039995417396,564.2888544227621,0.006512369260430084,159.00552306091032,2.910794328130876,8685.861491323098,0.01301123546216898
5101,5093,14.940451745379876,12.784999018260358,1.174229162716868,1.4492368177947361,0.17780607848678825,11.812235959120336,0.7288805206947964,1.155843635898666,0.48366699953032194,2.7621783415961443,0.7445458372298475,1.03570255036231,0.835949763815953,1.2831868842577485,0.7482911993134811,7.17958763479277,1.0591670547635066,48.666995799995554,0.04350055430917066,73.46803031749256,4.073435977118836,1325.0610808788808,0.003594152167530895
5102,4804,14.940451745379876,3.298293089092423,0.8770463408632074,2.894885135400872,0.12114701987157597,69.17512255810065,0.5115345475231843,1.709017762640277,0.30450420111054005,9.591794472351797,0.5425696184535183,1.8721894308379767,0.7933093623529874,4.41831828953232,0.1522954793788276,30.86474132829362,1.4291211805273327,666.5860601904759,0.028686331652925112,20.67884547589357,0.12572206997271462,3401.2695647525443,0.24462999253351403
5103,5066,14.940451745379876,6.044018949861824,1.0243779329891243,1.000000039503807,0.9999993563546348,1.0000007226534455,0.9097618076253036,1.049752487560136,0.45334159208907254,2.43079458044118,0.9097618076253038,1.3554098631791565,0.11613898406441893,15.818425759470516,0.808328503621939,8.666370534493405,0.2935992876895392,255.81117322244597,0.21116087485022317,9.873390600863283,0.055559996993675045,1754.5688846655803,0.3862683224692973
5104,4609,14.913073237508556,2.748752440876546,0.7872569081345369,0.9999994980555796,0.9999987981695134,1.0000001979421358,0.15982144908072105,2.1467181639678663,0.7398851803090837,6.228532477950739,0.15982144908072105,11.87219485246124,0.4650221122061727,303.101738422959,0.1344458135837452,582.5623617743786,4.588009079472225,73970.84431994666,0.009982798277139437,13760.933758658175,11.088007344388275,17078208.196355175,0.008743027419976013
5105,4991,14.937713894592745,4.626327389300742,0.9718274949438875,3.731604516885213,0.12826515274197753,108.56317536571963,0.4438167126732184,1.647069908404157,0.40753491484652254,6.6567039641060735,0.48374967629789856,1.0269078297747278,0.8558598452664512,1.2321406322367376,0.7751604727678076,69.29255949117001,3.7252793145012237,1288.8855829271415,0.004485943009769011,7897.431312816403,85.90589894557115,726020.239659787,9.999169502195038e-05
5201,5093,14.940451745379876,38.186726880031415,1.2316560880803493,1.096472578534525,0.4188334464880555,2.870477812980574,0.8512145831352813,1.0481709865668583,0.6129437479730867,1.7924359628655213,0.8635421139072421,1.045978127492154,0.8117519274084092,1.3477889072403066,0.7281829435461153,8.575904571819068,2.6508854157345567,27.743990286569097,0.0003338588326919911,86.00880195111246,13.643129102418383,542.2153493918344,2.1179667102355637e-06
5202,5050,14.940451745379876,5.248712871287129,0.9689745895179108,1.0000000519465413,0.9999999620567348,1.000000141836356,0.2573541136786526,2.5225854962463488,0.5087214539117085,12.508687292313109,0.25735411367865146,9.869775304737663,0.33907123835481834,287.29203054395583,0.1831358564434582,477.55365426238944,11.340040664194458,20110.817893223313,0.0012271583268168573,30361.102193677394,170.3602677680255,5410865.681839056,9.502731991428703e-05
5203,5081,14.937713894592745,6.600472347963,1.0563348951446314,1.0,0.998041919545692,1.0019619220555378,1.0,2.730357258810197,0.5026758170604885,14.830334994691956,0.24468331526819798,5.267572905719753,0.21670720533634585,128.04061717286652,0.3074189194927335,7.9189435386153075,0.24615241973654364,254.7594975296003,0.24262730218246564,4330.565126896264,27.36894449098868,685221.6871010421,0.0011916064033290485
5204,4966,14.932238193018481,4.174788562223117,0.9577516707006012,0.9999997606137153,0.9999992576589313,1.0000002635687524,0.35088143191180854,2.271308361054517,0.4052597627357531,12.729715963338661,0.3508814319118083,6.40095216610747,0.1966005151963686,208.40326177106942,0.29617278505658673,146.73092393933737,2.628320035973489,8191.530614770519,0.015061827689852203,3693.1012292993746,12.43547408789819,1096781.4008092857,0.004688659984229293
5205,5075,14.940451745379876,6.04256157635468,1.0021611681629548,0.9999997396884579,0.9999990883347575,1.0000003910425825,0.4334464237760467,1.3689917870954191,0.6238746895465146,3.004030367856393,0.4334464237760467,3.611854902246176,0.24553981336121575,53.12985970095363,0.34915416701878565,17.720891435634645,0.6065900518549032,517.6972360711673,0.094987430316684,9.071087769131688,0.06036720623519494,1363.068434784007,0.3885458407141349
5206,5085,14.940451745379876,8.606489675516224,1.0728695651143079,1.2900423627797115,0.14927799737210176,11.148389763147248,0.8169603949861246,1.1537173306520656,0.30430921637420183,4.374049839522935,0.8334382335060089,1.107272540661799,0.6825950800361983,1.796163663000057,0.6797072599565315,19.763960418228532,2.0031734762036986,194.99765549690386,0.010623509224025662,110.89815053095704,2.9307074341259955,4196.392873604755,0.011084162925947272
5301,5093,14.940451745379876,21.836834871392107,1.111312864951329,0.999999632672712,0.999999300332634,0.9999999650129003,0.030285300647308055,1.7115373866308565,1.0525179861354792,2.783192557678646,0.03028530064730761,7.07599694892219,1.3991252886768892,35.78645402693391,0.01797572191859298,31.086777126531913,5.078739699024604,190.2810085542024,0.00020075319198142871,151.36683556358284,10.363564384385706,2210.814547845435,0.00024331260181975622
