date,year,month,oni,mei,nino34,tna,tsa,whwp,enso_phase,enso_binary,is_el_nino,is_la_nina,is_strong_enso
1950-01-01,1950,1,-1.53,,-1.99,-0.14,0.08,-0.18,strong_la_nina,-1,0,1,1
1950-02-01,1950,2,-1.34,,-1.69,-0.36,0.15,-0.31,moderate_la_nina,-1,0,1,0
1950-03-01,1950,3,-1.16,,-1.42,-0.37,0.12,-0.97,moderate_la_nina,-1,0,1,0
1950-04-01,1950,4,-1.18,,-1.54,-0.11,-0.17,-1.94,moderate_la_nina,-1,0,1,0
1950-05-01,1950,5,-1.07,,-1.75,-0.25,-0.34,-2.25,moderate_la_nina,-1,0,1,0
1950-06-01,1950,6,-0.85,,-1.27,-0.13,-0.23,-2.19,weak_la_nina,-1,0,1,0
1950-07-01,1950,7,-0.54,,-1.01,-0.18,-0.16,-2.15,weak_la_nina,-1,0,1,0
1950-08-01,1950,8,-0.42,,-0.97,-0.16,-0.34,-2.62,neutral,0,0,0,0
1950-09-01,1950,9,-0.39,,-0.98,-0.06,-0.51,-0.56,neutral,0,0,0,0
1950-10-01,1950,10,-0.44,,-1.03,-0.18,-0.54,-2.12,neutral,0,0,0,0
1950-11-01,1950,11,-0.6,,-1.23,-0.09,-0.46,-0.8,weak_la_nina,-1,0,1,0
1950-12-01,1950,12,-0.8,,-1.31,0.18,-0.92,-0.32,weak_la_nina,-1,0,1,0
1951-01-01,1951,1,-0.82,,-1.3,0.06,-0.98,-0.18,weak_la_nina,-1,0,1,0
1951-02-01,1951,2,-0.54,,-1.04,-0.17,-0.7,-0.31,weak_la_nina,-1,0,1,0
1951-03-01,1951,3,-0.17,,-0.38,-0.07,-0.87,-0.93,neutral,0,0,0,0
1951-04-01,1951,4,0.18,,-0.23,0.17,-0.51,-0.7,neutral,0,0,0,0
1951-05-01,1951,5,0.36,,-0.01,0.14,-0.37,-0.91,neutral,0,0,0,0
1951-06-01,1951,6,0.58,,0.0,0.17,-0.26,-0.6,weak_el_nino,1,1,0,0
1951-07-01,1951,7,0.7,,0.3,0.41,-0.11,-0.09,weak_el_nino,1,1,0,0
1951-08-01,1951,8,0.89,,0.17,0.19,0.05,2.23,weak_el_nino,1,1,0,0
1951-09-01,1951,9,0.99,,0.51,0.15,0.05,1.48,weak_el_nino,1,1,0,0
1951-10-01,1951,10,1.15,,0.49,0.09,0.03,1.59,moderate_el_nino,1,1,0,0
1951-11-01,1951,11,1.04,,0.55,-0.03,-0.08,1.08,moderate_el_nino,1,1,0,0
1951-12-01,1951,12,0.81,,0.31,-0.07,0.0,0.01,weak_el_nino,1,1,0,0
1952-01-01,1952,1,0.53,,0.13,-0.41,0.06,-0.07,weak_el_nino,1,1,0,0
1952-02-01,1952,2,0.37,,-0.01,-0.15,-0.01,-0.23,neutral,0,0,0,0
1952-03-01,1952,3,0.34,,-0.11,-0.02,-0.08,-0.3,neutral,0,0,0,0
1952-04-01,1952,4,0.29,,-0.02,0.04,-0.08,0.36,neutral,0,0,0,0
1952-05-01,1952,5,0.2,,-0.14,0.13,-0.19,0.28,neutral,0,0,0,0
1952-06-01,1952,6,0.0,,-0.54,0.28,0.07,0.84,neutral,0,0,0,0
1952-07-01,1952,7,-0.08,,-0.76,0.17,-0.07,-0.17,neutral,0,0,0,0
1952-08-01,1952,8,0.0,,-0.56,0.16,-0.01,2.43,neutral,0,0,0,0
1952-09-01,1952,9,0.15,,-0.36,0.37,-0.04,2.43,neutral,0,0,0,0
1952-10-01,1952,10,0.1,,-0.46,0.26,-0.08,1.72,neutral,0,0,0,0
1952-11-01,1952,11,0.04,,-0.78,0.28,0.0,1.05,neutral,0,0,0,0
1952-12-01,1952,12,0.15,,-0.39,0.55,-0.14,-0.06,neutral,0,0,0,0
1953-01-01,1953,1,0.4,,0.2,0.46,-0.15,-0.18,neutral,0,0,0,0
1953-02-01,1953,2,0.6,,0.24,0.41,-0.25,-0.11,weak_el_nino,1,1,0,0
1953-03-01,1953,3,0.63,,0.29,-0.04,0.01,0.59,weak_el_nino,1,1,0,0
1953-04-01,1953,4,0.66,,0.22,0.18,-0.29,1.56,weak_el_nino,1,1,0,0
1953-05-01,1953,5,0.75,,0.35,0.11,-0.14,0.09,weak_el_nino,1,1,0,0
1953-06-01,1953,6,0.77,,0.39,0.13,-0.1,0.51,weak_el_nino,1,1,0,0
1953-07-01,1953,7,0.75,,0.14,0.18,-0.07,0.29,weak_el_nino,1,1,0,0
1953-08-01,1953,8,0.73,,0.09,0.24,-0.06,1.63,weak_el_nino,1,1,0,0
1953-09-01,1953,9,0.78,,0.29,0.2,0.04,1.32,weak_el_nino,1,1,0,0
1953-10-01,1953,10,0.84,,0.16,0.16,0.03,0.46,weak_el_nino,1,1,0,0
1953-11-01,1953,11,0.84,,0.18,0.16,-0.18,1.24,weak_el_nino,1,1,0,0
1953-12-01,1953,12,0.81,,0.41,0.17,-0.41,-0.09,weak_el_nino,1,1,0,0
1954-01-01,1954,1,0.76,,0.43,0.1,-0.43,-0.13,weak_el_nino,1,1,0,0
1954-02-01,1954,2,0.47,,0.28,-0.12,-0.5,-0.29,neutral,0,0,0,0
1954-03-01,1954,3,-0.05,,-0.38,-0.26,-0.52,-0.78,neutral,0,0,0,0
1954-04-01,1954,4,-0.41,,-1.17,-0.46,-0.4,-1.51,neutral,0,0,0,0
1954-05-01,1954,5,-0.54,,-0.81,0.05,-0.61,-1.3,weak_la_nina,-1,0,1,0
1954-06-01,1954,6,-0.5,,-0.93,0.04,-0.57,-1.73,weak_la_nina,-1,0,1,0
1954-07-01,1954,7,-0.64,,-1.18,-0.19,-0.66,-1.75,weak_la_nina,-1,0,1,0
1954-08-01,1954,8,-0.84,,-1.43,-0.13,-0.39,-0.8,weak_la_nina,-1,0,1,0
1954-09-01,1954,9,-0.9,,-1.6,-0.23,-0.25,-0.73,weak_la_nina,-1,0,1,0
1954-10-01,1954,10,-0.77,,-1.48,-0.32,-0.14,-3.85,weak_la_nina,-1,0,1,0
1954-11-01,1954,11,-0.73,,-1.13,-0.17,-0.12,-1.98,weak_la_nina,-1,0,1,0
1954-12-01,1954,12,-0.66,,-1.33,-0.3,-0.23,-0.24,weak_la_nina,-1,0,1,0
1955-01-01,1955,1,-0.68,,-0.93,0.09,-0.42,-0.18,weak_la_nina,-1,0,1,0
1955-02-01,1955,2,-0.62,,-0.95,0.07,-0.6,-0.31,weak_la_nina,-1,0,1,0
1955-03-01,1955,3,-0.69,,-1.06,-0.04,-0.45,-0.86,weak_la_nina,-1,0,1,0
1955-04-01,1955,4,-0.8,,-1.22,-0.01,-0.52,-2.2,weak_la_nina,-1,0,1,0
1955-05-01,1955,5,-0.79,,-1.28,-0.12,-0.34,-1.79,weak_la_nina,-1,0,1,0
1955-06-01,1955,6,-0.72,,-1.18,-0.01,-0.44,-1.9,weak_la_nina,-1,0,1,0
1955-07-01,1955,7,-0.68,,-1.15,0.12,-0.27,-1.95,weak_la_nina,-1,0,1,0
1955-08-01,1955,8,-0.75,,-1.35,0.17,-0.46,-0.91,weak_la_nina,-1,0,1,0
1955-09-01,1955,9,-1.09,,-1.43,0.16,-0.41,-0.65,moderate_la_nina,-1,0,1,0
1955-10-01,1955,10,-1.42,,-2.31,0.21,-0.28,-0.36,moderate_la_nina,-1,0,1,0
1955-11-01,1955,11,-1.67,,-2.45,0.45,-0.2,0.64,strong_la_nina,-1,0,1,1
1955-12-01,1955,12,-1.47,,-2.03,0.3,-0.57,-0.32,moderate_la_nina,-1,0,1,0
1956-01-01,1956,1,-1.11,,-1.2,0.37,-0.5,-0.18,moderate_la_nina,-1,0,1,0
1956-02-01,1956,2,-0.76,,-0.99,0.24,-0.69,-0.31,weak_la_nina,-1,0,1,0
1956-03-01,1956,3,-0.63,,-0.83,-0.04,-0.57,-0.62,weak_la_nina,-1,0,1,0
1956-04-01,1956,4,-0.54,,-0.97,-0.0,-0.73,-1.38,weak_la_nina,-1,0,1,0
1956-05-01,1956,5,-0.52,,-0.8,-0.29,-0.45,-1.5,weak_la_nina,-1,0,1,0
1956-06-01,1956,6,-0.51,,-0.92,-0.45,-0.43,-2.53,weak_la_nina,-1,0,1,0
1956-07-01,1956,7,-0.57,,-1.06,-0.29,-0.26,-1.88,weak_la_nina,-1,0,1,0
1956-08-01,1956,8,-0.55,,-1.17,-0.2,-0.19,-1.53,weak_la_nina,-1,0,1,0
1956-09-01,1956,9,-0.46,,-0.98,-0.27,-0.19,-1.92,neutral,0,0,0,0
1956-10-01,1956,10,-0.42,,-0.97,-0.06,-0.44,-1.02,neutral,0,0,0,0
1956-11-01,1956,11,-0.43,,-1.14,-0.08,-0.43,-1.67,neutral,0,0,0,0
1956-12-01,1956,12,-0.43,,-0.89,0.05,-0.49,-0.24,neutral,0,0,0,0
1957-01-01,1957,1,-0.25,,-0.51,-0.33,-0.37,-0.18,neutral,0,0,0,0
1957-02-01,1957,2,0.06,,-0.22,-0.55,-0.11,-0.26,neutral,0,0,0,0
1957-03-01,1957,3,0.41,,0.18,-0.17,-0.07,0.13,neutral,0,0,0,0
1957-04-01,1957,4,0.72,,0.41,-0.36,-0.03,0.18,weak_el_nino,1,1,0,0
1957-05-01,1957,5,0.92,,0.62,-0.35,-0.26,0.63,weak_el_nino,1,1,0,0
1957-06-01,1957,6,1.11,,0.63,-0.08,-0.11,1.33,moderate_el_nino,1,1,0,0
1957-07-01,1957,7,1.25,,0.87,-0.06,-0.31,1.65,moderate_el_nino,1,1,0,0
1957-08-01,1957,8,1.32,,0.84,0.19,-0.21,2.44,moderate_el_nino,1,1,0,0
1957-09-01,1957,9,1.33,,0.72,0.21,-0.35,3.11,moderate_el_nino,1,1,0,0
1957-10-01,1957,10,1.39,,0.7,0.32,-0.38,2.64,moderate_el_nino,1,1,0,0
1957-11-01,1957,11,1.53,,0.92,0.23,-0.26,1.61,strong_el_nino,1,1,0,1
1957-12-01,1957,12,1.74,,1.3,0.17,-0.16,0.34,strong_el_nino,1,1,0,1
1958-01-01,1958,1,1.81,,1.78,0.25,-0.26,0.14,strong_el_nino,1,1,0,1
1958-02-01,1958,2,1.66,,1.49,0.66,-0.26,0.21,strong_el_nino,1,1,0,1
1958-03-01,1958,3,1.27,,0.98,0.91,-0.57,1.81,moderate_el_nino,1,1,0,0
1958-04-01,1958,4,0.93,,0.46,0.92,-0.63,1.54,weak_el_nino,1,1,0,0
1958-05-01,1958,5,0.74,,0.38,0.72,-1.07,2.46,weak_el_nino,1,1,0,0
1958-06-01,1958,6,0.64,,0.26,0.76,-1.06,5.76,weak_el_nino,1,1,0,0
1958-07-01,1958,7,0.57,,0.03,0.36,-0.51,2.95,weak_el_nino,1,1,0,0
1958-08-01,1958,8,0.43,,-0.01,0.27,-0.64,3.53,neutral,0,0,0,0
1958-09-01,1958,9,0.39,,-0.32,0.28,-0.63,2.79,neutral,0,0,0,0
1958-10-01,1958,10,0.44,,-0.27,0.07,-0.49,1.76,neutral,0,0,0,0
1958-11-01,1958,11,0.5,,0.05,0.19,-0.39,1.21,weak_el_nino,1,1,0,0
1958-12-01,1958,12,0.61,,0.02,0.2,-0.02,0.17,weak_el_nino,1,1,0,0
1959-01-01,1959,1,0.61,,0.53,0.28,0.04,0.19,weak_el_nino,1,1,0,0
1959-02-01,1959,2,0.62,,0.43,0.29,0.05,0.38,weak_el_nino,1,1,0,0
1959-03-01,1959,3,0.52,,0.19,-0.09,0.28,0.99,weak_el_nino,1,1,0,0
1959-04-01,1959,4,0.33,,0.06,-0.08,0.2,0.81,neutral,0,0,0,0
1959-05-01,1959,5,0.2,,-0.23,-0.22,-0.16,0.14,neutral,0,0,0,0
1959-06-01,1959,6,-0.07,,-0.35,-0.25,-0.14,-0.05,neutral,0,0,0,0
1959-07-01,1959,7,-0.18,,-0.86,-0.25,-0.24,1.16,neutral,0,0,0,0
1959-08-01,1959,8,-0.28,,-0.77,-0.29,-0.2,-0.48,neutral,0,0,0,0
1959-09-01,1959,9,-0.09,,-0.8,-0.15,-0.1,1.18,neutral,0,0,0,0
1959-10-01,1959,10,-0.03,,-0.48,-0.2,-0.13,0.19,neutral,0,0,0,0
1959-11-01,1959,11,0.05,,-0.66,-0.2,-0.22,0.22,neutral,0,0,0,0
1959-12-01,1959,12,-0.04,,-0.42,-0.23,-0.23,-0.17,neutral,0,0,0,0
1960-01-01,1960,1,-0.1,,-0.28,-0.07,-0.33,-0.15,neutral,0,0,0,0
1960-02-01,1960,2,-0.1,,-0.46,0.18,-0.41,-0.21,neutral,0,0,0,0
1960-03-01,1960,3,-0.07,,-0.3,0.2,-0.09,-0.63,neutral,0,0,0,0
1960-04-01,1960,4,0.03,,-0.33,0.13,-0.22,-0.76,neutral,0,0,0,0
1960-05-01,1960,5,0.02,,-0.25,0.27,0.01,1.14,neutral,0,0,0,0
1960-06-01,1960,6,0.03,,-0.49,0.1,-0.23,0.2,neutral,0,0,0,0
1960-07-01,1960,7,0.13,,-0.41,0.08,0.08,0.95,neutral,0,0,0,0
1960-08-01,1960,8,0.24,,-0.15,0.05,-0.02,1.42,neutral,0,0,0,0
1960-09-01,1960,9,0.27,,-0.28,-0.05,-0.05,1.39,neutral,0,0,0,0
1960-10-01,1960,10,0.2,,-0.49,-0.01,-0.1,1.27,neutral,0,0,0,0
1960-11-01,1960,11,0.12,,-0.45,0.1,0.01,0.82,neutral,0,0,0,0
1960-12-01,1960,12,0.05,,-0.38,-0.02,0.0,-0.01,neutral,0,0,0,0
1961-01-01,1961,1,0.04,,-0.31,-0.04,-0.0,-0.02,neutral,0,0,0,0
1961-02-01,1961,2,0.03,,-0.19,-0.07,-0.12,0.04,neutral,0,0,0,0
1961-03-01,1961,3,0.04,,-0.35,0.02,-0.02,-0.4,neutral,0,0,0,0
1961-04-01,1961,4,0.09,,-0.46,0.17,-0.1,-0.01,neutral,0,0,0,0
1961-05-01,1961,5,0.23,,-0.18,0.21,0.03,-0.26,neutral,0,0,0,0
1961-06-01,1961,6,0.27,,-0.06,-0.04,-0.1,-0.51,neutral,0,0,0,0
1961-07-01,1961,7,0.14,,-0.41,0.0,-0.21,-0.9,neutral,0,0,0,0
1961-08-01,1961,8,-0.13,,-0.67,0.09,-0.19,0.39,neutral,0,0,0,0
1961-09-01,1961,9,-0.3,,-0.94,-0.05,0.03,-0.2,neutral,0,0,0,0
1961-10-01,1961,10,-0.26,,-1.01,-0.13,-0.02,-0.43,neutral,0,0,0,0
1961-11-01,1961,11,-0.19,,-0.63,-0.06,-0.06,-0.22,neutral,0,0,0,0
1961-12-01,1961,12,-0.16,,-0.63,0.27,-0.12,-0.32,neutral,0,0,0,0
1962-01-01,1962,1,-0.24,,-0.59,0.22,-0.08,-0.18,neutral,0,0,0,0
1962-02-01,1962,2,-0.22,,-0.57,0.12,-0.16,-0.2,neutral,0,0,0,0
1962-03-01,1962,3,-0.2,,-0.48,0.41,-0.11,-0.53,neutral,0,0,0,0
1962-04-01,1962,4,-0.26,,-0.69,0.26,-0.01,-1.53,neutral,0,0,0,0
1962-05-01,1962,5,-0.28,,-0.89,0.36,0.18,-1.37,neutral,0,0,0,0
1962-06-01,1962,6,-0.2,,-0.65,0.06,0.08,-0.28,neutral,0,0,0,0
1962-07-01,1962,7,-0.04,,-0.53,0.26,-0.08,0.96,neutral,0,0,0,0
1962-08-01,1962,8,-0.07,,-0.53,0.19,-0.03,2.51,neutral,0,0,0,0
1962-09-01,1962,9,-0.11,,-0.78,0.09,-0.08,1.42,neutral,0,0,0,0
1962-10-01,1962,10,-0.22,,-0.75,0.08,0.03,1.46,neutral,0,0,0,0
1962-11-01,1962,11,-0.31,,-0.95,0.3,0.01,1.12,neutral,0,0,0,0
1962-12-01,1962,12,-0.43,,-0.93,0.51,-0.19,-0.24,neutral,0,0,0,0
1963-01-01,1963,1,-0.4,,-0.78,0.56,-0.05,-0.18,neutral,0,0,0,0
1963-02-01,1963,2,-0.15,,-0.53,0.51,0.01,-0.31,neutral,0,0,0,0
1963-03-01,1963,3,0.15,,-0.1,0.34,0.27,-0.08,neutral,0,0,0,0
1963-04-01,1963,4,0.27,,-0.03,0.42,0.21,0.4,neutral,0,0,0,0
1963-05-01,1963,5,0.31,,-0.3,0.14,0.42,-0.02,neutral,0,0,0,0
1963-06-01,1963,6,0.52,,-0.11,0.11,0.45,0.45,weak_el_nino,1,1,0,0
1963-07-01,1963,7,0.86,,0.49,0.17,0.43,-0.24,weak_el_nino,1,1,0,0
1963-08-01,1963,8,1.14,,0.62,0.13,0.45,2.47,moderate_el_nino,1,1,0,0
1963-09-01,1963,9,1.22,,0.68,-0.04,0.41,2.07,moderate_el_nino,1,1,0,0
1963-10-01,1963,10,1.29,,0.64,-0.03,0.45,1.77,moderate_el_nino,1,1,0,0
1963-11-01,1963,11,1.37,,0.77,0.17,0.69,1.91,moderate_el_nino,1,1,0,0
1963-12-01,1963,12,1.31,,1.02,0.04,0.77,-0.1,moderate_el_nino,1,1,0,0
1964-01-01,1964,1,1.07,,0.79,0.09,0.65,-0.08,moderate_el_nino,1,1,0,0
1964-02-01,1964,2,0.62,,0.38,0.28,0.31,-0.15,weak_el_nino,1,1,0,0
1964-03-01,1964,3,0.12,,-0.26,0.29,0.33,0.03,neutral,0,0,0,0
1964-04-01,1964,4,-0.33,,-0.87,-0.13,0.06,-0.46,neutral,0,0,0,0
1964-05-01,1964,5,-0.58,,-1.12,0.08,-0.22,-1.11,weak_la_nina,-1,0,1,0
1964-06-01,1964,6,-0.58,,-1.14,0.07,-0.14,-0.86,weak_la_nina,-1,0,1,0
1964-07-01,1964,7,-0.6,,-0.96,-0.06,-0.2,-0.5,weak_la_nina,-1,0,1,0
1964-08-01,1964,8,-0.66,,-1.26,-0.2,-0.21,-1.13,weak_la_nina,-1,0,1,0
1964-09-01,1964,9,-0.76,,-1.4,-0.26,-0.68,-1.03,weak_la_nina,-1,0,1,0
1964-10-01,1964,10,-0.8,,-1.35,-0.25,-0.79,-1.42,weak_la_nina,-1,0,1,0
1964-11-01,1964,11,-0.82,,-1.44,-0.09,-0.63,-1.36,weak_la_nina,-1,0,1,0
1964-12-01,1964,12,-0.78,,-1.37,-0.19,-0.76,-0.32,weak_la_nina,-1,0,1,0
1965-01-01,1965,1,-0.59,,-0.89,-0.36,-0.39,-0.18,weak_la_nina,-1,0,1,0
1965-02-01,1965,2,-0.28,,-0.56,-0.25,-0.08,-0.31,neutral,0,0,0,0
1965-03-01,1965,3,-0.07,,-0.34,-0.13,0.11,-0.64,neutral,0,0,0,0
1965-04-01,1965,4,0.18,,-0.44,-0.18,0.1,0.2,neutral,0,0,0,0
1965-05-01,1965,5,0.46,,0.06,-0.21,0.15,0.36,neutral,0,0,0,0
1965-06-01,1965,6,0.83,,0.36,-0.28,-0.17,-1.6,weak_el_nino,1,1,0,0
1965-07-01,1965,7,1.22,,0.61,-0.2,-0.39,-0.61,moderate_el_nino,1,1,0,0
1965-08-01,1965,8,1.54,,1.12,-0.2,-0.21,-1.14,strong_el_nino,1,1,0,1
1965-09-01,1965,9,1.85,,1.29,-0.12,-0.03,-0.57,strong_el_nino,1,1,0,1
1965-10-01,1965,10,1.98,,1.45,-0.1,-0.17,0.69,strong_el_nino,1,1,0,1
1965-11-01,1965,11,1.97,,1.42,-0.09,-0.3,0.67,strong_el_nino,1,1,0,1
1965-12-01,1965,12,1.72,,1.36,0.01,-0.25,0.31,strong_el_nino,1,1,0,1
1966-01-01,1966,1,1.37,,1.12,-0.02,-0.19,0.16,moderate_el_nino,1,1,0,0
1966-02-01,1966,2,1.17,,0.8,0.37,-0.28,0.06,moderate_el_nino,1,1,0,0
1966-03-01,1966,3,0.98,,0.93,0.43,-0.39,0.31,weak_el_nino,1,1,0,0
1966-04-01,1966,4,0.66,,0.35,0.52,0.08,0.32,weak_el_nino,1,1,0,0
1966-05-01,1966,5,0.35,,-0.38,0.36,0.13,-0.88,neutral,0,0,0,0
1966-06-01,1966,6,0.24,,-0.08,0.27,0.62,-1.18,neutral,0,0,0,0
1966-07-01,1966,7,0.24,,0.04,0.15,0.28,-0.21,neutral,0,0,0,0
1966-08-01,1966,8,0.12,,-0.37,0.03,-0.06,0.45,neutral,0,0,0,0
1966-09-01,1966,9,-0.05,,-0.44,0.07,-0.07,0.75,neutral,0,0,0,0
1966-10-01,1966,10,-0.1,,-0.5,0.1,-0.05,0.44,neutral,0,0,0,0
1966-11-01,1966,11,-0.18,,-0.47,0.35,0.21,1.14,neutral,0,0,0,0
1966-12-01,1966,12,-0.3,,-0.57,0.24,0.6,-0.32,neutral,0,0,0,0
1967-01-01,1967,1,-0.41,,-0.67,0.24,0.3,-0.18,neutral,0,0,0,0
1967-02-01,1967,2,-0.48,,-0.64,-0.0,0.3,-0.27,neutral,0,0,0,0
1967-03-01,1967,3,-0.53,,-0.78,-0.15,-0.03,-0.76,weak_la_nina,-1,0,1,0
1967-04-01,1967,4,-0.45,,-1.08,0.05,-0.2,-1.13,neutral,0,0,0,0
1967-05-01,1967,5,-0.24,,-0.59,-0.16,-0.37,-1.46,neutral,0,0,0,0
1967-06-01,1967,6,-0.0,,-0.26,-0.21,-0.61,-1.93,neutral,0,0,0,0
1967-07-01,1967,7,0.05,,-0.33,-0.2,-0.62,-1.99,neutral,0,0,0,0
1967-08-01,1967,8,-0.16,,-0.42,-0.3,-0.4,-2.77,neutral,0,0,0,0
1967-09-01,1967,9,-0.3,,-0.86,-0.14,-0.35,-1.35,neutral,0,0,0,0
1967-10-01,1967,10,-0.38,,-0.74,-0.14,-0.61,-0.35,neutral,0,0,0,0
1967-11-01,1967,11,-0.34,,-0.62,-0.33,-0.4,-0.25,neutral,0,0,0,0
1967-12-01,1967,12,-0.44,,-0.65,-0.23,-0.13,-0.3,neutral,0,0,0,0
1968-01-01,1968,1,-0.64,,-0.85,-0.3,-0.03,-0.18,weak_la_nina,-1,0,1,0
1968-02-01,1968,2,-0.74,,-1.07,-0.11,-0.24,-0.31,weak_la_nina,-1,0,1,0
1968-03-01,1968,3,-0.62,,-0.95,-0.06,-0.26,-0.97,weak_la_nina,-1,0,1,0
1968-04-01,1968,4,-0.44,,-0.72,-0.11,-0.01,-2.6,neutral,0,0,0,0
1968-05-01,1968,5,-0.04,,-0.75,-0.09,-0.01,-2.48,neutral,0,0,0,0
1968-06-01,1968,6,0.28,,0.15,-0.25,0.08,-2.23,neutral,0,0,0,0
1968-07-01,1968,7,0.58,,0.28,-0.19,0.24,-0.94,weak_el_nino,1,1,0,0
1968-08-01,1968,8,0.53,,0.16,-0.14,0.2,0.0,weak_el_nino,1,1,0,0
1968-09-01,1968,9,0.45,,0.01,-0.07,0.29,1.23,neutral,0,0,0,0
1968-10-01,1968,10,0.55,,0.04,0.09,0.44,0.63,weak_el_nino,1,1,0,0
1968-11-01,1968,11,0.73,,0.5,0.17,0.49,0.76,weak_el_nino,1,1,0,0
1968-12-01,1968,12,0.98,,0.67,0.28,0.5,-0.14,weak_el_nino,1,1,0,0
1969-01-01,1969,1,1.13,,0.95,0.43,0.32,-0.09,moderate_el_nino,1,1,0,0
1969-02-01,1969,2,1.09,,1.11,0.74,0.53,0.0,moderate_el_nino,1,1,0,0
1969-03-01,1969,3,0.95,,0.54,1.13,0.38,2.05,weak_el_nino,1,1,0,0
1969-04-01,1969,4,0.77,,0.31,0.84,0.35,2.09,weak_el_nino,1,1,0,0
1969-05-01,1969,5,0.61,,0.35,0.73,0.2,4.28,weak_el_nino,1,1,0,0
1969-06-01,1969,6,0.43,,-0.04,0.37,-0.05,4.28,neutral,0,0,0,0
1969-07-01,1969,7,0.36,,-0.21,0.39,-0.15,4.65,neutral,0,0,0,0
1969-08-01,1969,8,0.51,,0.16,0.34,0.01,1.94,weak_el_nino,1,1,0,0
1969-09-01,1969,9,0.79,,0.43,0.27,-0.09,2.47,weak_el_nino,1,1,0,0
1969-10-01,1969,10,0.86,,0.62,0.17,-0.06,1.26,weak_el_nino,1,1,0,0
1969-11-01,1969,11,0.81,,0.4,0.34,-0.07,1.99,weak_el_nino,1,1,0,0
1969-12-01,1969,12,0.63,,0.38,0.44,-0.19,-0.19,weak_el_nino,1,1,0,0
1970-01-01,1970,1,0.51,,0.28,0.64,-0.34,-0.18,weak_el_nino,1,1,0,0
1970-02-01,1970,2,0.34,,0.2,0.64,-0.26,-0.29,neutral,0,0,0,0
1970-03-01,1970,3,0.29,,-0.14,0.83,-0.2,-0.74,neutral,0,0,0,0
1970-04-01,1970,4,0.19,,-0.08,0.68,-0.28,-0.42,neutral,0,0,0,0
1970-05-01,1970,5,0.04,,-0.3,0.51,-0.19,-1.1,neutral,0,0,0,0
1970-06-01,1970,6,-0.3,,-0.69,0.24,-0.33,-1.1,neutral,0,0,0,0
1970-07-01,1970,7,-0.63,,-1.08,-0.03,-0.11,-1.28,weak_la_nina,-1,0,1,0
1970-08-01,1970,8,-0.76,,-1.26,-0.07,-0.24,-0.55,weak_la_nina,-1,0,1,0
1970-09-01,1970,9,-0.77,,-1.07,-0.12,-0.22,-0.24,weak_la_nina,-1,0,1,0
1970-10-01,1970,10,-0.74,,-1.12,-0.06,-0.39,-0.13,weak_la_nina,-1,0,1,0
1970-11-01,1970,11,-0.86,,-1.13,-0.02,-0.2,-0.22,weak_la_nina,-1,0,1,0
1970-12-01,1970,12,-1.15,,-1.33,0.03,-0.34,-0.32,moderate_la_nina,-1,0,1,0
1971-01-01,1971,1,-1.36,,-1.73,0.1,-0.01,-0.18,moderate_la_nina,-1,0,1,0
1971-02-01,1971,2,-1.38,,-1.57,-0.03,0.02,-0.31,moderate_la_nina,-1,0,1,0
1971-03-01,1971,3,-1.12,,-1.36,-0.18,-0.06,-0.97,moderate_la_nina,-1,0,1,0
1971-04-01,1971,4,-0.85,,-1.18,-0.34,0.09,-2.56,weak_la_nina,-1,0,1,0
1971-05-01,1971,5,-0.73,,-0.98,-0.46,0.25,-2.34,weak_la_nina,-1,0,1,0
1971-06-01,1971,6,-0.74,,-1.13,-0.62,0.17,-1.99,weak_la_nina,-1,0,1,0
1971-07-01,1971,7,-0.8,,-1.17,-0.45,-0.23,-1.55,weak_la_nina,-1,0,1,0
1971-08-01,1971,8,-0.77,,-1.1,-0.46,-0.2,-3.01,weak_la_nina,-1,0,1,0
1971-09-01,1971,9,-0.82,,-1.0,-0.29,-0.16,-4.02,weak_la_nina,-1,0,1,0
1971-10-01,1971,10,-0.85,,-1.24,-0.18,-0.38,-3.37,weak_la_nina,-1,0,1,0
1971-11-01,1971,11,-0.96,,-1.15,-0.13,-0.68,-1.93,weak_la_nina,-1,0,1,0
1971-12-01,1971,12,-0.9,,-1.23,-0.31,-0.79,-0.32,weak_la_nina,-1,0,1,0
1972-01-01,1972,1,-0.71,,-0.92,-0.27,-0.08,-0.13,weak_la_nina,-1,0,1,0
1972-02-01,1972,2,-0.35,,-0.45,-0.38,-0.06,-0.31,neutral,0,0,0,0
1972-03-01,1972,3,0.06,,-0.19,-0.5,-0.18,-0.58,neutral,0,0,0,0
1972-04-01,1972,4,0.41,,0.07,-0.31,0.03,0.32,neutral,0,0,0,0
1972-05-01,1972,5,0.67,,0.38,-0.46,-0.03,0.17,weak_el_nino,1,1,0,0
1972-06-01,1972,6,0.92,,0.45,-0.35,0.09,-1.39,weak_el_nino,1,1,0,0
1972-07-01,1972,7,1.13,,0.85,-0.4,0.25,-0.66,moderate_el_nino,1,1,0,0
1972-08-01,1972,8,1.37,,1.09,-0.44,0.26,-1.47,moderate_el_nino,1,1,0,0
1972-09-01,1972,9,1.58,,1.23,-0.33,0.23,-1.25,strong_el_nino,1,1,0,1
1972-10-01,1972,10,1.84,,1.54,-0.08,0.29,1.54,strong_el_nino,1,1,0,1
1972-11-01,1972,11,2.09,,1.9,-0.09,0.44,0.9,strong_el_nino,1,1,0,1
1972-12-01,1972,12,2.12,,2.09,-0.37,0.89,0.65,strong_el_nino,1,1,0,1
1973-01-01,1973,1,1.84,,1.8,-0.31,0.8,0.14,strong_el_nino,1,1,0,1
1973-02-01,1973,2,1.25,,1.2,-0.3,0.72,0.05,moderate_el_nino,1,1,0,0
1973-03-01,1973,3,0.54,,0.27,-0.32,0.59,1.02,weak_el_nino,1,1,0,0
1973-04-01,1973,4,-0.1,,-0.58,-0.19,0.76,0.19,neutral,0,0,0,0
1973-05-01,1973,5,-0.54,,-0.97,0.04,0.93,-0.22,weak_la_nina,-1,0,1,0
1973-06-01,1973,6,-0.87,,-1.18,-0.07,0.75,-1.05,weak_la_nina,-1,0,1,0
1973-07-01,1973,7,-1.11,,-1.54,-0.05,0.67,-0.57,moderate_la_nina,-1,0,1,0
1973-08-01,1973,8,-1.28,,-1.63,-0.16,0.58,-1.08,moderate_la_nina,-1,0,1,0
1973-09-01,1973,9,-1.45,,-1.66,-0.16,0.75,-0.7,moderate_la_nina,-1,0,1,0
1973-10-01,1973,10,-1.71,,-1.98,-0.26,0.67,-1.95,strong_la_nina,-1,0,1,1
1973-11-01,1973,11,-1.95,,-2.37,-0.23,0.54,-1.47,strong_la_nina,-1,0,1,1
1973-12-01,1973,12,-2.03,,-2.26,-0.1,0.4,-0.3,strong_la_nina,-1,0,1,1
1974-01-01,1974,1,-1.84,,-2.09,-0.28,0.34,-0.18,strong_la_nina,-1,0,1,1
1974-02-01,1974,2,-1.55,,-1.66,-0.51,0.14,-0.31,strong_la_nina,-1,0,1,1
1974-03-01,1974,3,-1.23,,-1.45,-0.73,0.15,-0.84,moderate_la_nina,-1,0,1,0
1974-04-01,1974,4,-1.03,,-1.36,-1.09,0.36,-0.78,moderate_la_nina,-1,0,1,0
1974-05-01,1974,5,-0.91,,-1.29,-0.89,0.49,-1.52,weak_la_nina,-1,0,1,0
1974-06-01,1974,6,-0.77,,-1.2,-0.61,0.43,-1.73,weak_la_nina,-1,0,1,0
1974-07-01,1974,7,-0.53,,-0.9,-0.5,0.58,-2.83,weak_la_nina,-1,0,1,0
1974-08-01,1974,8,-0.37,,-0.52,-0.39,0.42,-3.2,neutral,0,0,0,0
1974-09-01,1974,9,-0.41,,-0.64,-0.5,0.14,-4.37,neutral,0,0,0,0
1974-10-01,1974,10,-0.61,,-0.94,-0.46,0.11,-3.63,weak_la_nina,-1,0,1,0
1974-11-01,1974,11,-0.75,,-1.09,-0.51,0.25,-1.88,weak_la_nina,-1,0,1,0
1974-12-01,1974,12,-0.64,,-0.97,-0.51,0.11,-0.18,weak_la_nina,-1,0,1,0
1975-01-01,1975,1,-0.54,,-0.45,-0.24,-0.13,-0.18,weak_la_nina,-1,0,1,0
1975-02-01,1975,2,-0.57,,-0.68,-0.41,-0.19,-0.31,weak_la_nina,-1,0,1,0
1975-03-01,1975,3,-0.65,,-1.09,-0.49,-0.15,-0.32,weak_la_nina,-1,0,1,0
1975-04-01,1975,4,-0.73,,-0.96,-0.45,-0.11,-0.22,weak_la_nina,-1,0,1,0
1975-05-01,1975,5,-0.83,,-1.13,-0.7,0.04,-1.23,weak_la_nina,-1,0,1,0
1975-06-01,1975,6,-0.98,,-1.5,-0.4,0.17,-1.2,weak_la_nina,-1,0,1,0
1975-07-01,1975,7,-1.13,,-1.39,-0.28,0.03,-2.58,moderate_la_nina,-1,0,1,0
1975-08-01,1975,8,-1.2,,-1.52,-0.15,-0.02,-3.62,moderate_la_nina,-1,0,1,0
1975-09-01,1975,9,-1.37,,-1.66,-0.26,-0.24,-3.5,moderate_la_nina,-1,0,1,0
1975-10-01,1975,10,-1.43,,-1.83,-0.3,-0.18,-3.12,moderate_la_nina,-1,0,1,0
1975-11-01,1975,11,-1.55,,-1.66,-0.39,-0.03,-2.13,strong_la_nina,-1,0,1,1
1975-12-01,1975,12,-1.65,,-1.93,-0.26,-0.34,-0.32,strong_la_nina,-1,0,1,1
1976-01-01,1976,1,-1.56,,-2.01,-0.3,-0.41,-0.18,strong_la_nina,-1,0,1,1
1976-02-01,1976,2,-1.17,,-1.26,-0.48,-0.4,-0.31,moderate_la_nina,-1,0,1,0
1976-03-01,1976,3,-0.73,,-0.82,-0.81,-0.48,-0.87,weak_la_nina,-1,0,1,0
1976-04-01,1976,4,-0.47,,-0.93,-0.66,-0.67,-1.08,neutral,0,0,0,0
1976-05-01,1976,5,-0.28,,-0.74,-0.79,-0.7,-1.05,neutral,0,0,0,0
1976-06-01,1976,6,-0.05,,-0.38,-0.59,-0.6,-1.78,neutral,0,0,0,0
1976-07-01,1976,7,0.18,,-0.16,-0.37,-0.67,-2.35,neutral,0,0,0,0
1976-08-01,1976,8,0.35,,0.12,0.07,-0.48,-2.27,neutral,0,0,0,0
1976-09-01,1976,9,0.62,,0.3,0.14,-0.32,-3.46,weak_el_nino,1,1,0,0
1976-10-01,1976,10,0.81,,0.75,0.18,-0.36,0.23,weak_el_nino,1,1,0,0
1976-11-01,1976,11,0.86,,0.71,0.04,-0.45,0.04,weak_el_nino,1,1,0,0
1976-12-01,1976,12,0.85,,0.49,-0.31,-0.21,-0.25,weak_el_nino,1,1,0,0
1977-01-01,1977,1,0.71,,0.78,-0.15,-0.19,-0.14,weak_el_nino,1,1,0,0
1977-02-01,1977,2,0.64,,0.37,-0.22,-0.0,-0.16,weak_el_nino,1,1,0,0
1977-03-01,1977,3,0.34,,0.19,-0.11,0.0,-0.59,neutral,0,0,0,0
1977-04-01,1977,4,0.23,,-0.38,-0.09,-0.03,-1.17,neutral,0,0,0,0
1977-05-01,1977,5,0.21,,-0.21,-0.07,-0.05,-0.96,neutral,0,0,0,0
1977-06-01,1977,6,0.34,,0.01,0.05,-0.09,-1.57,neutral,0,0,0,0
1977-07-01,1977,7,0.35,,0.09,-0.14,-0.14,-0.65,neutral,0,0,0,0
1977-08-01,1977,8,0.42,,-0.01,-0.28,0.01,-2.0,neutral,0,0,0,0
1977-09-01,1977,9,0.57,,0.4,-0.23,0.03,-1.31,weak_el_nino,1,1,0,0
1977-10-01,1977,10,0.73,,0.63,-0.24,-0.09,-0.64,weak_el_nino,1,1,0,0
1977-11-01,1977,11,0.81,,0.48,-0.26,-0.08,-0.52,weak_el_nino,1,1,0,0
1977-12-01,1977,12,0.79,,0.7,-0.15,-0.07,0.01,weak_el_nino,1,1,0,0
1978-01-01,1978,1,0.69,,0.62,0.11,-0.19,-0.17,weak_el_nino,1,1,0,0
1978-02-01,1978,2,0.42,,0.25,0.2,-0.29,-0.22,neutral,0,0,0,0
1978-03-01,1978,3,0.06,,-0.2,0.25,-0.45,-0.64,neutral,0,0,0,0
1978-04-01,1978,4,-0.18,,-0.7,0.26,-0.65,-0.78,neutral,0,0,0,0
1978-05-01,1978,5,-0.31,,-0.74,0.08,-0.64,-1.0,neutral,0,0,0,0
1978-06-01,1978,6,-0.29,,-0.71,-0.14,-0.47,-0.49,neutral,0,0,0,0
1978-07-01,1978,7,-0.36,,-0.55,-0.33,-0.08,-1.35,neutral,0,0,0,0
1978-08-01,1978,8,-0.42,,-0.79,-0.33,-0.2,-2.03,neutral,0,0,0,0
1978-09-01,1978,9,-0.42,,-0.71,-0.21,-0.35,-2.5,neutral,0,0,0,0
1978-10-01,1978,10,-0.29,,-0.46,0.08,-0.38,-1.52,neutral,0,0,0,0
1978-11-01,1978,11,-0.08,,-0.38,0.01,-0.43,-1.29,neutral,0,0,0,0
1978-12-01,1978,12,0.0,,-0.06,-0.19,-0.16,-0.11,neutral,0,0,0,0
1979-01-01,1979,1,0.03,0.47,-0.13,0.17,-0.16,-0.18,neutral,0,0,0,0
1979-02-01,1979,2,0.07,0.29,-0.22,0.28,-0.24,-0.23,neutral,0,0,0,0
1979-03-01,1979,3,0.2,-0.05,-0.02,0.15,-0.31,-0.74,neutral,0,0,0,0
1979-04-01,1979,4,0.28,0.21,0.02,0.29,0.01,-0.03,neutral,0,0,0,0
1979-05-01,1979,5,0.23,0.27,-0.25,0.35,0.07,-0.53,neutral,0,0,0,0
1979-06-01,1979,6,0.05,-0.11,-0.29,0.42,0.1,-0.78,neutral,0,0,0,0
1979-07-01,1979,7,0.04,-0.11,-0.47,0.28,0.14,-0.58,neutral,0,0,0,0
1979-08-01,1979,8,0.17,0.47,-0.1,0.08,0.27,-0.91,neutral,0,0,0,0
1979-09-01,1979,9,0.33,0.38,0.28,0.1,0.29,-1.78,neutral,0,0,0,0
1979-10-01,1979,10,0.45,0.23,0.11,0.1,0.05,0.43,neutral,0,0,0,0
1979-11-01,1979,11,0.52,0.53,0.29,0.11,0.06,-0.28,weak_el_nino,1,1,0,0
1979-12-01,1979,12,0.64,0.63,0.52,0.26,-0.02,-0.22,weak_el_nino,1,1,0,0
1980-01-01,1980,1,0.59,0.33,0.54,0.4,-0.15,-0.12,weak_el_nino,1,1,0,0
1980-02-01,1980,2,0.46,0.2,0.22,0.41,-0.34,-0.18,neutral,0,0,0,0
1980-03-01,1980,3,0.34,0.39,0.03,0.17,-0.26,-0.59,neutral,0,0,0,0
1980-04-01,1980,4,0.38,0.51,-0.07,0.56,-0.11,-0.1,neutral,0,0,0,0
1980-05-01,1980,5,0.48,0.45,0.08,0.71,-0.04,0.97,neutral,0,0,0,0
1980-06-01,1980,6,0.46,0.55,0.21,0.47,-0.08,1.19,neutral,0,0,0,0
1980-07-01,1980,7,0.25,0.47,-0.06,0.19,-0.06,-0.01,neutral,0,0,0,0
1980-08-01,1980,8,0.03,0.03,-0.38,0.29,0.03,0.33,neutral,0,0,0,0
1980-09-01,1980,9,-0.07,0.12,-0.28,0.21,0.11,1.22,neutral,0,0,0,0
1980-10-01,1980,10,0.02,0.02,-0.26,0.05,-0.03,0.21,neutral,0,0,0,0
1980-11-01,1980,11,0.11,-0.07,-0.1,0.03,-0.25,0.24,neutral,0,0,0,0
1980-12-01,1980,12,-0.01,-0.12,0.05,-0.02,-0.59,-0.17,neutral,0,0,0,0
1981-01-01,1981,1,-0.26,-0.36,-0.36,0.27,-0.27,-0.18,neutral,0,0,0,0
1981-02-01,1981,2,-0.5,-0.23,-0.64,0.16,-0.47,-0.31,weak_la_nina,-1,0,1,0
1981-03-01,1981,3,-0.47,0.33,-0.64,0.6,-0.64,-0.75,neutral,0,0,0,0
1981-04-01,1981,4,-0.37,0.43,-0.53,0.34,-0.52,-1.21,neutral,0,0,0,0
1981-05-01,1981,5,-0.26,-0.24,-0.57,0.36,-0.4,-0.75,neutral,0,0,0,0
1981-06-01,1981,6,-0.29,-0.7,-0.46,0.18,-0.22,-0.8,neutral,0,0,0,0
1981-07-01,1981,7,-0.3,-0.61,-0.64,0.15,-0.23,-0.74,neutral,0,0,0,0
1981-08-01,1981,8,-0.25,-0.34,-0.53,0.09,0.12,-0.42,neutral,0,0,0,0
1981-09-01,1981,9,-0.16,-0.07,-0.19,0.14,0.2,0.79,neutral,0,0,0,0
1981-10-01,1981,10,-0.13,-0.16,-0.3,0.04,0.35,-0.6,neutral,0,0,0,0
1981-11-01,1981,11,-0.15,-0.27,-0.41,0.13,0.26,0.13,neutral,0,0,0,0
1981-12-01,1981,12,-0.08,-0.19,-0.2,0.27,0.1,-0.14,neutral,0,0,0,0
1982-01-01,1982,1,-0.05,-0.43,0.13,0.19,0.03,-0.18,neutral,0,0,0,0
1982-02-01,1982,2,0.07,-0.49,-0.17,-0.07,-0.2,-0.15,neutral,0,0,0,0
1982-03-01,1982,3,0.19,-0.27,0.13,-0.07,-0.21,-0.36,neutral,0,0,0,0
1982-04-01,1982,4,0.47,-0.36,0.21,-0.16,-0.35,0.67,neutral,0,0,0,0
1982-05-01,1982,5,0.66,-0.12,0.45,-0.03,-0.37,0.46,weak_el_nino,1,1,0,0
1982-06-01,1982,6,0.72,0.62,0.53,-0.15,-0.45,-0.14,weak_el_nino,1,1,0,0
1982-07-01,1982,7,0.79,1.65,0.37,-0.27,-0.44,-0.45,weak_el_nino,1,1,0,0
1982-08-01,1982,8,1.07,1.91,0.73,-0.3,-0.57,-2.01,moderate_el_nino,1,1,0,0
1982-09-01,1982,9,1.58,1.69,1.49,-0.28,-0.31,-2.14,strong_el_nino,1,1,0,1
1982-10-01,1982,10,1.97,1.78,1.99,-0.34,-0.11,-2.22,strong_el_nino,1,1,0,1
1982-11-01,1982,11,2.18,2.14,1.92,-0.46,-0.28,-1.34,strong_el_nino,1,1,0,1
1982-12-01,1982,12,2.23,2.37,2.2,-0.5,-0.17,0.47,strong_el_nino,1,1,0,1
1983-01-01,1983,1,2.18,2.48,2.35,-0.36,0.33,1.62,strong_el_nino,1,1,0,1
1983-02-01,1983,2,1.92,2.68,1.94,-0.02,0.37,3.18,strong_el_nino,1,1,0,1
1983-03-01,1983,3,1.54,2.61,1.38,0.44,-0.14,4.46,strong_el_nino,1,1,0,1
1983-04-01,1983,4,1.29,2.76,0.95,0.45,-0.25,3.73,moderate_el_nino,1,1,0,0
1983-05-01,1983,5,1.06,2.86,0.9,0.17,-0.45,4.11,moderate_el_nino,1,1,0,0
1983-06-01,1983,6,0.72,1.98,0.54,0.35,-0.45,4.82,weak_el_nino,1,1,0,0
1983-07-01,1983,7,0.31,0.63,-0.11,0.23,-0.31,3.36,neutral,0,0,0,0
1983-08-01,1983,8,-0.08,-0.17,-0.27,0.01,-0.08,1.96,neutral,0,0,0,0
1983-09-01,1983,9,-0.46,-0.49,-0.52,-0.18,0.04,0.19,neutral,0,0,0,0
1983-10-01,1983,10,-0.81,-0.53,-1.16,-0.15,-0.08,0.04,weak_la_nina,-1,0,1,0
1983-11-01,1983,11,-1.0,-0.47,-1.29,0.05,0.06,-0.02,moderate_la_nina,-1,0,1,0
1983-12-01,1983,12,-0.91,-0.5,-1.03,0.23,0.39,0.28,weak_la_nina,-1,0,1,0
1984-01-01,1984,1,-0.6,-0.54,-0.67,-0.05,0.68,-0.18,weak_la_nina,-1,0,1,0
1984-02-01,1984,2,-0.42,-0.56,-0.19,-0.2,0.65,-0.31,neutral,0,0,0,0
1984-03-01,1984,3,-0.34,-0.16,-0.52,-0.1,0.79,-0.52,neutral,0,0,0,0
1984-04-01,1984,4,-0.43,0.07,-0.68,-0.19,0.5,-0.07,neutral,0,0,0,0
1984-05-01,1984,5,-0.51,-0.45,-0.73,-0.16,0.26,-0.82,weak_la_nina,-1,0,1,0
1984-06-01,1984,6,-0.45,-0.66,-0.9,-0.37,0.46,-2.62,neutral,0,0,0,0
1984-07-01,1984,7,-0.3,-0.34,-0.5,-0.35,0.55,-3.1,neutral,0,0,0,0
1984-08-01,1984,8,-0.16,-0.2,-0.24,-0.28,0.77,-4.28,neutral,0,0,0,0
1984-09-01,1984,9,-0.24,-0.14,-0.34,-0.24,0.84,-6.1,neutral,0,0,0,0
1984-10-01,1984,10,-0.56,-0.19,-0.67,-0.49,0.59,-5.33,weak_la_nina,-1,0,1,0
1984-11-01,1984,11,-0.92,-0.58,-1.19,-0.46,0.31,-2.05,weak_la_nina,-1,0,1,0
1984-12-01,1984,12,-1.14,-0.28,-1.34,-0.5,0.25,-0.32,moderate_la_nina,-1,0,1,0
1985-01-01,1985,1,-1.04,-0.25,-1.16,-0.43,0.32,-0.18,moderate_la_nina,-1,0,1,0
1985-02-01,1985,2,-0.85,-0.58,-0.72,-0.37,0.52,-0.31,weak_la_nina,-1,0,1,0
1985-03-01,1985,3,-0.77,-0.6,-0.79,-0.62,0.14,-0.92,weak_la_nina,-1,0,1,0
1985-04-01,1985,4,-0.78,-0.76,-1.18,-0.65,0.15,-2.42,weak_la_nina,-1,0,1,0
1985-05-01,1985,5,-0.78,-1.23,-1.03,-0.7,0.24,-1.91,weak_la_nina,-1,0,1,0
1985-06-01,1985,6,-0.63,-0.67,-0.91,-0.3,0.04,-1.62,weak_la_nina,-1,0,1,0
1985-07-01,1985,7,-0.49,-0.1,-0.74,-0.05,0.27,-2.29,neutral,0,0,0,0
1985-08-01,1985,8,-0.46,-0.49,-0.56,-0.08,0.1,-2.79,neutral,0,0,0,0
1985-09-01,1985,9,-0.4,-0.56,-0.7,-0.16,0.02,-3.09,neutral,0,0,0,0
1985-10-01,1985,10,-0.35,-0.08,-0.49,-0.14,0.27,-2.95,neutral,0,0,0,0
1985-11-01,1985,11,-0.27,-0.06,-0.37,-0.08,0.24,-1.77,neutral,0,0,0,0
1985-12-01,1985,12,-0.36,-0.42,-0.41,-0.25,0.29,-0.25,neutral,0,0,0,0
1986-01-01,1986,1,-0.49,-0.4,-0.66,-0.62,0.2,-0.18,neutral,0,0,0,0
1986-02-01,1986,2,-0.47,-0.34,-0.71,-0.63,0.47,-0.31,neutral,0,0,0,0
1986-03-01,1986,3,-0.31,-0.4,-0.42,-0.61,0.38,-0.77,neutral,0,0,0,0
1986-04-01,1986,4,-0.2,-0.53,-0.33,-0.64,0.28,-1.81,neutral,0,0,0,0
1986-05-01,1986,5,-0.12,-0.26,-0.53,-0.54,0.26,-0.99,neutral,0,0,0,0
1986-06-01,1986,6,-0.04,0.01,-0.31,-0.59,0.41,-1.97,neutral,0,0,0,0
1986-07-01,1986,7,0.22,0.41,-0.11,-0.38,0.19,-1.29,neutral,0,0,0,0
1986-08-01,1986,8,0.44,0.97,0.32,-0.41,0.21,-2.29,neutral,0,0,0,0
1986-09-01,1986,9,0.71,1.29,0.53,0.04,0.3,-1.08,weak_el_nino,1,1,0,0
1986-10-01,1986,10,0.94,0.56,0.81,-0.2,0.14,-2.0,weak_el_nino,1,1,0,0
1986-11-01,1986,11,1.14,0.64,1.01,-0.6,-0.17,-1.46,moderate_el_nino,1,1,0,0
1986-12-01,1986,12,1.22,1.06,1.12,-0.69,0.02,0.01,moderate_el_nino,1,1,0,0
1987-01-01,1987,1,1.23,1.03,1.14,-0.32,0.02,-0.03,moderate_el_nino,1,1,0,0
1987-02-01,1987,2,1.19,1.16,1.13,-0.17,0.08,0.19,moderate_el_nino,1,1,0,0
1987-03-01,1987,3,1.06,1.57,0.98,0.22,0.16,1.8,moderate_el_nino,1,1,0,0
1987-04-01,1987,4,0.95,1.74,0.58,0.33,0.04,2.43,weak_el_nino,1,1,0,0
1987-05-01,1987,5,0.97,1.96,0.62,0.37,0.28,2.7,weak_el_nino,1,1,0,0
1987-06-01,1987,6,1.22,2.07,0.92,0.62,0.42,3.15,moderate_el_nino,1,1,0,0
1987-07-01,1987,7,1.51,1.88,1.29,0.48,0.5,4.02,strong_el_nino,1,1,0,1
1987-08-01,1987,8,1.7,1.46,1.57,0.56,0.43,5.14,strong_el_nino,1,1,0,1
1987-09-01,1987,9,1.65,1.26,1.65,0.4,0.32,5.43,strong_el_nino,1,1,0,1
1987-10-01,1987,10,1.48,1.18,1.24,0.45,0.42,4.2,moderate_el_nino,1,1,0,0
1987-11-01,1987,11,1.25,0.9,1.07,0.36,0.63,3.5,moderate_el_nino,1,1,0,0
1987-12-01,1987,12,1.11,0.79,0.94,0.52,0.39,0.72,moderate_el_nino,1,1,0,0
1988-01-01,1988,1,0.81,0.63,0.9,0.15,0.63,0.3,weak_el_nino,1,1,0,0
1988-02-01,1988,2,0.54,0.33,0.28,-0.02,0.66,-0.01,weak_el_nino,1,1,0,0
1988-03-01,1988,3,0.14,0.17,0.1,0.27,0.77,0.76,neutral,0,0,0,0
1988-04-01,1988,4,-0.31,-0.01,-0.44,0.38,0.59,-0.03,neutral,0,0,0,0
1988-05-01,1988,5,-0.88,-0.39,-1.25,0.29,0.71,0.15,weak_la_nina,-1,0,1,0
1988-06-01,1988,6,-1.3,-1.17,-1.74,0.34,0.73,-0.31,moderate_la_nina,-1,0,1,0
1988-07-01,1988,7,-1.3,-1.78,-1.74,0.27,0.46,-0.38,moderate_la_nina,-1,0,1,0
1988-08-01,1988,8,-1.11,-1.81,-1.19,0.03,0.5,-0.96,moderate_la_nina,-1,0,1,0
1988-09-01,1988,9,-1.19,-1.8,-1.0,0.06,0.3,-1.85,moderate_la_nina,-1,0,1,0
1988-10-01,1988,10,-1.48,-1.59,-1.9,-0.2,0.37,-2.32,moderate_la_nina,-1,0,1,0
1988-11-01,1988,11,-1.8,-1.7,-2.05,-0.23,0.14,-1.7,strong_la_nina,-1,0,1,1
1988-12-01,1988,12,-1.85,-1.55,-1.96,-0.23,0.19,-0.2,strong_la_nina,-1,0,1,1
1989-01-01,1989,1,-1.69,-1.12,-1.97,-0.42,0.41,-0.18,strong_la_nina,-1,0,1,1
1989-02-01,1989,2,-1.43,-1.1,-1.47,-0.48,0.23,-0.31,moderate_la_nina,-1,0,1,0
1989-03-01,1989,3,-1.08,-1.24,-1.21,-0.66,0.35,-0.92,moderate_la_nina,-1,0,1,0
1989-04-01,1989,4,-0.83,-1.09,-1.08,-0.89,0.29,-1.91,weak_la_nina,-1,0,1,0
1989-05-01,1989,5,-0.58,-1.03,-0.88,-0.66,0.33,-1.29,weak_la_nina,-1,0,1,0
1989-06-01,1989,6,-0.4,-0.99,-0.59,-0.17,0.31,-1.86,neutral,0,0,0,0
1989-07-01,1989,7,-0.31,-1.08,-0.57,0.25,0.26,-1.33,neutral,0,0,0,0
1989-08-01,1989,8,-0.27,-0.66,-0.53,0.39,0.39,-0.95,neutral,0,0,0,0
1989-09-01,1989,9,-0.24,-0.53,-0.3,0.06,0.21,-2.1,neutral,0,0,0,0
1989-10-01,1989,10,-0.22,-0.49,-0.4,0.12,0.28,-0.8,neutral,0,0,0,0
1989-11-01,1989,11,-0.16,-0.36,-0.45,-0.04,-0.06,-0.52,neutral,0,0,0,0
1989-12-01,1989,12,-0.05,-0.07,-0.13,0.22,-0.25,0.02,neutral,0,0,0,0
1990-01-01,1990,1,0.14,0.13,0.01,-0.08,-0.34,-0.12,neutral,0,0,0,0
1990-02-01,1990,2,0.21,0.45,0.21,-0.1,0.13,-0.12,neutral,0,0,0,0
1990-03-01,1990,3,0.28,0.61,0.04,-0.04,0.32,-0.31,neutral,0,0,0,0
1990-04-01,1990,4,0.29,0.17,0.08,0.06,0.35,0.73,neutral,0,0,0,0
1990-05-01,1990,5,0.29,0.08,0.08,0.13,-0.06,0.48,neutral,0,0,0,0
1990-06-01,1990,6,0.31,0.05,-0.08,-0.02,0.08,0.85,neutral,0,0,0,0
1990-07-01,1990,7,0.33,0.13,0.09,0.06,-0.11,0.62,neutral,0,0,0,0
1990-08-01,1990,8,0.38,0.02,0.22,0.3,-0.13,0.45,neutral,0,0,0,0
1990-09-01,1990,9,0.39,0.22,0.22,0.4,-0.07,2.86,neutral,0,0,0,0
1990-10-01,1990,10,0.35,-0.07,0.21,0.41,0.1,2.7,neutral,0,0,0,0
1990-11-01,1990,11,0.4,0.12,0.1,0.33,0.17,0.75,neutral,0,0,0,0
1990-12-01,1990,12,0.41,0.31,0.35,0.17,0.22,0.02,neutral,0,0,0,0
1991-01-01,1991,1,0.41,0.19,0.49,-0.14,0.12,-0.04,neutral,0,0,0,0
1991-02-01,1991,2,0.26,0.08,0.32,-0.11,0.06,-0.04,neutral,0,0,0,0
1991-03-01,1991,3,0.22,0.2,0.03,-0.22,0.14,0.43,neutral,0,0,0,0
1991-04-01,1991,4,0.26,0.2,0.19,-0.39,0.31,0.96,neutral,0,0,0,0
1991-05-01,1991,5,0.45,0.35,0.26,-0.42,0.49,0.71,neutral,0,0,0,0
1991-06-01,1991,6,0.64,0.97,0.52,-0.43,0.44,1.49,weak_el_nino,1,1,0,0
1991-07-01,1991,7,0.73,0.91,0.76,-0.39,0.05,0.86,weak_el_nino,1,1,0,0
1991-08-01,1991,8,0.64,0.37,0.68,-0.29,-0.33,-0.49,weak_el_nino,1,1,0,0
1991-09-01,1991,9,0.62,0.54,0.42,-0.14,-0.36,-0.68,weak_el_nino,1,1,0,0
1991-10-01,1991,10,0.79,0.97,0.86,-0.11,-0.36,-1.35,weak_el_nino,1,1,0,0
1991-11-01,1991,11,1.21,1.04,1.2,-0.15,-0.34,-1.79,moderate_el_nino,1,1,0,0
1991-12-01,1991,12,1.53,1.23,1.69,-0.18,-0.08,-0.3,strong_el_nino,1,1,0,1
1992-01-01,1992,1,1.71,1.68,1.84,0.0,-0.27,-0.04,strong_el_nino,1,1,0,1
1992-02-01,1992,2,1.63,1.58,1.78,0.04,-0.26,0.1,strong_el_nino,1,1,0,1
1992-03-01,1992,3,1.48,1.71,1.38,-0.18,-0.4,0.55,moderate_el_nino,1,1,0,0
1992-04-01,1992,4,1.29,1.97,1.2,-0.29,-0.57,2.73,moderate_el_nino,1,1,0,0
1992-05-01,1992,5,1.06,1.68,1.04,-0.18,-0.66,1.96,moderate_el_nino,1,1,0,0
1992-06-01,1992,6,0.73,1.51,0.58,-0.11,-0.8,0.97,weak_el_nino,1,1,0,0
1992-07-01,1992,7,0.37,0.62,0.22,-0.01,-0.6,0.75,neutral,0,0,0,0
1992-08-01,1992,8,0.09,-0.02,0.05,-0.23,-0.66,-1.29,neutral,0,0,0,0
1992-09-01,1992,9,-0.13,0.4,-0.06,-0.21,-0.56,-0.53,neutral,0,0,0,0
1992-10-01,1992,10,-0.25,0.67,-0.3,-0.06,-0.52,0.53,neutral,0,0,0,0
1992-11-01,1992,11,-0.28,0.62,-0.28,-0.3,-0.79,-0.43,neutral,0,0,0,0
1992-12-01,1992,12,-0.13,0.73,-0.15,-0.23,-0.36,0.07,neutral,0,0,0,0
1993-01-01,1993,1,0.09,0.79,0.14,-0.25,-0.25,-0.14,neutral,0,0,0,0
1993-02-01,1993,2,0.3,0.89,0.41,-0.25,-0.13,0.02,neutral,0,0,0,0
1993-03-01,1993,3,0.5,0.77,0.39,-0.23,-0.09,0.2,weak_el_nino,1,1,0,0
1993-04-01,1993,4,0.67,0.98,0.59,-0.07,0.2,2.18,weak_el_nino,1,1,0,0
1993-05-01,1993,5,0.7,1.47,0.78,-0.04,0.03,2.13,weak_el_nino,1,1,0,0
1993-06-01,1993,6,0.57,1.51,0.35,0.07,-0.03,0.94,weak_el_nino,1,1,0,0
1993-07-01,1993,7,0.32,0.9,0.23,-0.17,0.05,0.45,neutral,0,0,0,0
1993-08-01,1993,8,0.25,0.6,0.13,-0.11,0.04,-0.39,neutral,0,0,0,0
1993-09-01,1993,9,0.15,0.61,0.35,-0.12,0.44,0.19,neutral,0,0,0,0
1993-10-01,1993,10,0.1,0.96,0.06,-0.13,0.69,0.61,neutral,0,0,0,0
1993-11-01,1993,11,0.04,0.7,0.0,-0.34,0.75,-0.56,neutral,0,0,0,0
1993-12-01,1993,12,0.06,0.27,0.16,-0.41,0.5,0.14,neutral,0,0,0,0
1994-01-01,1994,1,0.06,-0.01,0.1,-0.59,0.32,-0.12,neutral,0,0,0,0
1994-02-01,1994,2,0.07,-0.21,0.06,-0.61,0.12,-0.22,neutral,0,0,0,0
1994-03-01,1994,3,0.17,-0.23,0.11,-0.6,0.24,-0.24,neutral,0,0,0,0
1994-04-01,1994,4,0.31,0.01,0.26,-0.46,0.18,0.53,neutral,0,0,0,0
1994-05-01,1994,5,0.42,-0.03,0.31,-0.5,0.11,0.21,neutral,0,0,0,0
1994-06-01,1994,6,0.41,0.25,0.32,-0.43,-0.18,0.95,neutral,0,0,0,0
1994-07-01,1994,7,0.44,0.96,0.24,-0.39,-0.26,0.93,neutral,0,0,0,0
1994-08-01,1994,8,0.43,0.87,0.53,-0.29,-0.17,-0.57,neutral,0,0,0,0
1994-09-01,1994,9,0.55,1.1,0.48,-0.24,-0.15,0.27,weak_el_nino,1,1,0,0
1994-10-01,1994,10,0.74,1.52,0.75,-0.08,-0.05,0.78,weak_el_nino,1,1,0,0
1994-11-01,1994,11,1.01,1.01,1.11,-0.03,0.08,-0.26,moderate_el_nino,1,1,0,0
1994-12-01,1994,12,1.09,0.91,1.25,-0.13,0.2,0.26,moderate_el_nino,1,1,0,0
1995-01-01,1995,1,0.96,0.82,1.02,-0.05,0.4,0.04,weak_el_nino,1,1,0,0
1995-02-01,1995,2,0.72,0.54,0.73,-0.04,0.61,0.07,weak_el_nino,1,1,0,0
1995-03-01,1995,3,0.53,0.17,0.46,-0.05,0.74,-0.11,weak_el_nino,1,1,0,0
1995-04-01,1995,4,0.3,0.13,0.28,0.11,0.61,0.48,neutral,0,0,0,0
1995-05-01,1995,5,0.14,0.14,-0.11,0.3,0.59,0.15,neutral,0,0,0,0
1995-06-01,1995,6,-0.03,0.01,-0.14,0.48,0.64,1.58,neutral,0,0,0,0
1995-07-01,1995,7,-0.24,-0.29,-0.21,0.58,0.35,2.72,neutral,0,0,0,0
1995-08-01,1995,8,-0.54,-0.7,-0.63,0.59,-0.07,3.03,weak_la_nina,-1,0,1,0
1995-09-01,1995,9,-0.81,-0.94,-0.84,0.4,-0.04,1.61,weak_la_nina,-1,0,1,0
1995-10-01,1995,10,-0.97,-0.74,-0.88,0.37,-0.05,2.0,weak_la_nina,-1,0,1,0
1995-11-01,1995,11,-1.0,-0.77,-1.1,0.51,0.12,0.81,moderate_la_nina,-1,0,1,0
1995-12-01,1995,12,-0.98,-0.9,-0.95,0.47,0.0,-0.01,weak_la_nina,-1,0,1,0
1996-01-01,1996,1,-0.9,-0.85,-0.86,0.74,0.18,-0.18,weak_la_nina,-1,0,1,0
1996-02-01,1996,2,-0.75,-0.8,-0.86,0.4,0.43,-0.26,weak_la_nina,-1,0,1,0
1996-03-01,1996,3,-0.59,-0.66,-0.61,0.22,0.47,-0.42,weak_la_nina,-1,0,1,0
1996-04-01,1996,4,-0.39,-0.76,-0.47,0.31,0.65,-0.51,neutral,0,0,0,0
1996-05-01,1996,5,-0.31,-0.85,-0.38,0.36,0.77,-0.29,neutral,0,0,0,0
1996-06-01,1996,6,-0.3,-0.91,-0.44,0.18,0.87,-0.22,neutral,0,0,0,0
1996-07-01,1996,7,-0.27,-0.83,-0.44,0.12,0.66,-1.17,neutral,0,0,0,0
1996-08-01,1996,8,-0.32,-0.64,-0.22,-0.03,0.35,-2.13,neutral,0,0,0,0
1996-09-01,1996,9,-0.35,-0.31,-0.45,0.15,0.13,0.86,neutral,0,0,0,0
1996-10-01,1996,10,-0.4,-0.37,-0.44,0.08,0.12,-0.39,neutral,0,0,0,0
1996-11-01,1996,11,-0.45,-0.34,-0.41,0.03,0.12,-1.66,neutral,0,0,0,0
1996-12-01,1996,12,-0.49,-0.47,-0.64,0.14,-0.06,-0.14,neutral,0,0,0,0
1997-01-01,1997,1,-0.5,-0.65,-0.53,0.31,-0.22,-0.18,weak_la_nina,-1,0,1,0
1997-02-01,1997,2,-0.36,-0.72,-0.37,0.34,-0.34,-0.21,neutral,0,0,0,0
1997-03-01,1997,3,-0.1,-0.3,-0.25,0.15,-0.47,0.2,neutral,0,0,0,0
1997-04-01,1997,4,0.28,0.15,0.16,0.27,-0.5,0.66,neutral,0,0,0,0
1997-05-01,1997,5,0.75,0.71,0.64,0.43,-0.54,2.16,weak_el_nino,1,1,0,0
1997-06-01,1997,6,1.22,2.34,1.09,0.54,-0.67,3.76,moderate_el_nino,1,1,0,0
1997-07-01,1997,7,1.6,2.26,1.56,0.34,-0.27,4.77,strong_el_nino,1,1,0,1
1997-08-01,1997,8,1.9,2.26,1.89,0.16,-0.09,5.07,strong_el_nino,1,1,0,1
1997-09-01,1997,9,2.14,2.2,2.13,0.26,0.21,6.13,strong_el_nino,1,1,0,1
1997-10-01,1997,10,2.33,2.06,2.36,0.59,0.69,6.07,strong_el_nino,1,1,0,1
1997-11-01,1997,11,2.4,2.14,2.41,0.58,0.79,4.76,strong_el_nino,1,1,0,1
1997-12-01,1997,12,2.39,2.11,2.29,0.44,1.03,3.35,strong_el_nino,1,1,0,1
1998-01-01,1998,1,2.24,2.3,2.38,0.43,0.72,3.62,strong_el_nino,1,1,0,1
1998-02-01,1998,2,1.93,2.45,2.03,0.77,0.74,4.94,strong_el_nino,1,1,0,1
1998-03-01,1998,3,1.44,2.27,1.34,0.75,0.69,5.44,moderate_el_nino,1,1,0,0
1998-04-01,1998,4,0.99,2.61,0.78,0.59,0.54,4.81,weak_el_nino,1,1,0,0
1998-05-01,1998,5,0.45,2.33,0.57,0.59,0.54,4.47,neutral,0,0,0,0
1998-06-01,1998,6,-0.13,0.42,-0.39,0.66,0.66,5.37,neutral,0,0,0,0
1998-07-01,1998,7,-0.78,-1.53,-0.99,0.56,0.85,6.06,weak_la_nina,-1,0,1,0
1998-08-01,1998,8,-1.12,-1.82,-1.28,0.67,0.59,5.8,moderate_la_nina,-1,0,1,0
1998-09-01,1998,9,-1.31,-1.4,-1.26,0.51,0.41,3.33,moderate_la_nina,-1,0,1,0
1998-10-01,1998,10,-1.35,-1.29,-1.46,0.49,0.21,3.37,moderate_la_nina,-1,0,1,0
1998-11-01,1998,11,-1.48,-1.34,-1.46,0.43,0.32,1.57,moderate_la_nina,-1,0,1,0
1998-12-01,1998,12,-1.57,-1.29,-1.69,0.29,0.11,-0.05,strong_la_nina,-1,0,1,1
1999-01-01,1999,1,-1.55,-1.28,-1.69,-0.1,0.13,-0.18,strong_la_nina,-1,0,1,1
1999-02-01,1999,2,-1.3,-1.2,-1.32,-0.2,0.05,-0.23,moderate_la_nina,-1,0,1,0
1999-03-01,1999,3,-1.07,-1.15,-0.95,-0.23,0.33,-0.25,moderate_la_nina,-1,0,1,0
1999-04-01,1999,4,-0.98,-1.16,-1.11,-0.13,0.45,-0.49,weak_la_nina,-1,0,1,0
1999-05-01,1999,5,-1.02,-1.33,-1.15,0.11,0.53,-0.83,moderate_la_nina,-1,0,1,0
1999-06-01,1999,6,-1.04,-1.26,-1.19,0.15,0.49,0.72,moderate_la_nina,-1,0,1,0
1999-07-01,1999,7,-1.1,-1.18,-1.17,0.17,0.64,-0.07,moderate_la_nina,-1,0,1,0
1999-08-01,1999,8,-1.11,-1.03,-1.22,0.34,0.55,3.08,moderate_la_nina,-1,0,1,0
1999-09-01,1999,9,-1.16,-1.16,-1.09,0.38,0.24,1.47,moderate_la_nina,-1,0,1,0
1999-10-01,1999,10,-1.26,-1.33,-1.23,0.25,0.28,0.23,moderate_la_nina,-1,0,1,0
1999-11-01,1999,11,-1.46,-1.33,-1.58,0.13,0.33,-0.06,moderate_la_nina,-1,0,1,0
1999-12-01,1999,12,-1.65,-1.43,-1.74,0.27,0.36,-0.21,strong_la_nina,-1,0,1,1
2000-01-01,2000,1,-1.66,-1.25,-1.77,-0.18,0.21,-0.18,strong_la_nina,-1,0,1,1
2000-02-01,2000,2,-1.41,-1.26,-1.55,-0.1,0.39,-0.31,moderate_la_nina,-1,0,1,0
2000-03-01,2000,3,-1.07,-1.37,-0.98,0.06,0.4,-0.81,moderate_la_nina,-1,0,1,0
2000-04-01,2000,4,-0.81,-0.9,-0.87,-0.01,0.37,-0.05,weak_la_nina,-1,0,1,0
2000-05-01,2000,5,-0.71,-0.93,-0.86,-0.06,0.29,-0.3,weak_la_nina,-1,0,1,0
2000-06-01,2000,6,-0.64,-1.18,-0.79,-0.16,0.2,-1.12,weak_la_nina,-1,0,1,0
2000-07-01,2000,7,-0.55,-0.61,-0.67,0.01,0.15,-0.66,weak_la_nina,-1,0,1,0
2000-08-01,2000,8,-0.51,-0.08,-0.49,0.15,0.2,1.12,weak_la_nina,-1,0,1,0
2000-09-01,2000,9,-0.55,-0.35,-0.52,0.02,0.02,1.16,weak_la_nina,-1,0,1,0
2000-10-01,2000,10,-0.63,-0.52,-0.7,0.0,0.1,0.94,weak_la_nina,-1,0,1,0
2000-11-01,2000,11,-0.75,-0.86,-0.79,-0.12,0.07,0.65,weak_la_nina,-1,0,1,0
2000-12-01,2000,12,-0.74,-0.79,-0.92,-0.19,-0.01,0.02,weak_la_nina,-1,0,1,0
2001-01-01,2001,1,-0.68,-0.83,-0.73,-0.13,0.16,-0.18,weak_la_nina,-1,0,1,0
2001-02-01,2001,2,-0.52,-0.86,-0.63,-0.15,0.17,-0.25,weak_la_nina,-1,0,1,0
2001-03-01,2001,3,-0.44,-0.78,-0.48,0.15,0.29,-0.44,neutral,0,0,0,0
2001-04-01,2001,4,-0.34,-0.55,-0.49,0.05,0.38,0.11,neutral,0,0,0,0
2001-05-01,2001,5,-0.25,-0.51,-0.34,0.06,0.47,-0.69,neutral,0,0,0,0
2001-06-01,2001,6,-0.12,-0.73,-0.19,0.24,0.36,0.51,neutral,0,0,0,0
2001-07-01,2001,7,-0.08,0.04,-0.04,0.3,0.15,0.61,neutral,0,0,0,0
2001-08-01,2001,8,-0.13,0.38,-0.05,0.34,0.14,2.96,neutral,0,0,0,0
2001-09-01,2001,9,-0.19,-0.06,-0.2,0.51,0.11,3.11,neutral,0,0,0,0
2001-10-01,2001,10,-0.29,-0.22,-0.14,0.48,0.2,2.09,neutral,0,0,0,0
2001-11-01,2001,11,-0.35,-0.28,-0.37,0.62,0.16,1.93,neutral,0,0,0,0
2001-12-01,2001,12,-0.31,0.06,-0.41,0.66,0.01,-0.01,neutral,0,0,0,0
2002-01-01,2002,1,-0.15,0.09,-0.15,0.78,0.14,-0.13,neutral,0,0,0,0
2002-02-01,2002,2,0.03,-0.26,-0.04,0.53,-0.06,-0.15,neutral,0,0,0,0
2002-03-01,2002,3,0.09,-0.2,0.01,0.37,0.29,0.07,neutral,0,0,0,0
2002-04-01,2002,4,0.2,-0.36,0.02,-0.02,0.31,0.81,neutral,0,0,0,0
2002-05-01,2002,5,0.43,-0.14,0.31,-0.19,0.49,0.48,neutral,0,0,0,0
2002-06-01,2002,6,0.65,0.34,0.72,-0.13,0.33,-0.36,weak_el_nino,1,1,0,0
2002-07-01,2002,7,0.79,0.44,0.74,-0.06,0.47,0.71,weak_el_nino,1,1,0,0
2002-08-01,2002,8,0.86,1.01,0.87,-0.04,0.01,0.65,weak_el_nino,1,1,0,0
2002-09-01,2002,9,1.01,0.88,1.09,0.07,-0.08,1.72,moderate_el_nino,1,1,0,0
2002-10-01,2002,10,1.21,0.84,1.25,0.36,0.14,3.03,moderate_el_nino,1,1,0,0
2002-11-01,2002,11,1.31,0.84,1.47,0.22,-0.07,1.15,moderate_el_nino,1,1,0,0
2002-12-01,2002,12,1.14,0.91,1.37,0.2,0.35,0.01,moderate_el_nino,1,1,0,0
2003-01-01,2003,1,0.92,0.82,0.6,0.27,0.56,-0.03,weak_el_nino,1,1,0,0
2003-02-01,2003,2,0.63,0.63,0.64,0.0,0.57,0.01,weak_el_nino,1,1,0,0
2003-03-01,2003,3,0.38,0.53,0.36,0.04,0.63,1.24,neutral,0,0,0,0
2003-04-01,2003,4,-0.04,-0.11,-0.14,0.0,0.42,0.45,neutral,0,0,0,0
2003-05-01,2003,5,-0.26,-0.61,-0.61,0.06,0.37,-0.05,neutral,0,0,0,0
2003-06-01,2003,6,-0.16,-0.1,-0.29,0.22,0.1,1.42,neutral,0,0,0,0
2003-07-01,2003,7,0.08,0.01,0.21,0.36,0.4,2.02,neutral,0,0,0,0
2003-08-01,2003,8,0.21,0.05,0.26,0.59,0.49,4.6,neutral,0,0,0,0
2003-09-01,2003,9,0.26,0.18,0.27,0.66,0.49,3.73,neutral,0,0,0,0
2003-10-01,2003,10,0.29,0.28,0.42,0.8,0.53,4.73,neutral,0,0,0,0
2003-11-01,2003,11,0.35,0.3,0.33,0.48,0.55,2.94,neutral,0,0,0,0
2003-12-01,2003,12,0.35,0.14,0.43,0.49,0.56,0.01,neutral,0,0,0,0
2004-01-01,2004,1,0.37,0.19,0.27,0.5,0.41,-0.13,neutral,0,0,0,0
2004-02-01,2004,2,0.31,-0.05,0.23,0.51,0.22,-0.2,neutral,0,0,0,0
2004-03-01,2004,3,0.23,-0.43,0.12,0.36,-0.01,-0.35,neutral,0,0,0,0
2004-04-01,2004,4,0.17,-0.23,0.07,0.46,-0.26,0.63,neutral,0,0,0,0
2004-05-01,2004,5,0.17,-0.46,0.06,0.17,-0.12,0.28,neutral,0,0,0,0
2004-06-01,2004,6,0.28,-0.39,0.13,0.27,-0.08,1.14,neutral,0,0,0,0
2004-07-01,2004,7,0.47,0.46,0.49,0.46,0.08,2.23,neutral,0,0,0,0
2004-08-01,2004,8,0.64,0.77,0.76,0.68,0.22,4.48,weak_el_nino,1,1,0,0
2004-09-01,2004,9,0.7,0.59,0.81,0.59,0.33,3.66,weak_el_nino,1,1,0,0
2004-10-01,2004,10,0.67,0.4,0.73,0.62,0.14,3.16,weak_el_nino,1,1,0,0
2004-11-01,2004,11,0.66,0.56,0.66,0.63,0.24,2.75,weak_el_nino,1,1,0,0
2004-12-01,2004,12,0.69,0.48,0.74,0.53,0.43,0.07,weak_el_nino,1,1,0,0
2005-01-01,2005,1,0.64,0.09,0.66,0.46,0.61,-0.05,weak_el_nino,1,1,0,0
2005-02-01,2005,2,0.58,0.61,0.36,0.38,0.49,-0.22,weak_el_nino,1,1,0,0
2005-03-01,2005,3,0.45,0.83,0.45,0.68,0.61,0.37,neutral,0,0,0,0
2005-04-01,2005,4,0.43,0.14,0.26,0.81,0.29,1.4,neutral,0,0,0,0
2005-05-01,2005,5,0.29,0.19,0.3,1.01,-0.06,3.12,neutral,0,0,0,0
2005-06-01,2005,6,0.11,0.2,0.04,0.92,-0.26,4.41,neutral,0,0,0,0
2005-07-01,2005,7,-0.06,-0.0,-0.23,0.84,-0.32,5.86,neutral,0,0,0,0
2005-08-01,2005,8,-0.14,0.01,-0.05,0.74,0.01,4.88,neutral,0,0,0,0
2005-09-01,2005,9,-0.11,-0.02,-0.04,0.73,-0.09,4.36,neutral,0,0,0,0
2005-10-01,2005,10,-0.29,-0.66,-0.06,0.54,-0.0,2.44,neutral,0,0,0,0
2005-11-01,2005,11,-0.57,-0.7,-0.59,0.4,-0.07,1.51,weak_la_nina,-1,0,1,0
2005-12-01,2005,12,-0.84,-0.7,-0.92,0.55,-0.02,-0.25,weak_la_nina,-1,0,1,0
2006-01-01,2006,1,-0.85,-0.64,-0.91,0.41,0.04,-0.18,weak_la_nina,-1,0,1,0
2006-02-01,2006,2,-0.77,-0.48,-0.67,0.19,0.23,-0.31,weak_la_nina,-1,0,1,0
2006-03-01,2006,3,-0.57,-0.62,-0.71,0.18,0.41,-0.53,weak_la_nina,-1,0,1,0
2006-04-01,2006,4,-0.37,-0.84,-0.32,0.41,0.31,-0.09,neutral,0,0,0,0
2006-05-01,2006,5,-0.14,-0.42,-0.09,0.43,0.24,0.47,neutral,0,0,0,0
2006-06-01,2006,6,-0.03,-0.18,0.0,0.52,0.41,0.95,neutral,0,0,0,0
2006-07-01,2006,7,0.1,0.21,0.01,0.36,0.3,2.18,neutral,0,0,0,0
2006-08-01,2006,8,0.3,0.59,0.31,0.53,0.33,4.31,neutral,0,0,0,0
2006-09-01,2006,9,0.54,0.65,0.6,0.69,0.27,4.93,weak_el_nino,1,1,0,0
2006-10-01,2006,10,0.77,0.77,0.7,0.74,0.23,5.19,weak_el_nino,1,1,0,0
2006-11-01,2006,11,0.94,1.0,0.99,0.71,0.08,3.21,weak_el_nino,1,1,0,0
2006-12-01,2006,12,0.94,0.64,1.14,0.47,0.32,0.06,weak_el_nino,1,1,0,0
2007-01-01,2007,1,0.66,0.64,0.7,0.46,0.24,-0.04,weak_el_nino,1,1,0,0
2007-02-01,2007,2,0.22,0.39,0.13,0.56,0.21,0.0,neutral,0,0,0,0
2007-03-01,2007,3,-0.12,-0.19,-0.18,0.33,0.04,-0.29,neutral,0,0,0,0
2007-04-01,2007,4,-0.32,-0.32,-0.32,0.4,0.24,0.46,neutral,0,0,0,0
2007-05-01,2007,5,-0.38,-0.41,-0.47,0.21,0.28,0.03,neutral,0,0,0,0
2007-06-01,2007,6,-0.47,-0.83,-0.35,0.16,0.43,0.16,neutral,0,0,0,0
2007-07-01,2007,7,-0.56,-0.75,-0.59,0.09,0.23,1.66,weak_la_nina,-1,0,1,0
2007-08-01,2007,8,-0.81,-0.9,-0.72,0.01,0.15,1.51,weak_la_nina,-1,0,1,0
2007-09-01,2007,9,-1.07,-1.06,-1.11,0.11,0.27,1.68,moderate_la_nina,-1,0,1,0
2007-10-01,2007,10,-1.34,-1.13,-1.39,0.24,0.11,1.36,moderate_la_nina,-1,0,1,0
2007-11-01,2007,11,-1.5,-1.12,-1.54,0.24,0.1,0.45,strong_la_nina,-1,0,1,1
2007-12-01,2007,12,-1.6,-1.19,-1.58,0.09,0.2,-0.17,strong_la_nina,-1,0,1,1
2008-01-01,2008,1,-1.64,-1.06,-1.68,0.14,0.19,-0.18,strong_la_nina,-1,0,1,1
2008-02-01,2008,2,-1.52,-1.27,-1.67,0.17,0.36,-0.28,strong_la_nina,-1,0,1,1
2008-03-01,2008,3,-1.29,-1.52,-1.21,0.27,0.6,-0.54,moderate_la_nina,-1,0,1,0
2008-04-01,2008,4,-1.01,-1.11,-0.99,0.09,0.64,0.16,moderate_la_nina,-1,0,1,0
2008-05-01,2008,5,-0.84,-0.99,-0.84,0.28,0.82,-0.32,weak_la_nina,-1,0,1,0
2008-06-01,2008,6,-0.61,-0.8,-0.68,0.39,0.7,0.01,weak_la_nina,-1,0,1,0
2008-07-01,2008,7,-0.37,-0.78,-0.3,0.45,0.66,1.0,neutral,0,0,0,0
2008-08-01,2008,8,-0.23,-1.01,-0.13,0.45,0.51,3.41,neutral,0,0,0,0
2008-09-01,2008,9,-0.24,-1.02,-0.25,0.57,0.28,2.68,neutral,0,0,0,0
2008-10-01,2008,10,-0.35,-1.08,-0.35,0.43,0.27,2.62,neutral,0,0,0,0
2008-11-01,2008,11,-0.55,-0.98,-0.46,0.27,0.31,1.83,weak_la_nina,-1,0,1,0
2008-12-01,2008,12,-0.73,-1.01,-0.86,0.26,0.42,-0.31,weak_la_nina,-1,0,1,0
2009-01-01,2009,1,-0.85,-1.01,-0.89,0.07,0.45,-0.18,weak_la_nina,-1,0,1,0
2009-02-01,2009,2,-0.79,-0.85,-0.79,-0.37,0.35,-0.31,weak_la_nina,-1,0,1,0
2009-03-01,2009,3,-0.61,-0.95,-0.69,-0.34,0.54,-0.76,weak_la_nina,-1,0,1,0
2009-04-01,2009,4,-0.33,-0.81,-0.35,-0.31,0.52,-0.12,neutral,0,0,0,0
2009-05-01,2009,5,0.01,-0.72,0.06,-0.23,0.79,0.27,neutral,0,0,0,0
2009-06-01,2009,6,0.28,-0.05,0.31,0.05,0.59,1.85,neutral,0,0,0,0
2009-07-01,2009,7,0.45,0.56,0.48,0.45,0.39,3.81,neutral,0,0,0,0
2009-08-01,2009,8,0.58,0.56,0.56,0.41,0.24,4.16,weak_el_nino,1,1,0,0
2009-09-01,2009,9,0.71,0.42,0.68,0.35,0.19,3.86,weak_el_nino,1,1,0,0
2009-10-01,2009,10,1.01,0.56,0.89,0.63,0.45,4.9,moderate_el_nino,1,1,0,0
2009-11-01,2009,11,1.36,1.04,1.46,0.51,0.3,3.16,moderate_el_nino,1,1,0,0
2009-12-01,2009,12,1.56,0.95,1.74,0.54,0.7,0.78,strong_el_nino,1,1,0,1
2010-01-01,2010,1,1.5,0.93,1.52,0.8,0.79,-0.01,strong_el_nino,1,1,0,1
2010-02-01,2010,2,1.22,1.28,1.25,1.07,0.68,0.64,moderate_el_nino,1,1,0,0
2010-03-01,2010,3,0.84,1.33,0.9,1.27,0.89,1.9,weak_el_nino,1,1,0,0
2010-04-01,2010,4,0.35,0.49,0.38,1.4,0.68,4.02,neutral,0,0,0,0
2010-05-01,2010,5,-0.17,-0.12,-0.22,1.35,0.62,6.16,neutral,0,0,0,0
2010-06-01,2010,6,-0.66,-1.29,-0.69,1.11,0.85,7.3,weak_la_nina,-1,0,1,0
2010-07-01,2010,7,-1.05,-2.43,-1.07,1.01,0.6,5.96,moderate_la_nina,-1,0,1,0
2010-08-01,2010,8,-1.35,-2.38,-1.39,0.97,0.48,5.0,moderate_la_nina,-1,0,1,0
2010-09-01,2010,9,-1.56,-2.26,-1.6,0.75,0.23,3.22,strong_la_nina,-1,0,1,1
2010-10-01,2010,10,-1.64,-2.16,-1.69,0.77,0.43,2.94,strong_la_nina,-1,0,1,1
2010-11-01,2010,11,-1.64,-2.01,-1.64,0.7,0.4,2.25,strong_la_nina,-1,0,1,1
2010-12-01,2010,12,-1.59,-1.86,-1.6,0.96,0.41,0.09,strong_la_nina,-1,0,1,1
2011-01-01,2011,1,-1.42,-1.77,-1.54,0.97,0.45,-0.18,moderate_la_nina,-1,0,1,0
2011-02-01,2011,2,-1.19,-1.59,-1.11,0.53,0.59,-0.28,moderate_la_nina,-1,0,1,0
2011-03-01,2011,3,-0.93,-1.75,-0.93,0.41,0.72,-0.86,weak_la_nina,-1,0,1,0
2011-04-01,2011,4,-0.73,-1.69,-0.77,0.33,0.49,-0.74,weak_la_nina,-1,0,1,0
2011-05-01,2011,5,-0.55,-1.23,-0.52,0.4,0.3,0.03,weak_la_nina,-1,0,1,0
2011-06-01,2011,6,-0.44,-1.02,-0.38,0.59,0.2,2.13,neutral,0,0,0,0
2011-07-01,2011,7,-0.48,-0.75,-0.43,0.43,0.27,2.69,neutral,0,0,0,0
2011-08-01,2011,8,-0.62,-0.81,-0.65,0.49,0.2,3.52,weak_la_nina,-1,0,1,0
2011-09-01,2011,9,-0.83,-1.08,-0.8,0.36,0.24,1.38,weak_la_nina,-1,0,1,0
2011-10-01,2011,10,-1.01,-1.3,-1.05,0.44,0.28,1.66,moderate_la_nina,-1,0,1,0
2011-11-01,2011,11,-1.09,-1.14,-1.19,0.21,-0.05,1.65,moderate_la_nina,-1,0,1,0
2011-12-01,2011,12,-1.04,-1.18,-1.06,0.23,-0.48,-0.26,moderate_la_nina,-1,0,1,0
2012-01-01,2012,1,-0.86,-1.07,-0.87,0.16,-0.32,-0.17,weak_la_nina,-1,0,1,0
2012-02-01,2012,2,-0.72,-0.68,-0.67,-0.02,-0.51,-0.13,weak_la_nina,-1,0,1,0
2012-03-01,2012,3,-0.59,-0.58,-0.61,-0.26,-0.08,-0.48,weak_la_nina,-1,0,1,0
2012-04-01,2012,4,-0.47,-0.38,-0.5,-0.17,-0.33,0.42,neutral,0,0,0,0
2012-05-01,2012,5,-0.26,-0.32,-0.32,0.09,-0.04,0.28,neutral,0,0,0,0
2012-06-01,2012,6,-0.01,-0.28,0.02,0.31,0.04,1.83,neutral,0,0,0,0
2012-07-01,2012,7,0.25,0.34,0.25,0.3,-0.03,2.89,neutral,0,0,0,0
2012-08-01,2012,8,0.37,-0.02,0.47,0.52,-0.08,4.44,neutral,0,0,0,0
2012-09-01,2012,9,0.37,-0.29,0.38,0.72,0.02,4.73,neutral,0,0,0,0
2012-10-01,2012,10,0.27,-0.19,0.26,0.78,0.03,4.53,neutral,0,0,0,0
2012-11-01,2012,11,0.05,-0.03,0.16,0.75,0.03,3.87,neutral,0,0,0,0
2012-12-01,2012,12,-0.21,-0.03,-0.25,0.55,0.18,0.17,neutral,0,0,0,0
2013-01-01,2013,1,-0.43,-0.06,-0.53,0.44,0.39,-0.14,neutral,0,0,0,0
2013-02-01,2013,2,-0.43,-0.08,-0.52,0.4,0.25,-0.1,neutral,0,0,0,0
2013-03-01,2013,3,-0.34,-0.12,-0.25,0.71,0.26,-0.6,neutral,0,0,0,0
2013-04-01,2013,4,-0.3,-0.35,-0.25,0.53,0.35,0.39,neutral,0,0,0,0
2013-05-01,2013,5,-0.36,-0.68,-0.4,0.64,0.48,-0.37,neutral,0,0,0,0
2013-06-01,2013,6,-0.41,-1.14,-0.42,0.32,0.28,0.57,neutral,0,0,0,0
2013-07-01,2013,7,-0.4,-0.79,-0.39,0.34,0.23,0.33,neutral,0,0,0,0
2013-08-01,2013,8,-0.32,-0.45,-0.38,0.56,0.25,3.71,neutral,0,0,0,0
2013-09-01,2013,9,-0.26,-0.33,-0.18,0.61,0.03,3.88,neutral,0,0,0,0
2013-10-01,2013,10,-0.18,-0.13,-0.2,0.66,0.04,4.27,neutral,0,0,0,0
2013-11-01,2013,11,-0.17,-0.16,-0.14,0.32,-0.07,2.13,neutral,0,0,0,0
2013-12-01,2013,12,-0.27,-0.34,-0.17,0.27,0.11,0.08,neutral,0,0,0,0
2014-01-01,2014,1,-0.42,-0.5,-0.49,0.13,0.11,-0.01,neutral,0,0,0,0
2014-02-01,2014,2,-0.46,-0.42,-0.62,-0.08,0.22,0.1,neutral,0,0,0,0
2014-03-01,2014,3,-0.27,-0.05,-0.28,-0.35,0.22,0.54,neutral,0,0,0,0
2014-04-01,2014,4,0.04,-0.16,0.08,-0.21,0.23,1.47,neutral,0,0,0,0
2014-05-01,2014,5,0.21,-0.17,0.32,-0.06,0.48,1.6,neutral,0,0,0,0
2014-06-01,2014,6,0.16,0.0,0.23,-0.05,0.47,1.97,neutral,0,0,0,0
2014-07-01,2014,7,0.05,0.42,-0.06,0.14,0.17,3.78,neutral,0,0,0,0
2014-08-01,2014,8,0.07,0.23,-0.03,0.23,0.24,4.62,neutral,0,0,0,0
2014-09-01,2014,9,0.23,-0.09,0.29,0.51,0.26,4.95,neutral,0,0,0,0
2014-10-01,2014,10,0.49,0.12,0.44,0.56,0.16,4.89,neutral,0,0,0,0
2014-11-01,2014,11,0.64,0.37,0.75,0.35,-0.32,2.89,weak_el_nino,1,1,0,0
2014-12-01,2014,12,0.66,0.35,0.71,0.34,-0.12,0.19,weak_el_nino,1,1,0,0
2015-01-01,2015,1,0.55,0.23,0.51,0.17,0.43,0.3,weak_el_nino,1,1,0,0
2015-02-01,2015,2,0.47,0.06,0.42,0.11,0.42,0.09,neutral,0,0,0,0
2015-03-01,2015,3,0.53,0.15,0.47,-0.11,0.23,-0.15,weak_el_nino,1,1,0,0
2015-04-01,2015,4,0.7,0.31,0.7,-0.24,0.36,2.29,weak_el_nino,1,1,0,0
2015-05-01,2015,5,0.93,0.95,0.92,0.08,0.46,2.63,weak_el_nino,1,1,0,0
2015-06-01,2015,6,1.18,1.9,1.18,-0.07,0.38,4.95,moderate_el_nino,1,1,0,0
2015-07-01,2015,7,1.52,1.79,1.46,0.16,0.07,5.71,strong_el_nino,1,1,0,1
2015-08-01,2015,8,1.86,1.95,1.93,0.43,-0.11,6.87,strong_el_nino,1,1,0,1
2015-09-01,2015,9,2.16,2.24,2.21,0.72,-0.04,8.78,strong_el_nino,1,1,0,1
2015-10-01,2015,10,2.42,2.15,2.36,0.93,0.28,9.12,strong_el_nino,1,1,0,1
2015-11-01,2015,11,2.57,1.94,2.72,0.49,0.37,7.35,strong_el_nino,1,1,0,1
2015-12-01,2015,12,2.64,1.93,2.66,0.42,0.7,5.03,strong_el_nino,1,1,0,1
2016-01-01,2016,1,2.48,1.94,2.57,0.5,0.81,4.0,strong_el_nino,1,1,0,1
2016-02-01,2016,2,2.14,1.81,2.26,0.45,0.59,1.42,strong_el_nino,1,1,0,1
2016-03-01,2016,3,1.58,1.32,1.62,0.39,0.6,4.05,strong_el_nino,1,1,0,1
2016-04-01,2016,4,0.94,1.33,0.91,0.32,0.39,2.52,weak_el_nino,1,1,0,0
2016-05-01,2016,5,0.39,1.24,0.3,0.38,0.35,3.09,neutral,0,0,0,0
2016-06-01,2016,6,-0.07,0.36,-0.03,0.39,0.68,5.47,neutral,0,0,0,0
2016-07-01,2016,7,-0.36,-0.53,-0.48,0.37,0.63,6.38,neutral,0,0,0,0
2016-08-01,2016,8,-0.54,-0.27,-0.58,0.49,0.52,5.47,weak_la_nina,-1,0,1,0
2016-09-01,2016,9,-0.63,-0.29,-0.58,0.39,0.26,4.27,weak_la_nina,-1,0,1,0
2016-10-01,2016,10,-0.69,-0.54,-0.74,0.55,0.46,5.95,weak_la_nina,-1,0,1,0
2016-11-01,2016,11,-0.67,-0.48,-0.76,0.46,0.28,3.67,weak_la_nina,-1,0,1,0
2016-12-01,2016,12,-0.56,-0.37,-0.5,0.52,0.67,1.08,weak_la_nina,-1,0,1,0
2017-01-01,2017,1,-0.34,-0.43,-0.43,0.49,0.58,-0.02,neutral,0,0,0,0
2017-02-01,2017,2,-0.16,-0.42,-0.08,0.23,0.09,0.43,neutral,0,0,0,0
2017-03-01,2017,3,0.05,-0.58,0.03,0.13,0.29,0.64,neutral,0,0,0,0
2017-04-01,2017,4,0.2,-0.19,0.22,0.47,0.4,1.78,neutral,0,0,0,0
2017-05-01,2017,5,0.3,0.19,0.37,0.58,0.47,1.82,neutral,0,0,0,0
2017-06-01,2017,6,0.31,-0.24,0.34,0.6,0.57,1.77,neutral,0,0,0,0
2017-07-01,2017,7,0.14,-0.63,0.25,0.6,0.35,4.92,neutral,0,0,0,0
2017-08-01,2017,8,-0.11,-0.73,-0.16,0.67,0.59,4.89,neutral,0,0,0,0
2017-09-01,2017,9,-0.38,-0.74,-0.43,0.52,0.27,3.67,neutral,0,0,0,0
2017-10-01,2017,10,-0.65,-0.59,-0.56,0.45,0.42,3.11,weak_la_nina,-1,0,1,0
2017-11-01,2017,11,-0.84,-0.62,-0.97,0.53,0.2,2.71,weak_la_nina,-1,0,1,0
2017-12-01,2017,12,-0.97,-0.74,-0.98,0.54,0.17,0.18,weak_la_nina,-1,0,1,0
2018-01-01,2018,1,-0.92,-0.79,-0.98,0.28,0.62,-0.07,weak_la_nina,-1,0,1,0
2018-02-01,2018,2,-0.85,-0.71,-0.78,-0.09,-0.01,-0.06,weak_la_nina,-1,0,1,0
2018-03-01,2018,3,-0.7,-0.8,-0.8,0.02,0.17,0.11,weak_la_nina,-1,0,1,0
2018-04-01,2018,4,-0.5,-1.32,-0.51,-0.17,0.28,0.91,weak_la_nina,-1,0,1,0
2018-05-01,2018,5,-0.22,-0.94,-0.2,-0.4,0.28,0.49,neutral,0,0,0,0
2018-06-01,2018,6,-0.01,-0.52,0.04,-0.48,0.46,0.91,neutral,0,0,0,0
2018-07-01,2018,7,0.09,-0.05,0.12,-0.21,0.37,0.77,neutral,0,0,0,0
2018-08-01,2018,8,0.23,0.46,0.09,0.01,0.41,2.68,neutral,0,0,0,0
2018-09-01,2018,9,0.49,0.62,0.47,0.33,0.36,5.26,neutral,0,0,0,0
2018-10-01,2018,10,0.76,0.52,0.9,0.29,0.53,3.63,weak_el_nino,1,1,0,0
2018-11-01,2018,11,0.9,0.33,0.9,-0.01,0.39,1.51,weak_el_nino,1,1,0,0
2018-12-01,2018,12,0.81,0.18,0.89,-0.04,0.66,0.4,weak_el_nino,1,1,0,0
2019-01-01,2019,1,0.75,0.09,0.65,0.08,0.75,0.36,weak_el_nino,1,1,0,0
2019-02-01,2019,2,0.72,0.5,0.71,0.14,0.68,0.6,weak_el_nino,1,1,0,0
2019-03-01,2019,3,0.71,0.76,0.81,0.01,1.02,0.92,weak_el_nino,1,1,0,0
2019-04-01,2019,4,0.66,0.3,0.62,-0.02,0.65,2.41,weak_el_nino,1,1,0,0
2019-05-01,2019,5,0.54,0.23,0.55,0.12,0.65,1.28,weak_el_nino,1,1,0,0
2019-06-01,2019,6,0.45,0.35,0.45,0.3,0.58,4.21,neutral,0,0,0,0
2019-07-01,2019,7,0.28,0.3,0.35,0.37,0.5,6.04,neutral,0,0,0,0
2019-08-01,2019,8,0.14,0.32,0.04,0.42,0.41,5.88,neutral,0,0,0,0
2019-09-01,2019,9,0.19,0.16,0.03,0.57,0.48,5.32,neutral,0,0,0,0
2019-10-01,2019,10,0.35,0.31,0.48,0.44,0.47,5.1,neutral,0,0,0,0
2019-11-01,2019,11,0.51,0.47,0.52,0.26,1.06,3.13,weak_el_nino,1,1,0,0
2019-12-01,2019,12,0.55,0.36,0.52,0.25,1.07,1.06,weak_el_nino,1,1,0,0
2020-01-01,2020,1,0.5,0.25,0.6,0.25,1.28,0.33,weak_el_nino,1,1,0,0
2020-02-01,2020,2,0.48,0.26,0.37,0.5,0.84,0.57,neutral,0,0,0,0
2020-03-01,2020,3,0.4,0.13,0.48,0.73,0.66,1.32,neutral,0,0,0,0
2020-04-01,2020,4,0.19,-0.15,0.36,0.62,0.72,2.61,neutral,0,0,0,0
2020-05-01,2020,5,-0.08,-0.23,-0.27,0.52,0.88,2.9,neutral,0,0,0,0
2020-06-01,2020,6,-0.3,-0.68,-0.34,0.72,0.6,4.39,neutral,0,0,0,0
2020-07-01,2020,7,-0.41,-0.94,-0.3,0.65,0.55,6.0,neutral,0,0,0,0
2020-08-01,2020,8,-0.57,-0.96,-0.59,0.59,0.5,5.78,weak_la_nina,-1,0,1,0
2020-09-01,2020,9,-0.89,-1.15,-0.83,0.52,0.24,3.53,weak_la_nina,-1,0,1,0
2020-10-01,2020,10,-1.17,-1.17,-1.26,0.61,0.4,4.47,moderate_la_nina,-1,0,1,0
2020-11-01,2020,11,-1.27,-1.13,-1.42,0.39,0.12,2.34,moderate_la_nina,-1,0,1,0
2020-12-01,2020,12,-1.19,-1.14,-1.15,0.46,-0.11,0.15,moderate_la_nina,-1,0,1,0
2021-01-01,2021,1,-1.05,-1.2,-1.0,0.52,0.21,-0.18,moderate_la_nina,-1,0,1,0
2021-02-01,2021,2,-0.93,-0.96,-1.0,0.41,-0.06,-0.31,weak_la_nina,-1,0,1,0
2021-03-01,2021,3,-0.84,-0.79,-0.8,0.14,0.14,-0.53,weak_la_nina,-1,0,1,0
2021-04-01,2021,4,-0.66,-0.95,-0.72,0.32,0.37,-0.39,weak_la_nina,-1,0,1,0
2021-05-01,2021,5,-0.48,-1.07,-0.46,0.24,0.76,0.29,neutral,0,0,0,0
2021-06-01,2021,6,-0.38,-1.05,-0.28,0.14,0.89,0.55,neutral,0,0,0,0
2021-07-01,2021,7,-0.4,-1.44,-0.39,0.25,1.11,1.67,neutral,0,0,0,0
2021-08-01,2021,8,-0.49,-1.29,-0.53,0.26,0.92,3.8,neutral,0,0,0,0
2021-09-01,2021,9,-0.67,-1.38,-0.55,0.54,0.58,4.7,weak_la_nina,-1,0,1,0
2021-10-01,2021,10,-0.81,-1.46,-0.94,0.46,0.65,4.32,weak_la_nina,-1,0,1,0
2021-11-01,2021,11,-0.98,-1.39,-0.94,0.42,0.5,2.3,weak_la_nina,-1,0,1,0
2021-12-01,2021,12,-0.98,-1.2,-1.06,0.46,0.26,0.34,weak_la_nina,-1,0,1,0
2022-01-01,2022,1,-0.97,-1.01,-0.94,0.61,0.47,0.17,weak_la_nina,-1,0,1,0
2022-02-01,2022,2,-0.93,-0.98,-0.89,0.57,0.73,0.03,weak_la_nina,-1,0,1,0
2022-03-01,2022,3,-0.99,-1.31,-0.97,0.08,0.57,-0.13,weak_la_nina,-1,0,1,0
2022-04-01,2022,4,-1.06,-1.61,-1.11,0.04,0.46,-0.04,moderate_la_nina,-1,0,1,0
2022-05-01,2022,5,-0.99,-1.63,-1.11,0.34,0.36,0.2,weak_la_nina,-1,0,1,0
2022-06-01,2022,6,-0.85,-1.9,-0.75,0.48,0.61,1.33,weak_la_nina,-1,0,1,0
2022-07-01,2022,7,-0.81,-2.17,-0.69,0.32,0.34,1.87,weak_la_nina,-1,0,1,0
2022-08-01,2022,8,-0.91,-1.75,-0.97,0.47,0.38,4.11,weak_la_nina,-1,0,1,0
2022-09-01,2022,9,-1.01,-1.73,-1.07,0.62,0.35,4.28,moderate_la_nina,-1,0,1,0
2022-10-01,2022,10,-0.99,-1.73,-0.99,0.5,0.52,4.7,weak_la_nina,-1,0,1,0
2022-11-01,2022,11,-0.92,-1.53,-0.9,0.33,0.51,1.68,weak_la_nina,-1,0,1,0
2022-12-01,2022,12,-0.83,-1.28,-0.85,0.48,0.6,-0.01,weak_la_nina,-1,0,1,0
2023-01-01,2023,1,-0.68,-1.11,-0.72,0.47,0.82,-0.06,weak_la_nina,-1,0,1,0
2023-02-01,2023,2,-0.43,-0.91,-0.46,0.22,0.55,-0.17,neutral,0,0,0,0
2023-03-01,2023,3,-0.15,-0.76,-0.11,0.64,0.49,1.1,neutral,0,0,0,0
2023-04-01,2023,4,0.16,-0.37,0.14,0.78,0.5,3.06,neutral,0,0,0,0
2023-05-01,2023,5,0.48,-0.06,0.46,1.04,0.79,5.12,neutral,0,0,0,0
2023-06-01,2023,6,0.77,0.43,0.84,1.41,0.57,9.89,weak_el_nino,1,1,0,0
2023-07-01,2023,7,1.07,0.5,1.02,1.41,0.54,11.08,moderate_el_nino,1,1,0,0
2023-08-01,2023,8,1.32,0.51,1.35,1.36,0.5,11.08,moderate_el_nino,1,1,0,0
2023-09-01,2023,9,1.56,0.68,1.6,1.43,0.4,10.49,strong_el_nino,1,1,0,1
2023-10-01,2023,10,1.78,0.48,1.72,1.32,0.41,10.02,strong_el_nino,1,1,0,1
2023-11-01,2023,11,1.92,0.91,2.02,1.09,0.91,8.61,strong_el_nino,1,1,0,1
2023-12-01,2023,12,1.95,1.13,2.03,1.17,1.31,4.11,strong_el_nino,1,1,0,1
2024-01-01,2024,1,1.78,0.7,1.81,1.42,1.32,2.41,strong_el_nino,1,1,0,1
2024-02-01,2024,2,1.48,0.68,1.52,1.59,1.41,2.94,moderate_el_nino,1,1,0,0
2024-03-01,2024,3,1.14,0.78,1.13,1.36,1.67,4.01,moderate_el_nino,1,1,0,0
2024-04-01,2024,4,0.71,0.34,0.77,1.32,1.41,5.72,weak_el_nino,1,1,0,0
2024-05-01,2024,5,0.39,0.12,0.23,1.43,1.17,7.52,neutral,0,0,0,0
2024-06-01,2024,6,0.15,-0.23,0.17,1.34,0.85,9.47,neutral,0,0,0,0
2024-07-01,2024,7,0.04,-0.72,0.04,1.14,0.59,9.46,neutral,0,0,0,0
2024-08-01,2024,8,-0.11,-0.73,-0.12,1.13,0.39,8.67,neutral,0,0,0,0
2024-09-01,2024,9,-0.21,-0.65,-0.26,1.04,0.44,8.26,neutral,0,0,0,0
2024-10-01,2024,10,-0.26,-0.52,-0.27,1.03,0.51,7.75,neutral,0,0,0,0
2024-11-01,2024,11,-0.37,-0.68,-0.25,0.98,0.41,5.96,neutral,0,0,0,0
2024-12-01,2024,12,-0.53,-0.91,-0.6,0.91,0.57,2.7,weak_la_nina,-1,0,1,0
2025-01-01,2025,1,-0.59,-1.0,-0.74,0.91,0.65,0.09,weak_la_nina,-1,0,1,0
2025-02-01,2025,2,-0.38,-0.83,-0.43,0.59,0.59,-0.04,neutral,0,0,0,0
2025-03-01,2025,3,-0.18,-0.68,0.01,0.4,0.42,1.08,neutral,0,0,0,0
2025-04-01,2025,4,-0.09,-0.38,-0.14,0.22,0.42,1.38,neutral,0,0,0,0
2025-05-01,2025,5,-0.11,-0.36,-0.13,0.32,0.51,2.01,neutral,0,0,0,0
2025-06-01,2025,6,-0.11,-9999.0,-0.06,0.35,0.42,3.22,neutral,0,0,0,0
2025-07-01,2025,7,-0.19,-9999.0,-0.14,0.59,0.36,6.03,neutral,0,0,0,0
2025-08-01,2025,8,-0.32,-9999.0,-0.36,0.75,0.27,6.3,neutral,0,0,0,0
2025-09-01,2025,9,-0.45,-9999.0,-0.47,-9999.0,-9999.0,-9999.0,neutral,0,0,0,0
2025-10-01,2025,10,-9999.0,-9999.0,-0.5,-9999.0,-9999.0,-9999.0,strong_la_nina,-1,0,1,1
2025-11-01,2025,11,-9999.0,-9999.0,-0.69,-9999.0,-9999.0,-9999.0,strong_la_nina,-1,0,1,1
2025-12-01,2025,12,-9999.0,-9999.0,-9999.0,-9999.0,-9999.0,-9999.0,strong_la_nina,-1,0,1,1
