region_code,first_treatment_date,total_households_electrified,n_treated_municipalities,first_treatment_year,log_households,treatment_cohort
110001.0,2005-10-01,24220,5,2005,10.094975304446326,2005
110002.0,2004-11-01,11476,8,2004,9.348100311680668,2004
110003.0,2004-11-01,8871,5,2004,9.090655529030203,2004
110004.0,2004-11-01,14979,13,2004,9.61447125707121,2004
110005.0,2005-11-01,15728,14,2005,9.663261421240643,2005
110006.0,2005-11-01,6141,7,2005,8.722905701000768,2005
120001.0,2004-12-01,26425,7,2004,10.182103652974162,2004
120002.0,2004-12-01,7818,4,2004,8.964311948124514,2004
120003.0,2005-01-01,6360,3,2005,8.757940876678804,2005
120004.0,2005-06-01,11840,5,2005,9.379323364330956,2005
120005.0,2005-07-01,6417,3,2005,8.766861821669803,2005
130001.0,2004-12-01,50424,10,2004,10.828242362822413,2004
130002.0,2006-01-01,1209,3,2006,7.098375638590786,2006
130003.0,2006-06-01,6391,4,2006,8.76280248744611,2006
130004.0,2005-05-01,13421,4,2005,9.504650430718184,2005
130005.0,2006-06-01,9961,9,2006,9.20653313363323,2006
130006.0,2005-07-01,12359,7,2005,9.422220731011683,2005
130007.0,2006-11-01,3252,5,2006,8.087332926473351,2006
130008.0,2005-12-01,9520,5,2005,9.161255164285691,2005
130009.0,2005-05-01,10477,4,2005,9.257033099968165,2005
130010.0,2005-08-01,18263,5,2005,9.812687188209631,2005
130011.0,2005-05-01,15903,6,2005,9.674325928896355,2005
140001.0,2004-12-01,11520,5,2004,9.351926736038054,2004
140002.0,2010-12-01,4681,4,2010,8.451480648050856,2010
140003.0,2010-12-01,3324,4,2010,8.109224953089955,2010
140004.0,2011-08-01,2906,2,2011,7.9748769005588755,2011
150001.0,2004-12-01,57255,14,2004,10.955287719418433,2004
150002.0,2004-12-01,20504,4,2004,9.92842403782616,2004
150003.0,2004-12-01,29737,4,2004,10.300180968257168,2004
150004.0,2004-11-01,36289,14,2004,10.499297500207115,2004
150005.0,2005-05-01,25273,6,2005,10.137531478318627,2005
150006.0,2005-03-01,10762,9,2005,9.283869605264298,2005
150007.0,2005-05-01,15093,6,2005,9.622052592844813,2005
150008.0,2005-06-01,9899,4,2005,9.20029003612268,2005
150009.0,2005-09-01,28407,13,2005,10.254426074622923,2005
150010.0,2005-09-01,3294,3,2005,8.100161446936607,2005
150011.0,2005-01-01,40168,6,2005,10.600850832843811,2005
150012.0,2004-12-01,21508,8,2004,9.976226731176434,2004
150013.0,2005-02-01,10037,3,2005,9.214133170214879,2005
150014.0,2005-04-01,4541,4,2005,8.421122722665503,2005
150015.0,2004-12-01,34074,5,2004,10.436319256564733,2004
150016.0,2005-11-01,20755,7,2005,9.94059064048763,2005
150017.0,2005-12-01,18510,6,2005,9.826120428959685,2005
150018.0,2005-05-01,30458,7,2005,10.324136795969332,2005
150019.0,2005-12-01,5325,2,2005,8.580355766373877,2005
150020.0,2005-09-01,44347,9,2005,10.699822890892243,2005
150021.0,2005-02-01,12480,6,2005,9.431962766918454,2005
160001.0,2007-07-01,8064,4,2007,8.99528899055931,2007
160002.0,2011-05-01,1236,2,2011,7.1204443723924875,2011
160003.0,2007-09-01,3315,6,2007,8.106514516255185,2007
160004.0,2007-12-01,2167,4,2007,7.681560362559537,2007
170001.0,2004-12-01,6861,10,2004,8.833754223418396,2004
170002.0,2004-12-01,7669,13,2004,8.945071894361302,2004
170003.0,2004-10-01,7439,14,2004,8.914626127827137,2004
170004.0,2004-12-01,5530,5,2004,8.618123909994678,2004
170005.0,2004-12-01,16701,21,2004,9.723283751713176,2004
170006.0,2004-12-01,5548,12,2004,8.621373010325902,2004
170007.0,2005-05-01,3972,9,2005,8.287276755814599,2005
170008.0,2005-02-01,2912,8,2005,7.976938756959434,2005
170009.0,2004-12-01,8318,13,2004,9.026297334283887,2004
170010.0,2004-12-01,9972,17,2004,9.207636720401869,2004
170011.0,2004-12-01,5797,14,2004,8.6652683094816,2004
210001.0,2004-12-01,31869,13,2004,10.369420407411383,2004
210002.0,2004-12-01,25245,11,2004,10.136423006312807,2004
210003.0,2004-12-01,20498,10,2004,9.928131383448887,2004
210004.0,2004-12-01,15451,9,2004,9.645493723786172,2004
210005.0,2004-12-01,20898,10,2004,9.947456589918252,2004
210006.0,2004-12-01,11820,4,2004,9.377632889750377,2004
210007.0,2004-12-01,14017,7,2004,9.54809749706027,2004
210008.0,2004-12-01,6920,9,2004,8.842315546841863,2004
210009.0,2004-12-01,22155,15,2004,10.005863619152995,2004
210010.0,2004-12-01,17432,16,2004,9.766120240743215,2004
210011.0,2004-12-01,14186,14,2004,9.560081331311986,2004
210012.0,2004-12-01,7412,14,2004,8.910990494656719,2004
210013.0,2004-12-01,14847,6,2004,9.605620455025981,2004
210014.0,2004-12-01,14593,4,2004,9.588365764325566,2004
210015.0,2004-12-01,14950,4,2004,9.612533466213927,2004
210016.0,2004-12-01,9592,13,2004,9.168788944817948,2004
210017.0,2004-12-01,10424,11,2004,9.251962046667002,2004
210018.0,2004-12-01,6775,4,2004,8.821142236331891,2004
210019.0,2004-12-01,28238,17,2004,10.24845928021533,2004
210020.0,2004-12-01,26471,9,2004,10.183842849601447,2004
210021.0,2004-12-01,15268,5,2004,9.633579908183512,2004
210022.0,2004-12-01,20198,12,2004,9.91338837721339,2004
220001.0,2004-12-01,20603,15,2004,9.933240510685476,2004
220002.0,2004-12-01,5927,22,2004,8.687442166975924,2004
220003.0,2004-12-01,9704,12,2004,9.18039649560311,2004
220004.0,2006-05-01,4856,9,2006,8.488176242345745,2006
220005.0,2006-10-01,5705,6,2006,8.649273531773446,2006
220006.0,2006-09-01,7659,11,2006,8.943767262734637,2006
220007.0,2004-12-01,10282,10,2004,9.23824732522919,2004
220008.0,2006-08-01,9242,9,2006,9.131621787264777,2006
220009.0,2004-12-01,24002,33,2004,10.085934101518234,2004
220010.0,2004-12-01,14864,9,2004,9.606764735432199,2004
220011.0,2009-01-01,3999,9,2009,8.294049640102028,2009
220012.0,2006-07-01,4713,7,2006,8.458292083496076,2006
220013.0,2004-12-01,16290,13,2004,9.69836808706617,2004
220014.0,2006-01-01,5199,8,2006,8.556413904569519,2006
220015.0,2006-10-01,10237,14,2006,9.233861567017529,2006
220016.0,2004-12-01,3573,8,2004,8.181440695719374,2004
220017.0,2004-12-01,6022,13,2004,8.70334075304372,2004
220018.0,2004-12-01,5969,7,2004,8.694502206386648,2004
220019.0,2007-01-01,4958,8,2007,8.508959386489133,2007
230001.0,2004-06-01,9865,19,2004,9.196849781793684,2004
230002.0,2004-06-01,11131,7,2004,9.317579122645782,2004
230003.0,2004-06-01,4542,12,2004,8.421342865759403,2004
230004.0,2004-06-01,5901,6,2004,8.683046555502886,2004
230005.0,2004-07-01,3368,5,2004,8.122371243406553,2004
230006.0,2004-06-01,9239,11,2004,9.131297164635729,2004
230007.0,2004-08-01,9216,14,2004,9.128804883993665,2004
230008.0,2004-07-01,2984,5,2004,8.001355025826703,2004
230009.0,2004-07-01,9793,10,2004,9.189525232262262,2004
230010.0,2004-07-01,3034,5,2004,8.017966703493599,2004
230011.0,2004-07-01,17684,22,2004,9.780472101639582,2004
230012.0,2004-07-01,6041,8,2004,8.706490361946617,2004
230013.0,2004-06-01,7834,10,2004,8.966356154790121,2004
230014.0,2004-10-01,4391,3,2004,8.387539983189367,2004
230015.0,2004-06-01,14005,23,2004,9.547241088215463,2004
230016.0,2004-06-01,9540,11,2004,9.163353580751846,2004
230017.0,2004-06-01,5123,6,2004,8.541690663016626,2004
230018.0,2004-06-01,6837,4,2004,8.830250570199247,2004
240001.0,2004-07-01,16224,24,2004,9.69430854157229,2004
240002.0,2004-07-01,2525,12,2004,7.8343923029104365,2004
240003.0,2004-09-01,1774,9,2004,7.4815557019095165,2004
240004.0,2004-07-01,4247,9,2004,8.354203562921775,2004
240005.0,2004-07-01,2982,10,2004,8.000684784514748,2004
240006.0,2004-07-01,2473,10,2004,7.813591552952433,2004
240007.0,2004-08-01,2527,15,2004,7.8351837552667485,2004
240008.0,2005-01-01,2897,9,2005,7.971776122880628,2005
240009.0,2004-07-01,7073,16,2004,8.864181369765426,2004
240010.0,2004-07-01,4826,34,2004,8.481980435660493,2004
240011.0,2004-07-01,5010,17,2004,8.519390774959724,2004
260001.0,2004-11-01,6920,14,2004,8.842315546841863,2004
260002.0,2004-07-01,2804,10,2004,7.9391588179567965,2004
260003.0,2004-09-01,4748,10,2004,8.465689348549121,2004
260004.0,2004-12-01,2286,8,2004,7.734996194022781,2004
260005.0,2004-12-01,2939,4,2004,7.986164860332727,2004
260006.0,2004-12-01,1203,5,2004,7.093404625868766,2004
260007.0,2004-12-01,4143,5,2004,8.329416783939319,2004
260008.0,2004-12-01,1160,6,2004,7.057036981697891,2004
260009.0,2004-10-01,7499,24,2004,8.922658299524402,2004
260010.0,2004-11-01,8830,22,2004,9.086023537468803,2004
260011.0,2004-11-01,11491,11,2004,9.34940642009918,2004
260012.0,2004-11-01,3661,7,2004,8.205764725234456,2004
260013.0,2004-10-01,10051,13,2004,9.215526898663482,2004
260014.0,2004-11-01,2894,11,2004,7.970740390007095,2004
260015.0,2004-10-01,8065,6,2004,8.995412975433313,2004
260016.0,2004-10-01,14713,10,2004,9.59655470049221,2004
260017.0,2004-11-01,3917,8,2004,8.273336598504486,2004
260018.0,2004-12-01,3782,5,2004,8.23827262463303,2004
270001.0,2004-12-01,9759,13,2004,9.186047679407139,2004
270002.0,2005-03-01,13328,13,2005,9.497697391604019,2005
270003.0,2004-12-01,3949,7,2004,8.281470857895167,2004
270004.0,2004-11-01,4175,6,2004,8.337109129562474,2004
270005.0,2004-11-01,6298,6,2004,8.74814616962193,2004
270006.0,2005-02-01,5994,7,2005,8.698681067461614,2005
270007.0,2004-12-01,16435,17,2004,9.707229330003301,2004
270008.0,2004-12-01,10685,9,2004,9.276689752517717,2004
270009.0,2005-01-01,8838,7,2005,9.086929027060949,2005
270010.0,2004-11-01,14389,9,2004,9.574288799881414,2004
270011.0,2004-12-01,7434,8,2004,8.913953858894255,2004
280001.0,2004-08-01,7714,19,2004,8.950921764797261,2004
280002.0,2004-07-01,8090,10,2004,8.99850761180784,2004
280003.0,2004-08-01,4231,15,2004,8.350429973538136,2004
280004.0,2004-08-01,7454,14,2004,8.916640227198839,2004
280005.0,2004-07-01,9706,6,2004,9.180602553712227,2004
280006.0,2004-08-01,15558,8,2004,9.652394528314963,2004
290001.0,2004-12-01,11301,14,2004,9.33273498018979,2004
290002.0,2004-09-01,25043,16,2004,10.128389556865201,2004
290003.0,2005-01-01,11704,14,2005,9.367771379925012,2005
290004.0,2005-04-01,10016,11,2005,9.212038928611765,2005
290005.0,2005-01-01,20110,8,2005,9.909022208034603,2005
290006.0,2005-02-01,6513,7,2005,8.781708985836179,2005
290007.0,2005-02-01,16403,22,2005,9.705280486511949,2005
290008.0,2005-04-01,15309,13,2005,9.63626148865173,2005
290009.0,2005-01-01,16212,8,2005,9.69356866855007,2005
290010.0,2005-06-01,6809,8,2005,8.826147399143558,2005
290011.0,2004-07-01,56389,30,2004,10.940047116801228,2004
290012.0,2004-11-01,16320,16,2004,9.700207901150696,2004
290013.0,2004-09-01,17167,12,2004,9.75080246487048,2004
290014.0,2004-12-01,13297,13,2004,9.495368926962401,2004
290015.0,2005-06-01,1910,6,2005,7.555381944240273,2005
290016.0,2004-10-01,38213,23,2004,10.55095721959942,2004
290017.0,2004-10-01,21756,7,2004,9.987690823818202,2004
290018.0,2004-10-01,28211,17,2004,10.24750269832807,2004
290019.0,2005-02-01,12601,7,2005,9.441610810502,2005
290020.0,2004-10-01,22873,19,2004,10.037756173341162,2004
290021.0,2004-11-01,19340,9,2004,9.86998247397873,2004
290022.0,2004-11-01,41709,9,2004,10.638496187190992,2004
290023.0,2004-09-01,23905,9,2004,10.081884752437926,2004
290024.0,2004-12-01,10678,7,2004,9.276034475171546,2004
290025.0,2004-12-01,18496,7,2004,9.82536383575455,2004
290026.0,2004-10-01,26400,5,2004,10.181157167204903,2004
290027.0,2004-11-01,10847,6,2004,9.291736010180177,2004
290028.0,2004-08-01,10428,5,2004,9.252345666121213,2004
290029.0,2004-07-01,51874,33,2004,10.856592257533,2004
290030.0,2004-10-01,24385,16,2004,10.10176447612021,2004
290031.0,2004-10-01,18363,12,2004,9.818147505369113,2004
290032.0,2005-02-01,15616,7,2005,9.656115343487846,2005
290033.0,2004-09-01,16053,5,2004,9.683713318691522,2004
290034.0,2004-07-01,18126,10,2004,9.805157818462918,2004
310001.0,2004-05-01,6009,29,2004,8.701180027529253,2004
310002.0,2004-05-01,4515,19,2004,8.415381925269553,2004
310003.0,2004-06-01,825,6,2004,6.716594773520978,2004
310004.0,2004-08-01,2892,11,2004,7.970049304976135,2004
310005.0,2004-05-01,1094,9,2004,6.9985096422506015,2004
310006.0,2004-06-01,20265,32,2004,9.916699884008263,2004
310007.0,2004-06-01,5363,11,2004,8.587465244401569,2004
310008.0,2004-09-01,9338,14,2004,9.141954459109717,2004
310009.0,2004-07-01,4622,8,2004,8.438799123988225,2004
310010.0,2004-08-01,2490,7,2004,7.820439515262181,2004
310011.0,2004-09-01,6567,6,2004,8.789964651132264,2004
310012.0,2004-08-01,3551,8,2004,8.17526610411206,2004
310013.0,2004-07-01,18913,27,2004,9.847657667575458,2004
310014.0,2004-06-01,10155,10,2004,9.225819942824568,2004
310015.0,2004-06-01,7200,14,2004,8.881975184248867,2004
310016.0,2004-07-01,3725,13,2004,8.223090551161533,2004
310017.0,2004-08-01,3925,8,2004,8.275376374836407,2004
310018.0,2004-06-01,3300,7,2004,8.101980731853192,2004
310019.0,2004-08-01,2270,7,2004,7.7279755421055585,2004
310020.0,2004-06-01,3202,26,2004,8.071843149609158,2004
310021.0,2004-05-01,6475,20,2004,8.775858314797526,2004
310022.0,2004-06-01,1126,7,2004,7.027314514039777,2004
310023.0,2004-06-01,1687,5,2004,7.431299675155903,2004
310024.0,2004-05-01,2199,22,2004,7.696212639346407,2004
310025.0,2004-06-01,6076,16,2004,8.712266432135355,2004
310026.0,2004-08-01,607,6,2004,6.410174881966167,2004
310027.0,2004-05-01,5135,29,2004,8.544029845369797,2004
310028.0,2004-04-01,12664,24,2004,9.446597562435775,2004
310029.0,2004-08-01,4048,17,2004,8.30622521603216,2004
310030.0,2004-06-01,3444,18,2004,8.144679183447758,2004
310031.0,2005-01-01,3332,11,2005,8.11162807830774,2005
310032.0,2005-08-01,2082,9,2005,7.641564441260972,2005
310033.0,2004-08-01,4402,12,2004,8.390041405755754,2004
310034.0,2004-06-01,2892,9,2004,7.970049304976135,2004
310035.0,2004-06-01,753,9,2004,6.625392368007956,2004
310036.0,2005-08-01,602,5,2005,6.401917196727186,2005
310037.0,2004-06-01,2406,14,2004,7.786136437783072,2004
310038.0,2004-06-01,4081,21,2004,8.31434234336979,2004
310039.0,2004-05-01,3050,14,2004,8.02322468471667,2004
310040.0,2004-05-01,1135,5,2004,7.035268599281097,2004
310041.0,2004-05-01,3729,15,2004,8.224163512637862,2004
310042.0,2004-05-01,3872,13,2004,8.261784679514752,2004
310043.0,2004-06-01,2299,14,2004,7.7406644019172415,2004
310044.0,2004-05-01,2968,9,2004,7.99598047476376,2004
310045.0,2004-04-01,805,5,2004,6.692083742506628,2004
310046.0,2004-07-01,1520,5,2004,7.327123292259293,2004
310047.0,2004-06-01,1049,5,2004,6.956545443151569,2004
310048.0,2004-07-01,1315,5,2004,7.182352111885263,2004
310049.0,2004-06-01,1238,5,2004,7.122059881629142,2004
310050.0,2004-05-01,8395,34,2004,9.035510680940524,2004
310051.0,2004-04-01,2699,7,2004,7.90100705199242,2004
310052.0,2004-06-01,1902,13,2004,7.551186867296149,2004
310053.0,2004-05-01,2021,15,2004,7.611842399580417,2004
310054.0,2004-05-01,1240,8,2004,7.123672785204607,2004
310055.0,2004-04-01,1322,9,2004,7.187657164114956,2004
310056.0,2004-05-01,1967,8,2004,7.584773077612199,2004
310057.0,2004-06-01,763,6,2004,6.638567789166521,2004
310058.0,2004-05-01,605,5,2004,6.406879986069314,2004
310059.0,2004-04-01,3229,11,2004,8.080237416216702,2004
310060.0,2004-05-01,1148,6,2004,7.046647277848756,2004
310061.0,2004-04-01,1291,7,2004,7.163946684342547,2004
310062.0,2004-04-01,7319,18,2004,8.898365606955357,2004
310063.0,2004-07-01,7035,11,2004,8.85879510585745,2004
310064.0,2004-04-01,2510,5,2004,7.828436359157585,2004
310065.0,2004-04-01,5274,20,2004,8.570733958344267,2004
310066.0,2004-05-01,2818,10,2004,7.9441374911141125,2004
310067.0,2004-05-01,1959,9,2004,7.580699752224563,2004
310068.0,2004-05-01,1035,7,2004,6.943122422819428,2004
310069.0,2004-06-01,2705,10,2004,7.903226808730733,2004
310070.0,2004-06-01,862,5,2004,6.760414691083428,2004
320001.0,2004-08-01,1928,9,2004,7.564757012905729,2004
320002.0,2004-08-01,12831,11,2004,9.459697330106296,2004
320003.0,2004-08-01,4226,9,2004,8.34924780056679,2004
320004.0,2004-06-01,3054,6,2004,8.024534871605695,2004
320005.0,2004-08-01,11416,13,2004,9.342858751676328,2004
320006.0,2004-07-01,5838,5,2004,8.672314828283538,2004
320007.0,2004-07-01,7333,11,2004,8.900276348631271,2004
320008.0,2004-07-01,8110,12,2004,9.000976444070345,2004
330001.0,2004-11-01,2061,17,2004,7.631431664576906,2004
330002.0,2005-03-01,662,1,2005,6.4967749901858625,2005
330003.0,2004-09-01,1881,3,2004,7.540090320145325,2004
330004.0,2005-10-01,263,8,2005,5.575949103146316,2005
330005.0,2004-12-01,271,4,2004,5.605802066295998,2004
330006.0,2005-09-01,398,5,2005,5.988961416889864,2005
330007.0,2004-09-01,776,4,2004,6.655440350367647,2004
330008.0,2004-08-01,2611,10,2004,7.867871490396322,2004
330009.0,2005-03-01,122,4,2005,4.812184355372417,2005
330010.0,2004-08-01,3781,6,2004,8.238008249218403,2004
330011.0,2004-06-01,3653,7,2004,8.203577736937952,2004
330012.0,2005-01-01,1793,5,2005,7.492203042618741,2005
330013.0,2004-11-01,584,6,2004,6.371611847231857,2004
330014.0,2004-10-01,1837,6,2004,7.516433302915632,2004
350001.0,2004-07-01,4779,17,2004,8.472195825485501,2004
350002.0,2005-03-01,1066,6,2005,6.9726062513017535,2005
350003.0,2004-07-01,9901,21,2004,9.200492035921368,2004
350004.0,2004-11-01,10456,18,2004,9.25502688959859,2004
350005.0,2005-01-01,8395,13,2005,9.035510680940524,2005
350006.0,2005-01-01,2595,6,2005,7.86172707782398,2005
350007.0,2004-12-01,2326,12,2004,7.752335163302292,2004
350008.0,2004-12-01,2309,6,2004,7.745002803515839,2004
350009.0,2004-10-01,1078,18,2004,6.983789965258135,2004
350010.0,2005-02-01,152,12,2005,5.030437921392435,2005
350011.0,2004-12-01,733,8,2004,6.598509028614515,2004
350012.0,2005-02-01,284,8,2005,5.652489180268651,2005
350013.0,2005-02-01,555,17,2005,6.320768294250582,2005
350014.0,2005-04-01,404,10,2005,6.003887067106539,2005
350015.0,2005-03-01,496,11,2005,6.208590026096629,2005
350016.0,2005-03-01,122,7,2005,4.812184355372417,2005
350017.0,2004-12-01,379,5,2004,5.940171252720432,2004
350018.0,2004-12-01,2281,28,2004,7.732807530422021,2004
350019.0,2004-11-01,121,10,2004,4.804021044733257,2004
350020.0,2004-12-01,245,12,2004,5.5053315359323625,2004
350021.0,2005-02-01,514,5,2005,6.244166900663736,2005
350022.0,2004-11-01,819,13,2004,6.709304340258298,2004
350023.0,2005-01-01,298,16,2005,5.700443573390687,2005
350024.0,2004-11-01,2376,11,2004,7.773594467360194,2004
350025.0,2005-01-01,707,35,2005,6.56244409369372,2005
350026.0,2005-02-01,185,15,2005,5.225746673713202,2005
350027.0,2005-02-01,649,12,2005,6.476972362889683,2005
350028.0,2005-04-01,649,18,2005,6.476972362889683,2005
350029.0,2005-04-01,330,11,2005,5.802118375377063,2005
350030.0,2005-04-01,169,7,2005,5.135798437050262,2005
350031.0,2004-12-01,909,23,2004,6.813444599510896,2004
350032.0,2004-12-01,256,14,2004,5.54907608489522,2004
350033.0,2005-03-01,522,9,2005,6.259581464064923,2005
350034.0,2010-12-01,5,3,2010,1.791759469228055,2010
350035.0,2005-05-01,84,5,2005,4.442651256490317,2005
350036.0,2005-01-01,333,13,2005,5.811140992976701,2005
350037.0,2005-01-01,289,9,2005,5.66988092298052,2005
350038.0,2004-12-01,1244,13,2004,7.126890808898808,2004
350039.0,2004-10-01,973,8,2004,6.881411303642535,2004
350040.0,2005-02-01,320,8,2005,5.771441123130016,2005
350041.0,2004-10-01,4230,11,2004,8.350193650720067,2004
350042.0,2004-11-01,394,4,2004,5.978885764901122,2004
350043.0,2005-01-01,56,2,2005,4.04305126783455,2005
350044.0,2004-11-01,405,9,2004,6.0063531596017325,2004
350045.0,2005-01-01,178,4,2005,5.187385805840755,2005
350046.0,2004-11-01,258,5,2004,5.556828061699537,2004
350047.0,2005-08-01,714,7,2005,6.5722825426940075,2005
350048.0,2005-05-01,59,5,2005,4.0943445622221,2005
350049.0,2004-07-01,4879,8,2004,8.492900498847193,2004
350050.0,2004-07-01,3665,9,2004,8.20685642839965,2004
350051.0,2005-06-01,1106,4,2005,7.009408932708637,2005
350052.0,2004-07-01,2641,8,2004,7.879291485082271,2004
350053.0,2004-07-01,1705,9,2004,7.441906728051625,2004
410001.0,2004-11-01,9361,29,2004,9.144414221860016,2004
410002.0,2004-07-01,826,7,2004,6.717804695023691,2004
410003.0,2004-12-01,5049,9,2004,8.527143522269405,2004
410004.0,2004-09-01,11942,12,2004,9.387900611668426,2004
410005.0,2004-10-01,5446,7,2004,8.602820277383675,2004
410006.0,2004-11-01,2273,23,2004,7.729295674310482,2004
410007.0,2004-11-01,889,7,2004,6.7912214627261855,2004
410008.0,2004-12-01,575,14,2004,6.3561076606958915,2004
410009.0,2004-12-01,2965,21,2004,7.994969522697877,2004
410010.0,2004-12-01,2744,15,2004,7.917536353943631,2004
410011.0,2004-12-01,3149,8,2004,8.055157731819678,2004
410012.0,2004-12-01,954,6,2004,6.86171134048073,2004
410013.0,2005-05-01,77,6,2005,4.356708826689592,2005
410014.0,2004-11-01,348,21,2004,5.855071922202427,2004
410015.0,2004-12-01,1324,24,2004,7.1891677384203225,2004
410016.0,2005-08-01,268,21,2005,5.594711379601839,2005
410017.0,2004-12-01,341,16,2004,5.834810737062605,2004
410018.0,2004-12-01,171,11,2004,5.147494476813453,2004
410019.0,2004-12-01,106,9,2004,4.672828834461906,2004
410020.0,2005-09-01,146,7,2005,4.990432586778736,2005
410021.0,2004-12-01,1731,21,2004,7.4570320891223805,2004
410022.0,2004-12-01,2262,19,2004,7.724446645633537,2004
410023.0,2005-05-01,314,12,2005,5.752572638825633,2005
410024.0,2004-12-01,1460,18,2004,7.2868764117507,2004
410025.0,2004-12-01,2614,14,2004,7.869019376499023,2004
410026.0,2004-12-01,517,6,2004,6.249975242259483,2004
410027.0,2004-11-01,6960,12,2004,8.848078421168667,2004
410028.0,2004-12-01,4561,7,2004,8.425516402844334,2004
410029.0,2004-12-01,3826,7,2004,8.249836485425702,2004
420001.0,2004-09-01,857,16,2004,6.754604099487962,2004
420002.0,2004-11-01,9,2,2004,2.302585092994046,2004
420003.0,2004-10-01,792,8,2004,6.675823221634848,2004
420004.0,2005-03-01,121,7,2005,4.804021044733257,2005
420005.0,2004-09-01,3805,18,2004,8.244334047856094,2004
420006.0,2005-01-01,558,5,2005,6.326149473155099,2005
420007.0,2004-09-01,2211,32,2004,7.701652362642226,2004
420008.0,2004-09-01,1550,18,2004,7.346655163176539,2004
420009.0,2004-09-01,2530,20,2004,7.836369760545124,2004
420010.0,2004-10-01,1859,12,2004,7.528331766707247,2004
420011.0,2004-09-01,1705,13,2004,7.441906728051625,2004
420012.0,2004-09-01,773,8,2004,6.651571873589727,2004
420013.0,2004-10-01,417,6,2004,6.035481432524756,2004
420014.0,2004-08-01,868,6,2004,6.767343125265392,2004
420015.0,2004-09-01,421,10,2004,6.045005314036012,2004
420016.0,2004-08-01,974,12,2004,6.882437470997847,2004
420017.0,2004-09-01,3707,10,2004,8.218247926685745,2004
420018.0,2004-10-01,615,3,2004,6.423246963533519,2004
420019.0,2004-08-01,463,12,2004,6.139884552226255,2004
420020.0,2004-09-01,842,10,2004,6.736966958001855,2004
420021.0,2004-12-01,110,7,2004,4.709530201312334,2004
420022.0,2004-07-01,1647,17,2004,7.4073177104694174,2004
420023.0,2004-12-01,423,6,2004,6.049733455231958,2004
420024.0,2004-09-01,647,6,2004,6.473890696352274,2004
430001.0,2004-06-01,6540,21,2004,8.785845337961213,2004
430002.0,2004-06-01,1761,21,2004,7.474204806496124,2004
430003.0,2004-07-01,1366,9,2004,7.220373836723949,2004
430004.0,2004-08-01,753,6,2004,6.625392368007956,2004
430005.0,2004-06-01,3954,9,2004,8.282735880201754,2004
430006.0,2004-07-01,1879,6,2004,7.539027055823995,2004
430007.0,2004-08-01,901,6,2004,6.804614520062624,2004
430008.0,2004-07-01,1089,7,2004,6.993932975223189,2004
430009.0,2004-06-01,11803,16,2004,9.376193736062831,2004
430010.0,2004-08-01,2601,6,2004,7.86403565907245,2004
430011.0,2004-06-01,5275,24,2004,8.570923513837204,2004
430012.0,2004-07-01,4157,6,2004,8.332789468417959,2004
430013.0,2004-08-01,747,4,2004,6.617402977974478,2004
430014.0,2004-06-01,1352,5,2004,7.210079628170788,2004
430015.0,2004-06-01,1368,4,2004,7.221835825288449,2004
430016.0,2004-09-01,2581,3,2004,7.856319571406588,2004
430017.0,2004-07-01,444,2,2004,6.09807428216624,2004
430018.0,2004-11-01,1035,16,2004,6.943122422819428,2004
430019.0,2004-12-01,1001,12,2004,6.90975328164481,2004
430020.0,2004-10-01,1176,8,2004,7.0707241072602764,2004
430021.0,2004-11-01,1815,16,2004,7.504391559161238,2004
430022.0,2004-07-01,1787,9,2004,7.488852955733459,2004
430023.0,2004-11-01,686,8,2004,6.532334292222349,2004
430024.0,2005-01-01,643,8,2005,6.467698726104354,2005
430025.0,2005-07-01,773,16,2005,6.651571873589727,2005
430026.0,2004-08-01,780,30,2004,6.660575149839686,2004
430027.0,2005-01-01,956,11,2005,6.863803391452954,2005
430028.0,2004-09-01,271,15,2004,5.605802066295998,2004
430029.0,2004-09-01,1942,18,2004,7.57198844937744,2004
430030.0,2004-09-01,356,12,2004,5.877735781779639,2004
430031.0,2005-01-01,2202,8,2005,7.697575346802343,2005
430032.0,2004-11-01,482,11,2004,6.180016653652572,2004
430033.0,2004-11-01,936,8,2004,6.842683282238422,2004
430034.0,2005-01-01,631,8,2005,6.448889394146858,2005
430035.0,2004-11-01,1005,6,2004,6.913737350659685,2004
430036.0,2004-10-01,1908,18,2004,7.554334823725748,2004
430037.0,2004-10-01,513,13,2004,6.2422232654551655,2004
430038.0,2004-10-01,245,14,2004,5.5053315359323625,2004
430039.0,2005-01-01,1526,8,2005,7.3310603052186325,2005
430040.0,2004-08-01,6657,14,2004,8.80357441813497,2004
430041.0,2004-08-01,4090,24,2004,8.316544717929398,2004
430042.0,2004-07-01,2202,9,2004,7.697575346802343,2004
430043.0,2004-10-01,414,9,2004,6.028278520230698,2004
500001.0,2004-08-01,12291,13,2004,9.416703923250376,2004
500002.0,2005-01-01,1791,6,2005,7.491087593534876,2005
500003.0,2005-03-01,1688,5,2005,7.4318919168078,2005
500004.0,2004-11-01,2779,7,2004,7.930206206684683,2004
500005.0,2004-09-01,4255,13,2004,8.35608503102148,2004
500006.0,2004-10-01,2916,6,2004,7.978310969867722,2004
500007.0,2004-12-01,2719,7,2004,7.908387159290043,2004
500008.0,2004-11-01,4450,3,2004,8.400884069015854,2004
500009.0,2004-11-01,2272,4,2004,7.728855823852543,2004
500010.0,2005-04-01,2628,2,2005,7.874358824729881,2005
500011.0,2004-08-01,2579,7,2004,7.855544677915663,2004
500012.0,2004-12-01,2778,4,2004,7.929846429742503,2004
510001.0,2004-09-01,20633,13,2004,9.934695479660322,2004
510002.0,2005-02-01,5709,8,2005,8.649974302650056,2005
510003.0,2004-10-01,3378,8,2004,8.12533508671429,2004
510004.0,2005-03-01,3550,5,2005,8.174984532943087,2005
510005.0,2005-07-01,7334,7,2005,8.900412690577083,2005
510006.0,2005-03-01,3690,9,2005,8.213652703029998,2005
510007.0,2004-12-01,7836,12,2004,8.966611387052865,2004
510008.0,2004-11-01,5729,9,2004,8.653470809708786,2004
510009.0,2005-02-01,17656,7,2005,9.778887584302797,2005
510010.0,2005-01-01,9993,6,2005,9.20974019190415,2005
510011.0,2004-11-01,6135,4,2004,8.721928343047091,2004
510012.0,2005-03-01,5549,4,2005,8.62155320674048,2005
510013.0,2005-02-01,4294,9,2005,8.365206834418355,2005
510014.0,2005-09-01,18730,12,2005,9.837935184295892,2005
510015.0,2005-05-01,10722,8,2005,9.280146246220145,2005
510016.0,2004-10-01,4296,10,2004,8.365672383774996,2004
510017.0,2005-03-01,2669,3,2005,7.8898337513942955,2005
510018.0,2004-12-01,1127,4,2004,7.028201432058005,2004
520001.0,2004-11-01,1801,19,2004,7.496652438168283,2004
520002.0,2004-12-01,4408,18,2004,8.391403185357937,2004
520003.0,2004-12-01,1235,13,2004,7.119635638017636,2004
520004.0,2005-02-01,1364,10,2005,7.21890970761906,2005
520005.0,2005-02-01,3106,15,2005,8.041412909393047,2005
520006.0,2005-04-01,755,5,2005,6.628041376179533,2005
520007.0,2005-01-01,533,8,2005,6.280395838960195,2005
520008.0,2005-01-01,776,6,2005,6.655440350367647,2005
520009.0,2005-05-01,872,8,2005,6.771935555839602,2005
520010.0,2004-11-01,1251,14,2004,7.132497551660044,2004
520011.0,2005-02-01,2594,10,2005,7.861341795599989,2005
520012.0,2005-09-01,444,5,2005,6.09807428216624,2005
520013.0,2005-02-01,1101,9,2005,7.004881989712859,2005
520014.0,2005-03-01,2139,12,2005,7.668561108015897,2005
520015.0,2005-01-01,1578,14,2005,7.364547014255642,2005
520016.0,2004-11-01,5299,13,2004,8.575462099540212,2004
520017.0,2004-11-01,3660,9,2004,8.205491613120236,2004
520018.0,2004-09-01,5807,23,2004,8.666991556504632,2004
520019.0,2005-04-01,2059,5,2005,7.630461261783627,2005
520020.0,2005-01-01,4395,7,2005,8.388450315523512,2005
520021.0,2004-11-01,4835,14,2004,8.483843211734683,2004
520022.0,2005-01-01,5303,7,2005,8.576216531865699,2005
