region_code,n_days,n_years,total_deaths,total_heat_an,total_cold_an,heat_an_97_5,cold_an_2_5,heat_an_99,cold_an_1,n_heat_days,n_cold_days,n_extreme_heat_days,n_extreme_cold_days,mean_temp,p1_temp,p99_temp,total_heat_af_pct,total_cold_af_pct,heat_af_pct_97_5,cold_af_pct_2_5,heat_af_pct_99,cold_af_pct_1,heat_annual_97_5,cold_annual_2_5,heat_annual_99,cold_annual_1,pop_elderly,heat_rate_per_100k,cold_rate_per_100k
1101,5464,14.9596167008898,37987,1567.01729473542,46.9231591645989,357.252876002288,43.9721735175163,175.821401456528,32.5051693792348,4606,858,137,137,26.2221079399785,21.8691441917419,29.6475053405762,4.12514095542007,0.123524256099715,0.94046088399265,0.115755846783153,0.462846240704789,0.0855691930903592,23.8811517130007,2.9393917235126,11.7530686094431,2.17286111196294,95713,24.9507921734777,3.07104753117403
1102,5474,14.9869952087611,39008,3.34258132480688,2523.34738573531,3.34258132480688,275.443078889585,3.29505109984817,125.354488647429,68,5406,137,137,21.2519146640849,14.7915735054016,25.1697145843506,0.00856896360953363,6.468794569666,0.00856896360953363,0.70611945982769,0.00844711623217846,0.321355846614614,0.223032120731771,18.3788060950714,0.219860689481101,8.36421757005358,100333,0.222291888742259,18.3178077951137
1201,5386,14.7460643394935,25137,0,4622.07482030283,56.4663568552744,192.826646961544,19.6708785937273,88.1214367409543,0,5386,135,135,17.5371212204991,13.6959200382233,20.2423867225647,0,18.387535586199,0.224634430740639,0.76710286415063,0.078254678735439,0.350564652667201,3.82924932071834,13.0764821393806,1.33397482479742,5.97592921827582,60001,6.38197583493332,21.7937736694065
1202,3912,10.7104722792608,7013,20.7380165983644,49.8390735240804,9.82233986408989,16.1351612876947,5.69643418228388,9.4821969069634,927,2985,98,98,24.1922303374803,20.1345015335083,27.2332215309143,0.295708207591108,0.710666954571231,0.140059031286039,0.230075021926347,0.0812267814385267,0.135208853656971,0.917078127647963,1.5064845757491,0.531856489028422,0.885320148330364,18415,4.98006042708641,8.18074708525172
1301,5479,15.0006844626968,112811,1589.30972085934,12.9547485190247,393.736893346684,12.8956577078345,211.156368854201,11.0733874492942,4381,1098,137,137,25.7135599115117,23.8570137786865,28.1785198974609,1.40882513306268,0.0114835862806151,0.349023493583679,0.0114312059177159,0.187177109372491,0.00981587562320533,26.2479285079168,0.859671286327165,14.0764489366667,0.738192145620495,258659,10.147695811055,0.332356997563265
1302,4725,12.9363449691992,12047,195.841699780663,5.11938146335776,48.403278334188,4.99991271604901,28.7747863574988,3.97342486218027,3944,781,119,119,25.8069245200182,23.0533341979981,28.1884275817871,1.62564704723718,0.0424950731581121,0.401786987085482,0.0415033843782603,0.238854373350201,0.0329826916425689,3.74165024583326,0.386501189319979,2.22433665969871,0.307152048870126,35210,10.6266692582598,1.09770289497296
1303,4063,11.1238877481177,7779,322.804247593817,2.87571828998828,69.0038238009722,2.87571828998828,33.8357280931982,2.72125215064513,3717,346,102,102,26.3966096375278,23.6451148986816,29.5856368255615,4.14968823234114,0.0369677116594457,0.887052626314079,0.0369677116594457,0.434962438529351,0.0349820304749342,6.20321108621834,0.258517377656466,3.0417178651343,0.244631392572762,24702,25.1121815489367,1.04654431890724
1304,4975,13.6208076659822,14138,929.795475813169,0.441131889636194,171.015975216572,0.441131889636194,77.4550085385184,0.418198308765704,4554,421,125,125,26.7829859632943,24.1562929534912,30.5117687988281,6.576570065166,0.0031201859501782,1.20961928997434,0.0031201859501782,0.547849826980609,0.00295797360847152,12.55549446188,0.0323866176260543,5.68652097863193,0.0307029009601353,38411,32.6872366298195,0.084315997047862
1401,5014,13.7275838466804,15905,90.4717750543901,21.0358102069548,32.459721972426,6.70291854722082,20.1392282914189,3.63741952087494,2090,2924,126,126,24.8933607842469,22.9448232650757,27.5523755836487,0.56882599845577,0.132259102212856,0.204085017116794,0.0421434677599549,0.126621994916183,0.0228696606153722,2.36456191671891,0.488281013037975,1.46706285070617,0.264971575588267,41977,5.63299406036379,1.16321083697733
1402,1847,5.05681040383299,2343,85.4352993068024,0.235396910597798,18.2077203157646,0.224248863424432,8.72053894594603,0.153048557249481,1542,305,47,47,26.2031745755743,23.8000053024292,29.479942779541,3.64640628710211,0.0100468165001194,0.777111409123543,0.00957101423066292,0.372195430898251,0.00653216206783956,3.60063337592475,0.0443459108639815,1.72451372496307,0.0302658286601911,8483,42.4452832243871,0.522762122645073
1501,5479,15.0006844626968,158263,12872.8905847045,0.0412760094038094,1140.88216014776,0.725114447939927,505.520837096959,0.0412760094038094,5389,90,137,137,27.3254437179412,24.8349546813965,29.4686708450317,8.13385983123314,2.6080643867366e-05,0.720877375095734,0.000458170543929994,0.319418207096389,2.6080643867366e-05,76.0553402069665,0.0483387574575759,33.6998513870531,0.00275160840203347,386576,19.6740977730036,0.0125043348416808
1502,5478,14.9979466119097,60353,2235.6153414233,0,158.667488727042,4.60433045328343,79.0703776885471,1.11534193290396,5474,4,137,137,26.8113382913284,25.4035408401489,27.9775338935852,3.70423233546518,0,0.262899091556414,0.00762900013799385,0.131013168671892,0.001848030641234,10.579280806417,0.306997389204412,5.27208022101895,0.0743663090531527,156012,6.7810686398591,0.196778061434
1503,5470,14.9760438056126,40127,2138.79731264548,0.954347195039705,284.837841618514,0.954291571680694,141.704237805717,0.947215751088023,5120,350,137,137,26.7843860521613,24.2246500205994,29.3150618362427,5.33007030838459,0.00237831683165875,0.709840859317949,0.00237817821337427,0.353139376992343,0.00236054464846119,19.0195652013093,0.063721205951805,9.46206085165234,0.0632487299972395,109833,17.3168038761659,0.0580164485644615
1504,5163,14.135523613963,17220,486.201263090045,5.6443061739937,113.002600396335,4.21366798891,59.8381234642524,2.43016997279151,3846,1317,130,130,25.9362321503052,23.3280026245117,29.014732093811,2.82346842677145,0.0327776200580354,0.656228806018206,0.0244696166603368,0.347492006180327,0.0141124853239925,7.99422812216954,0.298090690092848,4.2331734641329,0.171919345838098,46016,17.3727141041584,0.647797918317212
1505,5468,14.9705681040383,39776,1488.16367511419,2.58198186190578,312.382166344783,2.55776033668931,151.390098669196,1.80342338396619,4689,779,137,137,26.2710038588356,23.9351341056824,29.380534362793,3.74136080831202,0.00649130596818629,0.785353394873247,0.0064304111441304,0.380606643878711,0.00453394857191821,20.8664203104301,0.170852590156505,10.1125152777842,0.120464592354362,102059,20.4454485252943,0.167405706656449
1506,4716,12.911704312115,11780,451.177247985211,0.834025320723663,81.5731965127179,0.805232273468624,41.3499407384878,0.539271280496953,4052,664,118,118,26.3237483802744,23.8743012428284,29.150398349762,3.83002757203065,0.00708001121157608,0.692471956814243,0.0068355880600053,0.351018172652698,0.004577854673149,6.31777142202506,0.062364522452166,3.20251608454892,0.0417660804074453,32192,19.625283989889,0.193726772030834
1507,4812,13.1745379876797,12453,875.874252102868,0,81.5436611537559,0.303162947827861,39.0036165535074,0.0116239170125226,4779,33,121,121,27.1983138296075,25.1160579681397,29.1015608787537,7.03343975028401,0,0.654811380018918,0.00243445714147483,0.313206589203464,9.33423031600623e-05,6.18948924281158,0.0230112773678566,2.96053012181392,0.000882301680969216,43644,14.181764372678,0.052724950435012
1601,5288,14.4777549623546,21749,1285.7324120068,0.933950118510795,146.936974307441,0.933949577171995,57.6044695140883,0.91316484012371,4819,469,133,133,26.7511383235545,24.1651863670349,29.4332250213623,5.91168519015493,0.00429422096882981,0.675603357889748,0.00429421847980135,0.264860313182621,0.00419865207652632,10.1491546644843,0.0645092819708909,3.97882611384659,0.0630736493674707,53748,18.8828508306994,0.120021734708065
1602,1626,4.4517453798768,1963,64.6033107973141,0,7.79079250819905,0.0204098985551437,3.96834133051672,0,1609,17,41,41,26.5560636367892,25.0053191184998,28.4876375198364,3.29104996420347,0,0.396881941324455,0.00103972993148975,0.202156970479711,0,1.75005348316095,0.00458469584702721,0.891412466771975,0,8168,21.4257282463387,0.0561299687442117
1701,5393,14.7652292950034,24782,2074.609246269,1.99718034425043,360.314020349134,1.99713885168548,174.444369265018,1.65466212532909,4895,498,135,135,26.9107502057206,23.949841003418,31.0887317657471,8.37143590617789,0.00805899582055697,1.45393438927098,0.00805882839030538,0.703915621277611,0.00667687081482158,24.4028733418359,0.135259589389602,11.8145384524472,0.112064776798896,69031,35.35060095006,0.19594035924382
1702,5462,14.9541409993155,33374,2896.96424506079,0.854918691760238,443.627584802846,0.854918691760238,215.964802446067,0.854918691760238,5189,273,137,137,27.1408068773206,24.2783223724365,30.718616027832,8.68030276580808,0.00256163088560028,1.32926105592032,0.00256163088560028,0.647104939312239,0.00256163088560028,29.665868793343,0.0571693614363652,14.4418059489978,0.0571693614363652,80710,36.7561253789407,0.0708330584021375
1703,5024,13.7549623545517,14387,1125.23257169578,5.14474408296796,236.968326822671,4.19532234949662,113.795344923153,2.84753594254209,4127,897,126,126,26.5855219857708,23.3050817108154,30.9427012825012,7.82117586498772,0.0357596725027313,1.64710034630341,0.0291605084416252,0.790959511525357,0.0197924233164808,17.2278426297732,0.305004277100645,8.27303935771928,0.207018810313197,39180,43.9710123271394,0.778469313682095
2101,5479,15.0006844626968,136642,5005.4369847975,0,305.099961911479,21.5489636956757,133.884016247664,6.27805377203284,5479,0,137,137,26.8560405041228,25.6961339187622,27.8017345428467,3.66317602552473,0,0.22328417463992,0.0157703807728778,0.0979815988112466,0.00459452713809286,20.3390693718138,1.43653202953925,8.92519381902886,0.418517820813104,373349,5.44773639994048,0.384769218489738
2102,5477,14.9952087611225,56997,2735.64895929025,0,226.805001329323,3.24527513916852,98.9636914370448,0.523028964042995,5463,14,137,137,26.9715910628261,25.2867273712158,28.5496614074707,4.79963675156632,0,0.397924454496417,0.00569376482826906,0.173629649695677,0.000917642970758102,15.1251646404117,0.216420804195965,6.59968747441677,0.0348797387468877,145978,10.3612630947209,0.148255767441645
2103,5467,14.9678302532512,38702,5299.37250168147,0.128639377942157,536.629662747877,0.280252525821724,235.27956019253,0.128639377942157,5374,93,137,137,27.8073082186523,24.7863460159302,31.1368223571777,13.6927613603469,0.00033238431590656,1.38656829814448,0.000724129310686072,0.6079261025077,0.00033238431590656,35.8522012655317,0.0187236574092527,15.7190157966566,0.00859439048717263,96060,37.3227162872493,0.0194916275340961
2104,5343,14.6283367556468,22843,2423.82124122832,0.596758280192325,304.826181171112,0.596748120844356,133.044895627251,0.596748120844356,5099,244,134,134,27.3562319743238,24.328041305542,30.9751581954956,10.6107833525733,0.00261243391932901,1.33444022751439,0.00261238944466294,0.582431798044264,0.00261238944466294,20.8380615146451,0.040793982994273,9.09501181505774,0.040793982994273,63378,32.8790140342786,0.0643661570170612
2105,5479,15.0006844626968,59442,4303.38008038669,2.07987030467567,684.581017953045,2.07987030467567,322.582988289275,1.99944633186511,5125,354,137,137,26.9283916130839,24.0951343536377,30.2497241210938,7.2396286807084,0.00349899112525769,1.15167897774813,0.00349899112525769,0.542685286984413,0.0033636928970511,45.6366520911389,0.138651693517574,21.5045512817408,0.133290339973304,143196,31.8700606798646,0.0968265129735288
2201,5479,15.0006844626968,97290,20733.8005415792,0.638373809612537,1700.74230714121,1.4963839542886,756.35304689923,0.638373809612537,5394,85,137,137,28.4165532581561,24.7539028549194,32.1534326171875,21.3113377958467,0.000656155627107141,1.74811625772558,0.00153806553015583,0.777421160344568,0.000656155627107141,113.377646958081,0.0997543784091828,50.4212356962847,0.0425563120936264,238863,47.4655542960113,0.0417621726299941
2202,5472,14.9815195071869,39240,1976.53257152687,0,123.544915932296,6.26984470927082,57.4132523501786,1.35700255595627,5469,3,137,137,27.1400619173608,25.6722415924072,28.2766166305542,5.03703509563423,0,0.314844332141428,0.0159781975261744,0.146313079383737,0.00345821242598438,8.24648767256418,0.418505259514102,3.83227164124684,0.090578432668682,90046,9.1580832825047,0.464768295664551
2203,5448,14.9158110882957,31750,5937.96096064807,0.438424651379378,635.677989280348,0.490734725638507,274.887230432793,0.438424651379378,5342,106,137,137,28.0225855362398,24.6125285148621,31.9794438171387,18.7022392461357,0.00138086504371458,2.00213539930818,0.00154562118311341,0.86578655254423,0.00138086504371458,42.6177286315432,0.0329003044308856,18.4292512693792,0.0293932826571802,76758,55.5221978576085,0.0428623784242497
2204,4299,11.7700205338809,8714,1054.39710842331,0.514807484568132,155.471786965598,0.514807484568132,68.6850105549929,0.445137102662259,4001,298,108,108,27.2906350874296,23.9361375045776,31.2143125534058,12.100035671601,0.00590782057112844,1.78416097045671,0.00590782057112844,0.788214488811027,0.00510829817147417,13.209134726491,0.0437388773525263,5.83558969649015,0.0378195689107676,23766,55.5799660291633,0.184039709469521
2205,4335,11.8685831622177,8946,759.433045429962,2.00745091006391,128.102386384008,1.68147426489656,62.060860539384,1.06093307658547,3661,674,109,109,26.7307639274905,23.5173168945313,31.0303971481323,8.48907942577646,0.0224396479998202,1.43195155805956,0.0187958223216696,0.693727481996244,0.0118593011020061,10.7934017593446,0.141674388755126,5.22900330150173,0.0893900360375645,26494,40.7390418938047,0.534741408451444
2206,5107,13.9822039698836,15491,2406.72112833326,0.426202886575877,282.601546425004,0.426202886575877,125.202373218707,0.425864987503303,4901,206,128,128,27.7351238134208,24.2466467285156,31.8547932052612,15.5362541368101,0.0027512935677224,1.82429505148153,0.0027512935677224,0.808226539401636,0.00274911230716741,20.211516512969,0.0304818101276364,8.95440901079556,0.0304576437606386,37972,53.2274215552749,0.0802744393964932
2301,5479,15.0006844626968,286791,7372.12163136487,0,487.440881700629,36.821837228231,216.103149589205,10.4219135559888,5478,1,137,137,26.5314864325554,25.6248027420044,27.5437975311279,2.57055543282909,0,0.169963800014864,0.0128392582850337,0.075352137824829,0.00363397510939633,32.4945760250328,2.45467713955309,14.4062192713008,0.694762534463391,665770,4.88075101386858,0.368697469028807
2302,5479,15.0006844626968,59443,3837.39477943722,0.0104612564332494,325.035102614429,5.93150739562055,152.911288457943,0.992975943072699,5467,12,137,137,27.2908246485415,25.4466558074951,28.8570378875732,6.45558733482027,1.7598802942734e-05,0.546801309850494,0.00997847920801532,0.257240193896578,0.0016704674109192,21.6680181109546,0.395415783217814,10.1936207536528,0.0661953756538243,139850,15.4937562466604,0.282742783852567
2303,5458,14.943189596167,34297,4309.27222598987,0.536712479680309,450.505428619839,0.536712479680309,189.192609509975,0.536712479680309,5299,159,137,137,27.5579025657153,24.5394206047058,30.6694530677795,12.5645748199256,0.00156489628737297,1.31354179263445,0.00156489628737297,0.551630199463438,0.00156489628737297,30.1478761090869,0.0359168620746121,12.6607916129568,0.0359168620746121,75739,39.8049566393626,0.0474218857848824
2304,5479,15.0006844626968,70414,4343.08093424034,24.8462596385311,754.61426156044,17.9738032283507,341.881123859444,11.2390721875704,4173,1306,137,137,26.3666119029823,23.3121702957153,29.9656707763672,6.16792247882571,0.035285965345714,1.07168213929111,0.02552589432265,0.485530042121515,0.015961417030094,50.3053219629404,1.19819887372789,22.7910349497466,0.749237290839586,155580,32.3340544819003,0.770149681018055
2305,5438,14.8884325804244,28239,2079.27124165997,1.88845957104047,247.708378328225,1.88840058426441,115.298174176036,1.56928733369043,4906,532,136,136,26.8895472280678,23.9324524307251,29.8656258201599,7.36311923814571,0.00668741659067414,0.877185375998529,0.00668720770659164,0.408294111604647,0.0055571632624754,16.6376397911703,0.126836762302791,7.74414456009511,0.105403125897468,64853,25.6543872930632,0.195575782620374
2306,5479,15.0006844626968,86602,2275.05698489499,0,143.861282155248,11.2278774351989,63.9132275227553,3.21250683450844,5479,0,137,137,26.5640276087138,25.6134373092651,27.4916244125366,2.62702591729404,0,0.166117736490206,0.0129649170171577,0.0738010987306937,0.00370950651775761,9.59031452951347,0.748491008068333,4.26068741607709,0.214157350119403,188741,5.08120362269643,0.396570436772261
2401,5479,15.0006844626968,126316,3267.85794859758,0.000419025697430191,332.264908837706,0.596164284938453,156.913074436627,0,5408,71,137,137,26.4150327556128,24.9698950195313,27.929416923523,2.58704989755659,3.31728124252027e-07,0.263042614425493,0.000471962605638599,0.124222643557924,0,22.1499832000314,0.0397424721799178,10.4603943124618,0,306615,7.22403770201438,0.0129616855600404
2402,5374,14.7132101300479,22754,1803.02572993797,0.970411860362873,209.666823623251,0.970411860362873,91.9781713853837,0.961657351238356,5052,322,135,135,27.1166684001984,24.1973213386536,29.6467913246155,7.92399459408444,0.00426479678457798,0.921450398273934,0.00426479678457798,0.404228581284098,0.00422632219055267,14.2502432691463,0.0659551417933643,6.25140065100696,0.0653601316598082,50139,28.4214748382423,0.131544589627564
2403,5478,14.9979466119097,61347,6246.74407734668,0.057217336027261,536.75163346723,5.93178075340044,236.938677323956,0.760061816068817,5463,15,137,137,27.6739790339503,25.4635093688965,29.5790386390686,10.1826398639651,9.32683522050972e-05,0.874943572574421,0.00966922710711272,0.386226999403321,0.00123895515032327,35.7883413880806,0.39550619207366,15.7980744601268,0.0506777251404044,141137,25.3571645904906,0.280228566622261
2501,5479,15.0006844626968,130917,2459.58776697247,8.93489418939393,323.694544863531,8.30701845811283,162.150666562325,5.57888165303829,4431,1048,137,137,25.9652147622064,23.9177149200439,27.8812576293945,1.87873825933413,0.00682485405974315,0.247251728089958,0.00634525574074629,0.123857609448983,0.00426138824830869,21.5786516720943,0.553775961274997,10.8095511885178,0.371908473037458,284016,7.59768874714603,0.194980550840445
2502,5479,15.0006844626968,86479,575.179314379569,540.474078839955,118.614157411686,115.162600684816,60.377701384003,52.1740534830913,2701,2778,137,137,24.7204728451148,21.5601523590088,27.3489231109619,0.665108655719388,0.624977253252183,0.13715949237582,0.133168284421439,0.0698177608251749,0.0603314717828505,7.90724967961639,7.67715639717632,4.02499642827288,3.47811152303323,181666,4.35263047549701,4.2259731579802
2503,5476,14.9924709103354,43762,5023.88710501096,3.28398722332961,532.099634727532,3.28392558098018,230.908796126554,3.10386379146598,5092,384,137,137,27.3776468924139,24.0208892822266,30.3797869682312,11.4800217197819,0.00750419821609984,1.21589423410158,0.00750405735793652,0.527646808021922,0.00709260041009548,35.4911233718464,0.219038316006759,15.4016504355777,0.207028168340568,99348,35.7240441396369,0.220475818342351
2504,5382,14.735112936345,22856,3165.86126194103,1.32106010701023,327.239746003731,1.32106010701023,148.227244554923,1.30186666733951,5153,229,135,135,27.6227909362436,24.1884623336792,30.8676705741882,13.8513355877714,0.005779926964518,1.43174547604013,0.005779926964518,0.648526621258849,0.00569595146718373,22.2081600200414,0.0896538840738551,10.0594576502574,0.0883513192578515,50298,44.1531671637866,0.178245425412253
2601,5479,15.0006844626968,391735,7335.13343635859,0,647.356543333597,25.5870371658721,316.072981055314,6.77650077631445,5478,1,137,137,26.2462146360088,25.3835146331787,27.381682472229,1.87247333946637,0,0.165253690207308,0.00653172097613746,0.0806854074962191,0.00172986860411106,43.1551336836277,1.70572464406548,21.0705706023825,0.451746104863817,821020,5.25628287783826,0.207756771341195
2602,5479,15.0006844626968,159700,703.006848997572,2416.80266624364,216.416414149048,373.691132090211,117.390807395084,160.559383778819,1965,3514,137,137,24.042425188711,20.3196924972534,27.2698732376099,0.440204664369175,1.51333917735983,0.135514348246116,0.233995699492931,0.073507080397673,0.100538123843969,14.4271026223653,24.9116054017065,7.82569673317291,10.7034705101685,314270,4.59067127704373,7.92681624135503
2603,5471,14.9787816563997,36456,2400.86898545408,108.848995349284,413.0787433003,39.3455839510137,209.236033266406,19.4833045040759,3739,1732,137,137,26.1566700751462,21.8709625244141,30.1132078170776,6.5856621281931,0.298576353273216,1.13308849928764,0.107926223258212,0.573941280629816,0.0534433412993085,27.5775929428687,2.62675462220943,13.9688285780579,1.30072691831726,76812,35.9027143452439,3.41971908322843
2604,5476,14.9924709103354,49086,4297.90471268493,38.19288259805,796.910056267661,21.8096510904093,395.77735900696,12.2450183496128,4195,1281,137,137,26.6418067957904,22.9634857177734,30.9146008491516,8.75586666806203,0.0778080972131565,1.62349764956945,0.0444315101870376,0.806293768094692,0.0249460505024096,53.1540171752672,1.45470691394667,26.3984076656852,0.816744512818858,120057,44.2739841702418,1.21168021352081
2701,5479,15.0006844626968,119518,2222.08611591124,10.9106296296208,340.866612660367,10.0363226158091,180.867330709961,6.46729489967709,4315,1164,137,137,25.9218832852523,23.7936143493652,28.0338554000855,1.85920624166338,0.00912885894143207,0.285201068174139,0.00839733146121012,0.151330620249637,0.00541114719094788,22.7234039558677,0.66905764472062,12.0572718638097,0.431133320333465,258999,8.7735489155818,0.2583244123416
2702,5479,15.0006844626968,68441,2902.36788905737,321.21298081021,573.168316070936,84.6540623913645,292.490060403869,40.7955728462327,3492,1987,137,137,25.7544483001007,21.7449034500122,29.3702872467041,4.24068597632614,0.469328298549422,0.837463386085732,0.123689107978207,0.427360880764263,0.0596069210651988,38.2094775405931,5.6433466487399,19.4984476295881,2.71958075964346,150222,25.4353407227923,3.75667122574583
2801,5479,15.0006844626968,82715,1646.5513417017,12.1279378916056,276.766042557308,9.74830286293095,147.819134447307,6.12516715104596,4280,1199,137,137,25.9367398371508,23.6872994613647,28.14719581604,1.99063210022571,0.014662319883462,0.334601997893137,0.0117854111865211,0.178708981983083,0.00740514677029071,18.4502276043177,0.649857203994439,9.85415930952346,0.408325844482485,201299,9.16558333837611,0.322831809395197
2802,5469,14.9733059548255,40068,1269.71264105731,169.927213370406,269.429674341485,44.1018600597532,141.875895772491,20.6424296379012,3423,2046,137,137,25.6118712607457,21.8962335205078,28.9013787841797,3.16889448202383,0.424097068409719,0.672431053063504,0.110067535339306,0.354087790187908,0.0515184926572356,17.9940004668545,2.94536558544978,9.47525524426812,1.37861536391359,93310,19.2841072412973,3.15653797604735
2901,5479,15.0006844626968,241227,4160.79904223787,91.4573406845964,760.279780131063,53.8643202964269,411.349502131953,29.6546295615435,3958,1521,137,137,25.753475145694,23.3711474227905,28.0378853225708,1.72484798228966,0.0379133930632128,0.315171925253418,0.0223293082019952,0.170523822844024,0.0122932464282785,50.6830059669412,3.5907908356032,27.4220488508297,1.97688509716258,601443,8.42690096433763,0.597029283839566
2902,5478,14.9979466119097,61466,413.102248639291,452.117628493969,113.667941693531,90.9833942986463,60.1487564030363,43.5502117161253,2504,2974,137,137,24.59892546691,21.3710432052612,27.6177833557129,0.672082531219359,0.735557264982216,0.184928158158219,0.148022312007689,0.0978569557202946,0.0708525228844,7.57890027447284,6.06639006345027,4.0104660964237,2.90374494876137,143759,5.27194838199545,4.21983323718882
2903,5479,15.0006844626968,103341,1146.12342042409,248.989746682337,254.657865207517,74.6342685584206,139.333919951676,35.5244199186645,3035,2444,137,137,25.1615914026084,22.327247467041,27.7545118331909,1.10906941138957,0.240939943180671,0.246424812230883,0.0722213531496895,0.134829273910332,0.0343759204175153,16.976416365586,4.97539087259776,9.28850415447157,2.36818659888524,241626,7.025906303786,2.05912893173655
2904,5479,15.0006844626968,122111,305.103521458321,3494.30166232098,166.112835637149,491.722761503401,105.656911953807,233.939140396288,1019,4460,137,137,23.1825607631911,18.7824789428711,27.1555068588257,0.249857524267528,2.86157812344586,0.136034293091654,0.402685066458715,0.0865253023509813,0.191579088203592,11.0736837409142,32.7800216534253,7.04347273063113,15.5952310694915,297087,3.72742117323012,11.0338122009463
2905,5469,14.9733059548255,40906,1807.30393813956,181.199267749629,567.407276705332,60.6416723047876,293.181021555423,31.3722715544553,3215,2254,137,137,25.5152830834318,21.4105861663818,30.1473326873779,4.41818788964836,0.442965011855543,1.38710036841865,0.148246399806355,0.716718871450211,0.0766935695361446,37.8945891052519,4.04998552008113,19.5802465026729,2.09521341840644,113836,33.2887567248075,3.5577370252654
2906,5387,14.7488021902806,26666,800.44511629567,132.249322215475,299.832451861124,39.042650737472,154.028949041568,20.2258965977371,2565,2822,135,135,25.0772618604808,21.4462490081787,29.634224357605,3.0017442297145,0.495947356991956,1.12439980447433,0.146413600605535,0.577622999480866,0.0758490084667258,20.329274743322,2.64717434227987,10.4434887019552,1.37135859148384,83878,24.2367184998712,3.15598171425149
2907,5460,14.9486652977413,35522,1324.75112580873,106.721034113115,413.714877446922,36.6885109082997,207.535379600767,19.142428712269,3326,2134,137,137,25.5758043725849,21.9389330863953,29.8020952987671,3.72938214573709,0.300436445338424,1.16467225225754,0.103283911120713,0.584244636002384,0.0538889384389082,27.6757067742653,2.45430011158543,13.8832046518645,1.280544338307,91298,30.3135958884809,2.68822987533728
2908,5471,14.9787816563997,45625,2486.99303127769,55.9471310200567,509.69751972271,26.5872473189848,259.824843088345,14.7328923814113,3966,1505,137,137,26.2341920092302,22.6384122848511,29.8345207214356,5.45094363019767,0.122623848811083,1.11714524870731,0.0582734187813366,0.569479108138838,0.0322912709729563,34.0279691242405,1.77499398341422,17.3461933719645,0.983584160539295,114168,29.805172311191,1.55472109821861
2909,5478,14.9979466119097,48242,1650.13167031792,253.368232283872,371.960659710167,67.7853552588809,196.940994011579,33.7936246455207,3407,2071,137,137,25.5773927915614,21.5771970367432,29.2056671333313,3.42052914538767,0.525202587545857,0.771030760976259,0.140511080093862,0.408235549959742,0.0700502148449912,24.8007723547168,4.51964238924904,13.1311971636964,2.25321675826514,123619,20.0622657962908,3.65610657686039
2910,5479,15.0006844626968,141921,1056.84337163402,2388.57796173259,410.785044560789,387.924274682132,258.98648598144,178.340249406187,2038,3441,137,137,24.0961733994029,20.0640098190308,27.882657699585,0.744670183858639,1.68303349168382,0.289446272617012,0.273338177353691,0.182486373391845,0.125661635280323,27.3844200631189,25.8604382784539,17.2649779165397,11.8888074640645,348565,7.85633097503159,7.4191150225794
3101,5479,15.0006844626968,381779,1162.21095727439,20153.4282021778,904.618874716977,2427.95569607585,671.911611304884,1104.60168493002,666,4813,137,137,22.1728335700999,16.5001521682739,27.4965348815918,0.304419823320401,5.27882052239064,0.236948306406842,0.635958419943437,0.175994911010004,0.289330132073796,60.305173205033,161.856327430499,44.7920635205528,73.636752221334,1031860,5.84431736912304,15.6858805875312
3102,5479,15.0006844626968,98417,2145.51697936548,1497.05479833174,1027.51385116476,337.721580491495,586.619387847485,155.79916565179,2167,3312,137,137,24.3413079775779,19.5538534545898,29.5067012023926,2.18002680366754,1.52113435517414,1.04404102051959,0.343153703619796,0.59605493750824,0.158305135953941,68.4977977984906,22.5137447115383,39.1061747419773,10.3861371152247,255213,26.8394626443365,8.82155090514133
3103,5479,15.0006844626968,84239,368.145236843852,3224.64415640806,215.59593725017,418.943312061817,147.201202203461,188.365155062323,1157,4322,137,137,22.9088113626047,17.6033435440064,27.6397347259522,0.437024699775463,3.82797060317437,0.255933637923254,0.497327024373291,0.17474234286193,0.223608014176715,14.3724066582633,27.9282797464097,9.81296570629934,12.5571040128698,203192,7.07331324966697,13.7447732914729
3104,5476,14.9924709103354,59917,468.772296812593,2039.83262571909,239.179130174464,293.289178965094,158.76911346473,134.307096303859,1631,3845,137,137,23.296107635087,17.7795572280884,28.1699328422546,0.78236943907838,3.40443050506382,0.39918408827956,0.489492429469256,0.264981747191499,0.224155241924428,15.9532829248033,19.5624310841856,10.5899230630009,8.95830294466483,139153,11.4645626934405,14.0582172746442
3105,5479,15.0006844626968,69409,309.945676348709,3087.80090149209,175.440614078499,397.904952903105,120.237153014865,177.901022288161,1229,4250,137,137,22.723535817434,17.1385227966309,27.6969844818115,0.446549692905399,4.44870391662766,0.252763494760764,0.573275732114143,0.173229916890987,0.25630829184711,11.6955072626705,26.5257864661178,8.01544444947607,11.8595269922889,181661,6.43809472736057,14.601805817494
3106,5479,15.0006844626968,197923,132.996359034056,14857.9872256896,113.245341847164,1489.55139244246,86.4689571608527,664.594633561091,380,5099,137,137,21.3326728757791,15.2329109764099,26.1810950469971,0.0671960100817267,7.50695332310524,0.0572168680987878,0.75259135746854,0.0436881803331865,0.335784438170951,7.54934497347629,99.2988950701967,5.76433411261205,44.3042872619435,447159,1.6882909599217,22.2066189141215
3107,5478,14.9979466119097,60403,4.09855878066524,7080.86993626958,4.17602266728451,569.906888766107,4.09855878066524,252.653924605583,31,5447,137,137,19.7793217871737,13.4348779773712,24.6735922241211,0.00678535632446276,11.7227123425485,0.00691360142258581,0.943507588639815,0.00678535632446276,0.418280424160361,0.278439627459961,37.9989943632385,0.273274661306678,16.8459010518783,145694,0.191112624720277,26.0813721657985
3108,5479,15.0006844626968,131858,125.085294640409,10467.8305823146,119.737702220103,1143.02463255157,97.7635346333876,500.921290303034,273,5206,137,137,21.1639024101267,14.5564405441284,26.4746474075317,0.0948636371250963,7.93871481617697,0.0908080679367981,0.866860283450051,0.0741430437541807,0.379894500373913,7.98214924911347,76.1981651833292,6.51727158694011,33.3932289255673,307841,2.59294546506588,24.7524420669531
3109,5479,15.0006844626968,106364,3.88504854678529,14121.2230351373,5.97158755577118,1147.17995663029,3.88504854678529,515.967646924207,22,5457,137,137,19.326454837428,12.2491983985901,24.4261965560913,0.00365259725732888,13.2763181481867,0.00561429389245532,1.07854157104875,0.00365259725732888,0.485096129258214,0.398087671973978,76.4751741484239,0.258991418454705,34.3962735972014,252706,0.157529964454337,30.2625082698566
3110,5479,15.0006844626968,57783,699.497497821914,1841.41647777747,496.194287675627,378.91217829001,337.84471285564,191.680152742903,1305,4174,137,137,23.3033956323016,15.9682926559448,28.9669811248779,1.21055933029077,3.18677894497944,0.858720190498291,0.655750269612187,0.584678387857397,0.331724127758862,33.0781097962261,25.2596592663673,22.5219531612562,12.7780937742919,132599,24.9459722895543,19.0496604547299
3111,5479,15.0006844626968,81612,1554.06405416807,1763.70180264428,960.418662159263,441.256028684506,593.964292470424,234.096370667648,1753,3726,137,137,23.915087051691,17.0661031723022,29.6136456298828,1.90421023154446,2.16108146184909,1.17681059422544,0.540675426021304,0.727790389244748,0.28684062474593,64.0249892961618,29.4157263144763,39.5958127075784,15.6057126093007,197357,32.4412051744614,14.9048304921925
3112,5478,14.9979466119097,50617,498.271776013707,1367.08467610135,312.098837455798,235.895414852499,192.263232571043,119.380458082328,1270,4208,137,137,23.4216355633327,18.4726466369629,28.8175239944458,0.984396104102785,2.70084097457642,0.6165889670581,0.466039897371435,0.379839248811749,0.235850520738741,20.8094378205057,15.728514106403,12.8193037051065,7.95978684092195,132862,15.662445108839,11.8382337360592
3113,5479,15.0006844626968,91116,366.281725847986,4581.91750876622,276.271270618828,571.46591298646,206.951144211319,262.237552499185,793,4686,137,137,22.3268896260604,16.4270385360718,27.6715459823608,0.401994957908584,5.02866402033256,0.303208295599925,0.627185031154199,0.227129312317616,0.287806260699751,18.4172443134745,38.0959891801979,13.7961134190882,17.4817057949128,232639,7.91666243126669,16.3755815577775
3201,5479,15.0006844626968,130296,715.480731470302,1714.72687409699,187.212483800496,282.243921263829,102.441149352093,131.556760661648,1908,3571,137,137,24.0760197487163,20.1867190551758,27.3646794128418,0.549119490598561,1.31602418654218,0.143682449039491,0.216617487308765,0.0786218681710056,0.100967612713858,12.4802627684123,18.81540285483,6.8290983392685,8.77005052594763,353825,3.52724165008473,5.31771436581078
3202,5448,14.9158110882957,32698,282.986638539667,205.155578470784,66.5417299168291,46.2622628283908,36.7541528789228,22.1351284173822,2429,3019,137,137,24.7007430734088,21.2982243728638,27.6358457565308,0.865455497399436,0.627425464770884,0.203503975523974,0.141483463295586,0.112404895953645,0.0676956646198,4.46115397432486,3.10155864502014,2.46410689042338,1.48400434185919,86995,5.12805790485069,3.56521483420903
3203,5471,14.9787816563997,31944,396.080251776113,732.467668480866,150.454915878181,125.254939756905,83.8797896688089,53.0488021315344,2125,3346,137,137,23.9530711779754,18.8189359664917,28.4975526809692,1.23992064793424,2.2929741687981,0.47099585486533,0.392107875522493,0.262583864477864,0.166068125881337,10.0445362866945,8.3621580599908,5.59990736182279,3.54159659633393,79502,12.6343189941064,10.5181732031783
3204,5474,14.9869952087611,46277,94.4965078970975,1897.19834700248,41.2707232389081,218.482221450327,23.3541262798721,90.6954104224062,1073,4401,137,137,22.6786226626944,17.4264486122131,26.8493099975586,0.204197566603491,4.09965716663241,0.0891819332258099,0.472118377272354,0.0504659469712213,0.195983772548796,2.75376902868308,14.5781204575689,1.55829277013578,6.05160735418047,111076,2.47917554528708,13.1244557398258
3301,5479,15.0006844626968,1155032,4844.56380291436,32011.7652303203,1748.26477060373,4190.08865990381,966.205611004245,1885.29260520355,1369,4110,137,137,23.2660386722047,18.7166682052612,27.333479423523,0.419431132896263,2.77150461894738,0.151360721659983,0.362768188232344,0.0836518478279602,0.163224274756332,116.545666629497,279.326498089043,64.4107682824056,125.680438775433,2280481,5.11057389338025,12.2485781766672
3302,5479,15.0006844626968,89556,167.413485290788,6853.54502259779,110.329527165072,706.778115120832,70.0490628920983,312.402081028358,651,4828,137,137,21.4194540233372,14.5014555549622,27.0584621810913,0.186937207212011,7.65280385747219,0.123196131096824,0.789202415383483,0.0782181683997704,0.34883433943941,7.35496619767154,47.1163910472502,4.66972444266087,20.8258551004942,196736,3.73849534283077,23.9490439204061
3303,5479,15.0006844626968,96162,73.3272244710124,7672.91212476652,56.5724167005167,763.498050709311,37.6521180021201,337.998150938858,442,5037,137,137,21.2101269132096,14.6926425743103,26.4314147567749,0.0762538471236168,7.97915197766948,0.058830324557015,0.79397064402707,0.0391548823881784,0.351488270771051,3.77132235806967,50.8975475491104,2.51002666549998,22.532181900058,194910,1.93490449852223,26.1133587548665
3304,5479,15.0006844626968,86207,303.940593016552,2357.82667196316,100.182694524893,288.321912593068,54.3084424525367,128.170918519516,1393,4086,137,137,23.2780713949745,18.9077074813843,27.1953064727783,0.352570664814403,2.73507565738648,0.116211786194733,0.334453017264338,0.0629977176476814,0.148678087068935,6.67854155415538,19.2205837880303,3.62039762836084,8.54433801592505,175735,3.80034799792607,10.9372542680913
3305,5479,15.0006844626968,68367,20.091527039078,5080.60577535917,16.6288615706638,348.387956882731,9.61384930478203,137.337258476432,300,5179,137,137,21.1603527488576,16.4994832229614,25.9805829238892,0.0293877558457705,7.43137153211223,0.0243229358764665,0.509584970647726,0.0140621195968553,0.200882382547767,1.1085401877505,23.2248040247157,0.640894042447826,9.155399463135,177767,0.623591660854093,13.0647443140266
3501,5479,15.0006844626968,1575489,3805.67650570648,87762.8024573052,1940.5990295002,9742.91735056643,1121.66176328777,4493.03629373425,879,4600,137,137,22.128265153189,16.0363360977173,27.2534017181397,0.241555257174533,5.57051191454242,0.123174394077026,0.6184059267038,0.0711945156892731,0.285183602915301,129.367365490956,649.498186219089,74.7740388831646,299.522085469326,3742255,3.45693613853027,17.3557971388665
3502,5479,15.0006844626968,226810,451.398246167959,17847.0928003614,301.086035231522,1935.45080462109,200.662726628302,880.227604285561,634,4845,137,137,21.3598327962211,13.7374526786804,27.148860206604,0.199020433917358,7.86874159003635,0.132748130695967,0.853335745611343,0.0884717281549763,0.388090297731829,20.071486469851,129.024166159491,13.3769047090687,58.6791627058407,512337,3.91763360246302,25.1834566231779
3503,5479,15.0006844626968,120871,1846.28903716709,6079.83199577027,1104.99047249171,989.643040774421,684.958377301697,471.791042049207,1472,4007,137,137,22.8341322455186,14.1392382240295,29.3360552215576,1.52748718647739,5.03001712219662,0.914189898728159,0.818759703133441,0.566685455817936,0.390326084874955,73.662670209454,65.9731923056867,45.6618082331529,31.4513009871277,254512,28.9427100527496,25.9214466530799
3504,5479,15.0006844626968,97521,2028.53330797616,4454.28028119349,1101.02373723754,846.390013708286,655.970081053826,413.860532512692,1662,3817,137,137,23.1394016374134,13.7926878929138,29.7208848953247,2.08009896122492,4.56750882496436,1.12901194331225,0.867905388283842,0.672644949348167,0.424380935914,73.398233258991,56.4234262651855,43.7293433299708,27.5894432378647,201342,36.4545068882752,28.0236742781861
3505,5479,15.0006844626968,81893,3916.3884774205,2574.88487769346,1397.74489212936,690.352565664775,756.403417572361,343.637102509383,2611,2868,137,137,24.3294394582396,14.0242053794861,30.7728561782837,4.78232385847448,3.14420631518379,1.70679409977575,0.84299337631394,0.923648440736523,0.41961718646207,93.1787409838013,46.0214043820148,50.4245935879366,22.9080948515335,175905,52.9710588009445,26.1626471004319
3506,5479,15.0006844626968,69921,3535.1275863103,1622.44165842375,1252.75415780391,519.816013241504,702.537412862333,270.239398957936,2889,2590,137,137,24.7444832455962,14.9540439414978,30.6792823791504,5.05588819712289,2.32039252645664,1.79167082536564,0.743433322237245,1.00475881761178,0.386492468583024,83.5131330786418,34.6528196452746,46.8336904632172,18.0151378845385,153247,54.4957702784667,22.6123967485658
3507,5479,15.0006844626968,147862,6004.81730026563,3125.09546266322,2610.15769109547,1005.22333338701,1522.22441586789,528.468034586769,2686,2793,137,137,24.6305929708925,15.3265247535706,30.621294593811,4.06109568399293,2.11352170446986,1.76526605287056,0.679838858791986,1.02948994053096,0.357406253524752,174.002572855014,67.0118310858923,101.476997243246,35.229594749556,323400,53.8041350819461,20.7210362046668
3508,5479,15.0006844626968,200287,3378.12658644469,6498.60240520056,2013.51841662727,1432.76815146702,1324.48882712746,714.487409846409,1786,3693,137,137,23.5720888072719,15.5576022338867,29.2458639526367,1.68664296057392,3.24464513682893,1.00531657902273,0.71535753766696,0.661295454586399,0.35673179479767,134.228436151325,95.5135184017759,88.2952261559236,47.6303205779158,445221,30.1487207816623,21.4530577851844
3509,5479,15.0006844626968,92874,1429.14083534262,4089.60913892782,888.503864731899,746.120191684814,570.770989955481,386.926396999911,1518,3961,137,137,23.0625512253131,14.3970718002319,29.4782111740112,1.53879539520492,4.40339507174001,0.956676642259296,0.803368210354689,0.614564883557811,0.416614334474568,59.2308882265607,49.7390764761596,38.0496630920313,25.7939161351008,203839,29.0576819090364,24.4011580100764
3510,5479,15.0006844626968,509337,2306.29323474273,35037.7559765098,1747.56390330988,4567.41467022481,1280.33614832677,2149.67113390998,778,4701,137,137,21.8131277338826,13.6937876319885,27.8852444076538,0.452803003658232,6.87909104905196,0.343105626198348,0.896737262406777,0.251373088608676,0.422052812560246,116.49894427522,304.480417649135,85.3518485446895,143.304869804822,1207648,9.64676331805463,25.2126793278451
3511,5479,15.0006844626968,174713,303.181419028373,7985.38825470475,133.78679624233,856.963275872762,69.6836110613825,379.248033616166,864,4615,137,137,22.4005030281985,17.4700633239746,26.7943323135376,0.173531116189622,4.57057474527067,0.076575181149846,0.490497716754198,0.0398846170928222,0.21706915548137,8.91871278107523,57.1282782464914,4.64536209895418,25.2820485998001,430862,2.06996968427831,13.2590663011571
4101,5479,15.0006844626968,249572,34.9724055567993,34732.8436962668,34.9724055567993,3007.73687517939,31.5344963270292,1328.4430004551,104,5375,137,137,19.2585747473038,10.3259374046326,25.4891980743408,0.0140129523972238,13.91696331971,0.0140129523972238,1.20515798053443,0.0126354303876353,0.532288478056472,2.33138732060978,200.506642390814,2.10220382979511,88.5588256828299,624156,0.373526381322903,32.1244436312099
4102,5449,14.9185489390828,30435,0.947599878976968,4975.4862440249,1.14211668301844,425.578409679654,0.947599878976968,186.829125329095,40,5409,137,137,18.4140968179239,7.51196666717529,24.7032865142822,0.00311352022006561,16.3479094595857,0.00375264229675847,1.39831907238263,0.00311352022006561,0.613862741347444,0.0765568211547963,28.5267965012835,0.0635182337669916,12.5232773034413,64783,0.118174245025387,44.0343863379027
4103,5479,15.0006844626968,138761,1190.37886564175,12898.5705018456,729.871739216756,1872.14132810282,461.161893127905,822.98263708012,1083,4396,137,137,21.3381639103055,8.94271030426025,28.5389344024658,0.857862703239206,9.2955300854315,0.525991985656457,1.34918408493944,0.332342584103534,0.59309361930234,48.6558957380763,124.803726973819,30.7427233920364,54.863005693286,346958,14.023569347897,35.9708457432366
4104,5479,15.0006844626968,145377,2487.90438774373,8812.56349045754,1306.13173100108,1590.33985934316,736.68916384962,713.748637282569,1609,3870,137,137,22.6464970894681,11.393022518158,29.3311520004272,1.711346628245,6.06186913367145,0.898444548313065,1.09394186105309,0.506743958019233,0.490963933278696,87.0714755882727,106.017819606696,49.1103699755565,47.5810713209451,347806,25.0344949737131,30.4818834656953
4105,5479,15.0006844626968,163644,973.624385718,12416.150511689,651.255817891784,1717.46247164076,416.794510580442,840.046393829108,896,4583,137,137,21.6715412947531,11.8672945594788,28.2248293685913,0.594964915131627,7.58729346122622,0.397971094505014,1.04951142213632,0.254695870658528,0.513337729357085,43.4150734595682,114.492273730021,27.7850328507951,56.0005375700094,365946,11.8637923244326,31.2866580670431
4106,5479,15.0006844626968,68579,6.29390145523203,10466.3366385489,6.29390145523203,902.568169488985,6.25697810943141,421.706959673657,65,5414,137,137,18.7882088464767,8.77776720046997,25.1235277175903,0.00917759292966072,15.2617224493633,0.00917759292966072,1.31609992780441,0.00912375232860119,0.614921418617445,0.419574284819036,60.1684657612433,0.417112840750105,28.112514513744,143471,0.292445361654297,41.9377196515277
4201,5477,14.9952087611225,64949,25.9876931113698,5295.35897855274,21.3775923147143,416.689995998577,12.4925406818178,184.510186349177,303,5174,137,137,20.9791578375033,15.6788351821899,26.1238133239746,0.0400124607174396,8.15310317103071,0.0329144287282549,0.641564914007263,0.0192343849509889,0.284084722396307,1.42562818932799,27.7882090630784,0.833102151549014,12.3046093781335,201318,0.708147403276403,13.8031418268999
4202,5479,15.0006844626968,65365,4.08564034061957,7817.20755323512,4.08564034061957,542.756062210164,3.9400555421946,237.822698090697,74,5405,137,137,19.7263529706684,14.2685287857056,25.1938523864746,0.00625050155376665,11.9593169941637,0.00625050155376665,0.830346610892931,0.00602777563251678,0.363837983769137,0.27236359452661,36.182086461446,0.262658384155243,15.8541231023228,171609,0.158711719389199,21.0840261649715
4203,5414,14.8227241615332,28652,0.0235240690068874,6814.61496986888,7.84440908083451,470.954495725042,1.11882805604902,206.703957310805,3,5411,136,136,16.1374995992287,5.15817170619965,23.2567925262451,8.21027118766138e-05,23.7840812853165,0.0273782251878909,1.64370548556835,0.0039048864164771,0.721429419624476,0.529215075133876,31.7724657487203,0.0754805961344486,13.9450721107816,60609,0.873162525588404,52.4220260171267
4204,5479,15.0006844626968,74410,53.2941478518725,10865.6849655508,50.4724137536489,1097.43624137427,37.3208316131514,491.437466397181,240,5239,137,137,19.1283932254793,7.0085489654541,26.4456317138672,0.0716222925035244,14.6024525810385,0.0678301488424256,1.4748504789333,0.0501556667291377,0.660445459477464,3.36467405065162,73.1590777809731,2.4879419139813,32.7610028475215,204108,1.64847730155193,35.8433171561002
4205,5058,13.8480492813142,14522,0.00535772370493013,3070.09830481624,2.0006359757865,220.353630722023,0.149541865290113,89.4820371238563,2,5056,127,127,16.8938873613621,5.34422698974609,23.7731959342957,3.68938417912831e-05,21.1410157334819,0.013776587080199,1.51737798321184,0.00102976081318078,0.616182599668478,0.144470599081854,15.9122506170856,0.0107987675557955,6.46170701057503,34441,0.419472718799844,46.2014767779264
4206,5479,15.0006844626968,81100,27.9468420290681,10179.1105163954,27.0197291478877,910.468390829378,20.80491006208,410.560671717018,209,5270,137,137,19.7062592199193,11.0255418777466,25.9104594802857,0.0344597312318966,12.5513076650991,0.0333165587520193,1.12264906390799,0.0256534032824661,0.506240039108531,1.80123308473553,60.6951231521136,1.38693071731606,27.3694625560578,207248,0.869119646382851,29.2862286497885
4207,5479,15.0006844626968,111811,107.530063247812,10119.8999703315,76.7550601953323,1006.8233413115,50.3972310641233,453.246203271635,483,4996,137,137,20.8927698528751,13.5021739578247,26.5353088760376,0.0961712740676784,9.05089836450038,0.0686471458043773,0.90046895324387,0.0450735894179671,0.405368168848892,5.11677053045175,67.1184934137665,3.35966210004946,30.2150348138282,305060,1.67729972151437,22.0017352041456
4301,5479,15.0006844626968,407446,110.00947616913,51925.0319399011,110.00947616913,4063.13415753295,96.4176677976307,1753.88510701704,135,5344,137,137,19.6107791516659,12.6064720916748,25.626435546875,0.026999768354366,12.7440279055141,0.026999768354366,0.997220283800294,0.0236639132050948,0.430458295582,7.33363043817754,270.86325078279,6.42755122523903,116.920338627117,902124,0.812929313284819,30.0250576176657
4302,5479,15.0006844626968,108022,83.4168880015863,20561.1180213268,79.7613425583129,1605.65020236231,63.5556523786606,675.25353054237,240,5239,137,137,17.9411027505899,7.67188869476318,26.302156867981,0.0772221288270781,19.0341949059699,0.073838053876352,1.48641036303929,0.058835841197775,0.625107413806789,5.31718020978715,107.038462568504,4.23685016085157,45.0148479705422,204689,2.59768732554615,52.2932168160008
4303,5479,15.0006844626968,78673,746.915160652844,12204.2169401648,564.739861094001,1230.0137844924,370.782711124313,528.039854551208,774,4705,137,137,19.3963164619165,6.57533751487732,29.0287368011475,0.949391990457774,15.5125861987782,0.717831862384809,1.56345097364077,0.471296011496083,0.67118306731815,37.6476061807965,81.9971773655503,24.7177195178236,35.2010507163404,164205,22.9271984292783,49.9358590576111
4304,5476,14.9924709103354,44318,4.66370107452585,10354.5308328723,4.68088807404697,693.186509669207,4.63540478671804,316.362996908697,62,5414,137,137,16.4041051959974,6.02122747898102,25.1287136077881,0.0105232661097655,23.3641654245957,0.0105620471908637,1.56411956692361,0.0104594178137958,0.713847639579172,0.312215918379411,46.235641463966,0.309182176469825,21.1014581119251,87866,0.35533188989986,52.620628529768
4305,5479,15.0006844626968,75893,1984.36300484992,7794.11524522342,1016.8780246589,1046.23089356435,584.83631068045,456.099873758038,1513,3966,137,137,21.4596914927397,7.97972895622254,30.1589280700684,2.61468515521842,10.2698736974733,1.33988381623984,1.37856046481804,0.770606394108087,0.600977525935248,67.7887750514078,69.7455436894286,38.9873083548156,30.4052708322912,171381,39.5544284672209,40.696193679246
4306,5479,15.0006844626968,114345,161.772659462643,18040.3504583066,148.900866571919,1738.48656587564,112.353870070598,750.030597500488,324,5155,137,137,18.8761326858087,6.28080992698669,26.897897605896,0.14147768548047,15.7771222688413,0.130220706259057,1.52038704436192,0.0982586646294967,0.655936505750569,9.92627149395756,115.893816058784,7.48991623348894,49.9997583020721,269357,3.68517302091929,43.0261014411297
4307,5479,15.0006844626968,88720,4.53108001013408,19095.3837394896,6.16389183954822,1510.98340485568,4.53108001013408,629.915750667368,37,5442,137,137,16.8928793938322,5.01815525054932,24.6318113327026,0.00510716863180126,21.5232007884238,0.00694757871905795,1.70309220565338,0.00510716863180126,0.710004227533102,0.410907372585323,100.727630703328,0.302058217503463,41.9924672260004,232734,0.176556658066859,43.280152750921
4308,5479,15.0006844626968,72441,314.593307569967,11676.5258671269,268.205719225193,1103.33017097626,206.112060652189,464.74946481143,488,4991,137,137,18.9076920693146,6.57768009185791,27.8386190795899,0.434275213718705,16.1186701828065,0.370240222008521,1.52307418585644,0.284524041153751,0.641555838284162,17.8795654219751,73.5519884922577,13.7401770675693,30.9818839245072,161060,11.1011830510214,45.6674459780564
5001,5479,15.0006844626968,92212,3861.99910289299,2004.48036320291,1463.8973355582,749.570774846587,836.06920372032,373.206180185291,2961,2518,137,137,24.8060904819832,14.6436757087708,30.4506438064575,4.18817410195309,2.17377387238419,1.58753452431159,0.812877689288365,0.906681563918276,0.404726261425076,97.5887026487739,49.9691048572214,55.7354036610416,24.8792767498955,222767,43.8075220516387,22.4311073261396
5002,5477,14.9952087611225,51360,1915.47053925578,2945.13643866111,706.845179011634,621.601728528448,379.3994244102,280.776596408603,2226,3251,137,137,23.3179331580631,10.5083058547974,30.4195866394043,3.72949871350425,5.73429991951151,1.3762561896644,1.21028373934667,0.738706044412384,0.546683404222358,47.1380685838962,41.4533560973189,25.3013766233021,18.724420638715,119699,39.3805032488961,34.6313303346886
5003,5357,14.6666666666667,22994,120.679471643276,2400.33674760842,85.5742834811364,271.608234394421,59.0248056301045,120.27683239364,784,4573,134,134,20.668783082476,9.39602077484131,28.0339359283447,0.524830267214385,10.4389699382814,0.372159187097227,1.18121350958694,0.256696554014545,0.523079204982344,5.83461023735021,18.5187432541651,4.02441856568895,8.20069311774819,48625,11.9991984315686,38.084819031702
5101,5479,15.0006844626968,72740,3964.14563800135,498.594315566426,1246.81337099048,325.262711105892,668.39539584155,182.293067344809,3973,1506,137,137,25.8328841754741,17.9511533737183,30.5419191360474,5.44974654660619,0.685447230638475,1.71406842313787,0.447157975124955,0.918882864780795,0.250609111004687,83.1170986957975,21.6831913180192,44.5576598523683,12.1523166358262,181879,45.6991179277418,11.9217673937173
5102,5188,14.2039698836413,17683,22.6037275991609,1087.61778704567,19.5913231478387,153.660133482588,14.7033867656563,68.1133078212294,379,4809,130,130,21.73600724328,13.0529585838318,26.7447224235535,0.127827447826505,6.15064065512454,0.110791851766322,0.868970952228625,0.0831498431581535,0.385190905509413,1.37928503850195,10.8181117491355,1.03516037319891,4.7953711799738,41358,3.33498969607318,26.1572410395463
5103,5452,14.9267624914442,34328,1108.74686650654,24.9599410920907,280.962436295344,20.2462964526055,136.096552057138,15.4907783345733,4068,1384,137,137,25.9107880700798,23.0355248260498,29.4164354705811,3.229861531422,0.0727101523307234,0.818464333183827,0.0589789572727962,0.396459310350553,0.0451257816784355,18.8227310815984,1.35637560148829,9.11762025657916,1.03778554414947,100092,18.8054300859194,1.35512888291601
5104,4988,13.6563997262149,14273,788.973382595386,7.05833212762982,190.214083832982,6.25377634600088,81.2155651625617,4.91511860117957,4021,967,125,125,26.2786338208863,23.2859408378601,30.3399636650085,5.52773336085886,0.0494523374737604,1.33268467619268,0.043815430154844,0.569015379825977,0.0344364786742771,13.9285673857251,0.457937411863837,5.94707000313265,0.35991320550939,42896,32.4705506008138,1.0675527132223
5105,5375,14.715947980835,25467,790.439752001786,195.007068305882,373.495340615239,98.5045226406864,234.538859567543,54.7773203798753,2562,2813,135,135,24.9933277806127,18.6965895462036,29.9102514266968,3.10378039031604,0.765724538838033,1.46658554448989,0.386792801039331,0.920952053903257,0.215091374641203,25.3803112855286,6.69372593386246,15.937733666427,3.72231000348827,64254,39.4999708742313,10.4176019140637
5201,5479,15.0006844626968,216462,5254.70942326853,1628.40466413852,2309.2767823608,528.099963107869,1256.54853502331,299.545167729903,2364,3115,137,137,24.8301817292953,20.6687635040283,29.7279141235352,2.42754359807658,0.752282000599882,1.06682779534551,0.243968901288849,0.580493821097148,0.138382333956955,153.944760860975,35.2050577706058,83.766080017752,19.9687666569351,522686,29.4526275547795,6.73541242172275
5202,5436,14.8829568788501,29429,789.330844525643,421.581407313714,397.2969546773,132.425393805144,212.364212684553,73.2358695817762,2134,3302,136,136,24.4645114366056,18.1160166740418,30.1863131523132,2.68215312965321,1.43253731799828,1.35001853504128,0.449982649105115,0.721615456469988,0.248856126887683,26.6947595099124,8.89778791157633,14.2689530321988,4.92078759469164,70879,37.6624381127166,12.5534896253846
5203,5467,14.9678302532512,37181,649.03333392016,733.268784790053,400.1420279629,215.59127132092,260.031488983122,122.280435287895,1721,3746,137,137,23.990363085621,16.343274307251,29.4245161437988,1.7456048355885,1.97215993327251,1.07620028499207,0.579842584440763,0.699366582348839,0.328878823291184,26.733469126294,14.4036421894944,17.3726909367268,8.16954984249198,88346,30.2599655064111,16.303672140781
5204,5351,14.6502395619439,22940,979.5302919224,133.617334474429,397.336403717726,64.770272131806,220.618042110883,39.2478063330621,2867,2484,134,134,25.3098016261965,20.0808801651001,30.5762920379639,4.26996639896426,0.582464404858015,1.73206801969366,0.28234643475068,0.961717707545261,0.171088955244386,27.1214953201083,4.42110668961729,15.0590057710708,2.67898734127283,56990,47.5899198457769,7.75768852363097
5205,5461,14.9514031485284,34118,1841.53204484648,50.482763365809,469.516344039203,29.3964205560196,209.231000941837,16.9410130975293,3861,1600,137,137,26.0407138800713,22.5017604827881,30.5124546051025,5.39753808794911,0.147965189535755,1.37615435851809,0.0861610309983574,0.613256934585371,0.0496541798977939,31.4028281743854,1.96613122286873,13.9940712495891,1.13307178792759,86487,36.3093044901377,2.27332572857046
5206,5471,14.9787816563997,48620,461.465443649551,867.384106967255,257.56106548136,174.719467363845,142.222160400544,80.4721600826516,1341,4130,137,137,23.8114540847558,19.7800546646118,28.6848731994629,0.949126786609525,1.78400680166034,0.529743038834554,0.359357193261714,0.292517812423991,0.165512464176577,17.1950610797051,11.6644645320133,9.49490844202134,5.37241024861789,139029,12.3679671721045,8.38995068080275
5301,5479,15.0006844626968,123901,285.59902938482,5436.25558117789,226.469864623776,656.832543349494,156.545293629401,299.326300829866,500,4979,137,137,22.3160315983747,18.0065299987793,27.4041456222534,0.230505830772003,4.38758006890815,0.182782919123959,0.530126910476505,0.126347078416962,0.241585056480469,15.0973020722457,43.7868381928094,10.4358767107389,19.954176196041,365090,4.13522749794454,11.9934367396558
