date,region_code,temp_mean,temp_min,temp_max
2010-01-01,1101,25.963363168485497,22.691812831724707,30.91721265305318
2010-01-02,1101,26.536997157896582,23.698483454272353,30.422411863044772
2010-01-03,1101,25.247712686992013,23.726154549774034,27.536462758154077
2010-01-04,1101,25.538391660681754,23.338475659289166,29.43802919943771
2010-01-05,1101,26.29742007405234,22.767447159429302,30.98359153302796
2010-01-06,1101,26.4885374334361,23.200725606738718,30.585242711909682
2010-01-07,1101,26.498004725161156,23.32953879865296,30.93988817155094
2010-01-08,1101,26.39875047623844,23.80280704241697,29.955827379440514
2010-01-09,1101,25.808891672724567,23.59925507002347,28.868611151862037
2010-01-10,1101,24.27490836515555,22.867507592444998,26.28174854500946
2010-01-11,1101,24.506344645547227,22.92642759314567,27.38168636031215
2010-01-12,1101,25.499917889924326,23.01674867638558,29.83659698075778
2010-01-13,1101,25.56447351566879,23.278163071705087,28.98527752658177
2010-01-14,1101,25.221818179827636,22.87062668051955,28.55154364205262
2010-01-15,1101,24.957305908203125,22.88192831133513,28.34233592764679
2010-01-16,1101,25.398592824893147,22.828861116828406,29.33964271716473
2010-01-17,1101,25.56564632124965,23.317641596088496,29.29065037201338
2010-01-18,1101,25.74810435205297,23.398926191800378,29.471346183742643
2010-01-19,1101,26.77780206107238,23.492732026651836,31.938214220808227
2010-01-20,1101,27.21125047623844,23.504161749185467,31.515444768383897
2010-01-21,1101,25.487248989498667,23.254770458546453,28.438045621452844
2010-01-22,1101,25.586058338661363,23.513669001147353,28.385589325909123
2010-01-23,1101,24.435054898796594,23.00233124189847,26.516895379720783
2010-01-24,1101,24.82800648779078,22.7400421005728,28.647834675194435
2010-01-25,1101,25.43762631266641,22.861533263339055,29.81716864205262
2010-01-26,1101,25.044418266535875,23.004241669659123,28.166548108840736
2010-01-27,1101,25.581602635404987,23.058833921971342,29.911595229076163
2010-01-28,1101,25.003105129361685,23.281889774339614,27.39291792386316
2010-01-29,1101,25.93893090491872,23.454109636657442,29.85996660309522
2010-01-30,1101,25.775436332942125,23.689150275670894,29.414296103165288
2010-01-31,1101,26.02806344481327,23.220451731318317,30.137580768944435
2010-02-01,1101,26.473363491451792,23.51117723405094,30.431633371943317
2010-02-02,1101,26.402573521361756,23.81117132212549,31.046102481038048
2010-02-03,1101,26.576849693674678,23.794137313226948,30.27118918927796
2010-02-04,1101,26.654742732710904,23.932209237274034,30.700113612974707
2010-02-05,1101,25.8802123476037,24.130107657257216,28.577556114025715
2010-02-06,1101,26.206937507663607,23.350822825068317,30.587406038703406
2010-02-07,1101,26.41287039855136,23.726047259275155,29.744418020205647
2010-02-08,1101,26.33545168205227,23.860637716113718,29.954745716043654
2010-02-09,1101,26.623824594266747,24.09779241587549,30.136169570443876
2010-02-10,1101,25.34715948404218,23.878078990987596,27.620003738745446
2010-02-11,1101,25.411345067045612,23.287997669168654,29.675128064348023
2010-02-12,1101,25.182771280742013,23.2301177294265,28.355713301175378
2010-02-13,1101,25.55170101969766,23.511030530715736,29.141612921060467
2010-02-14,1101,26.264044381043302,23.799932094967417,30.22081520525329
2010-02-15,1101,25.848833434784893,23.666740793818317,28.924437244911363
2010-02-16,1101,26.15794283606012,23.47085023888558,30.219784997503854
2010-02-17,1101,26.528726620524452,23.932665769294772,30.276743114796453
2010-02-18,1101,26.518868484839196,23.733753563577284,30.49745937740856
2010-02-19,1101,26.412919117196257,23.968465762288048,29.731216909639503
2010-02-20,1101,26.361145293231502,23.66821986998143,30.637240285830647
2010-02-21,1101,26.190047054547364,23.905100869490962,29.682309958966858
2010-02-22,1101,25.53674740641641,23.49447932906215,28.385190818341858
2010-02-23,1101,26.536377774225755,23.175603207985915,31.718890545079525
2010-02-24,1101,27.309789135851666,23.677688803908,32.35602531946294
2010-02-25,1101,25.608933932043513,24.1737092022404,28.079104162652396
2010-02-26,1101,26.068780052287696,23.017176743580087,31.272590534569435
2010-02-27,1101,26.280070078212585,23.909980397587933,29.34369676530094
2010-02-28,1101,25.58036988946889,23.36689997788502,28.926089299633897
2010-03-01,1101,26.721128318341858,23.713116564558227,31.245674851763944
2010-03-02,1101,26.221447315985845,23.40666205572975,29.69958920329141
2010-03-03,1101,27.098890911837863,24.384241625867084,31.34622137642762
2010-03-04,1101,25.451562582110075,23.980096928207328,27.575219808672575
2010-03-05,1101,26.26796691620831,23.742732026651836,30.874725615497127
2010-03-06,1101,26.238601342444998,23.644661941870446,29.961249928837933
2010-03-07,1101,26.92459161185363,24.17533388693771,30.509206592234797
2010-03-08,1101,26.699249130728,24.34665929683121,29.911124464642306
2010-03-09,1101,27.077586357903588,24.09682461178356,32.14094071324096
2010-03-10,1101,27.213399844319298,24.446875191590177,31.921474713381095
2010-03-11,1101,25.571360224565584,24.23767514079141,27.234530872293654
2010-03-12,1101,26.22440861586498,23.53267146226002,31.233935300544772
2010-03-13,1101,27.232328543213985,23.450266885115962,31.839676655996005
2010-03-14,1101,27.237837445040988,24.414998965413048,31.84731508263558
2010-03-15,1101,25.637267792705998,23.586024399830087,28.597119113254976
2010-03-16,1101,25.82689731751857,23.47010686900049,30.46926825142762
2010-03-17,1101,26.940179662319576,23.620197518524034,32.55162794173031
2010-03-18,1101,27.07657270901941,24.07886440123143,31.160678880631657
2010-03-19,1101,26.216827118877873,24.094903236012822,29.62019094971798
2010-03-20,1101,26.80534164360286,23.689294789404077,31.94421810954141
2010-03-21,1101,27.1417356756236,23.367828369140625,32.265721753039166
2010-03-22,1101,27.01989814518813,24.124304117108675,31.147199690609234
2010-03-23,1101,26.94614755946959,24.094411670359797,31.563790086138944
2010-03-24,1101,26.56448733753153,24.10452325247863,30.08587222248984
2010-03-25,1101,25.675843927357764,23.499046838871568,29.013419386517306
2010-03-26,1101,24.627505041558646,23.522479959667532,26.409914709527396
2010-03-27,1101,25.526123046875,23.004979565539166,29.817894495121568
2010-03-28,1101,26.326004507295753,23.556697965202844,30.368913316940514
2010-03-29,1101,25.963446783912556,23.492162730127173,29.034478978725826
2010-03-30,1101,25.972712221701585,23.634102586138944,29.874102673723023
2010-03-31,1101,25.42174841363334,23.728190879650715,27.945842794238718
2010-04-01,1101,25.750753770494676,23.282485346088496,29.79020697760475
2010-04-02,1101,26.0656617853139,23.85629683011316,29.751423651862037
2010-04-03,1101,26.096056061475267,23.26198081799152,30.466716270275715
2010-04-04,1101,27.133525762857342,23.55307088946013,32.12045260715912
2010-04-05,1101,25.550207026870797,23.745261016982553,28.139146334387263
2010-04-06,1101,24.62801111332504,22.672144731598586,26.957426883714614
2010-04-07,1101,25.070503269075815,22.304628791295894,28.59882262362493
2010-04-08,1101,25.77292485942755,22.41368629900329,30.174863122503854
2010-04-09,1101,26.10105382808121,22.155809205743765,31.19375062951058
2010-04-10,1101,25.69858048101177,21.123008967515066,31.213368368790288
2010-04-11,1101,26.040625602140555,21.441886183392306,31.404335603585693
2010-04-12,1101,26.71860822326934,21.625718600012263,32.805591121382776
2010-04-13,1101,26.91169376116697,22.475136384835693,31.96854677756271
2010-04-14,1101,27.891551338503714,23.48886190508513,33.69367508824096
2010-04-15,1101,28.150094481327073,23.15982822024769,34.36927022206944
2010-04-16,1101,26.78486872788502,23.10775838946013,31.032887138058786
2010-04-17,1101,27.081081373274593,23.30506671169948,32.715857946284686
2010-04-18,1101,27.67428643607238,23.745067237203966,33.207950198596905
2010-04-19,1101,28.38712984777887,24.641257110732553,33.821673748204525
2010-04-20,1101,28.472012643856853,24.66918767407336,33.27638183046349
2010-04-21,1101,28.50407416510475,24.58455627167706,33.578750541926496
2010-04-22,1101,27.779883140940303,24.484942517473023,32.17420514709746
2010-04-23,1101,28.62844588617573,24.29226739310363,34.46762276551114
2010-04-24,1101,27.04454403180178,24.47165601242818,29.795385386377173
2010-04-25,1101,26.812740171971342,23.52764961003188,32.20136934973199
2010-04-26,1101,28.303310291649513,24.25918455936449,33.20051212054197
2010-04-27,1101,27.389391980363648,24.058282142262822,31.85321496527291
2010-04-28,1101,27.275611552422358,24.02067216950147,31.86850276656215
2010-04-29,1101,26.198466758556965,23.359071055869887,29.622222900390625
2010-04-30,1101,26.471017196039448,23.469456557201163,31.019061990917532
2010-05-01,1101,27.187766584045683,23.70729660239455,32.48505199757392
2010-05-02,1101,27.456668049765273,23.60405796204982,32.495291671410804
2010-05-03,1101,26.158919364347586,24.243165294151137,28.819254237974707
2010-05-04,1101,25.862303986143104,22.647643632418372,30.451405478165288
2010-05-05,1101,25.917911444009686,22.446432070881798,30.932559573596905
2010-05-06,1101,26.410770587322425,23.18451707780094,31.284473504720783
2010-05-07,1101,26.639125208149043,23.41311098107308,31.072747747994324
2010-05-08,1101,26.73473583957005,23.288188164544213,31.747266692430983
2010-05-09,1101,24.307148971899743,22.409569026108816,26.2490019520302
2010-05-10,1101,23.14936700316288,19.863675241513103,27.487549238675378
2010-05-11,1101,22.520882610782913,19.01291372530129,27.342257101974145
2010-05-12,1101,21.49699372774817,16.721509719643358,27.578987018944435
2010-05-13,1101,21.609870944857065,16.22247382878188,28.757974941099707
2010-05-14,1101,22.989048021256657,17.22739058011316,30.53751048271966
2010-05-15,1101,25.591845251519583,20.498321806903377,32.08292392337269
2010-05-16,1101,26.924700886679336,22.442651449297575,32.50624953470957
2010-05-17,1101,27.535767987170026,23.0343232432823,33.55386462019163
2010-05-18,1101,26.473459543134066,23.3704928410962,30.830182404796105
2010-05-19,1101,25.632420458601196,22.458997923162485,30.354031686825603
2010-05-20,1101,26.28869770888256,22.916792249465736,31.51287746001787
2010-05-21,1101,26.96904799114963,23.03541339138698,32.53346957219556
2010-05-22,1101,27.16840335178803,23.379771416497338,32.56129065543547
2010-05-23,1101,27.458972982227,23.50883244398998,32.65248976908457
2010-05-24,1101,27.702261509916706,23.989840930887404,32.55618340872863
2010-05-25,1101,26.8041732856511,23.94936340058331,30.24261543034438
2010-05-26,1101,25.332556668952975,23.485761702327984,27.67375709978454
2010-05-27,1101,26.293254749657326,23.7430084639066,30.905523462680424
2010-05-28,1101,26.047566161561974,23.68060152199236,29.944443638549256
2010-05-29,1101,26.09124384653408,22.682272735732553,30.865985408492154
2010-05-30,1101,27.423227370052594,23.668270093977718,32.4842922056737
2010-05-31,1101,24.41722339578808,22.350225337417672,27.364150385150996
2010-06-01,1101,23.088925519866258,20.33875209654393,26.58644836152081
2010-06-02,1101,24.591910648773602,21.1548522128118,29.780312029235567
2010-06-03,1101,25.995158841257137,22.151593127058227,31.174152186098656
2010-06-04,1101,25.780406951904297,22.380404348330647,30.13853680392552
2010-06-05,1101,25.044674877628616,22.871363207898334,28.57471373690618
2010-06-06,1101,24.851378111561317,21.123062612764503,29.77926225191809
2010-06-07,1101,25.702164773983807,21.33242359931159,30.822044885746568
2010-06-08,1101,26.406966051178664,22.1920501298434,31.75594189562605
2010-06-09,1101,26.73990973228831,22.073288305992502,32.929816002268424
2010-06-10,1101,26.938547553502925,21.87715497893603,32.726844274409686
2010-06-11,1101,26.20598694668757,21.51038295591893,32.11659014919948
2010-06-12,1101,26.271217192235014,21.539150494631095,32.533252254195276
2010-06-13,1101,26.65306789244237,21.04991799940443,33.530785120121564
2010-06-14,1101,27.06896887124921,21.850997582679373,33.37182548762437
2010-06-15,1101,27.018065978593356,22.039178959457328,32.40142014849881
2010-06-16,1101,26.96233443187491,22.174629108788185,32.870813891492084
2010-06-17,1101,27.094211116499967,21.838065108910804,33.69903085477684
2010-06-18,1101,27.074437590457933,22.1741393221868,33.21094502675694
2010-06-19,1101,27.70149130030063,23.184031807253714,33.8268759688989
2010-06-20,1101,28.045678912791438,23.479918201942613,33.350970623204525
2010-06-21,1101,28.06730453422786,23.66676925864455,33.46123186462129
2010-06-22,1101,28.081218035231792,23.540853183900293,33.67497041300273
2010-06-23,1101,28.143262375630606,22.834677794589055,34.244311824507776
2010-06-24,1101,27.74785952717734,22.67081345357168,33.949807068692195
2010-06-25,1101,28.397984389232413,23.030318734891747,34.92629950142762
2010-06-26,1101,27.757961290299626,22.276743935897212,34.66251048271966
2010-06-27,1101,27.452367876677236,22.289538464738648,33.73984010978665
2010-06-28,1101,26.955232491942265,21.84247277777291,33.18482745388698
2010-06-29,1101,25.84829472426342,21.106005749894898,31.773018601763944
2010-06-30,1101,26.142917940969426,20.972939119210693,32.96334866237213
2010-07-01,1101,26.367307124116497,20.623571421533423,33.763917520976385
2010-07-02,1101,26.0286726331497,19.88951336642552,33.80164874294948
2010-07-03,1101,26.86295753102666,21.127951720370305,33.51115602228139
2010-07-04,1101,27.516753226652273,21.291806755579106,34.50401230884774
2010-07-05,1101,27.91595818215956,22.309533499816073,34.482787949087374
2010-07-06,1101,27.731569059226544,23.30449029896826,33.42095687250385
2010-07-07,1101,27.516698418176762,22.45569764552095,33.694637418327844
2010-07-08,1101,28.233567550043354,23.265319687368624,34.5066808863071
2010-07-09,1101,27.401419310291786,22.8679534501559,32.982795065293935
2010-07-10,1101,28.111672337279725,22.954863133451862,35.002115566099704
2010-07-11,1101,27.51539500625679,22.87843206431299,33.30899814212269
2010-07-12,1101,27.71637588979952,23.857951211287837,33.04872603480592
2010-07-13,1101,26.50269492110864,23.391846250525504,31.14794771339861
2010-07-14,1101,23.885704126058673,20.683325113202425,27.895640420272212
2010-07-15,1101,21.08658191013764,18.367333792784823,24.28938382409613
2010-07-16,1101,19.98701725091635,17.821944848304373,22.661183447046664
2010-07-17,1101,17.322801016905917,14.296989543555563,20.16441461537451
2010-07-18,1101,17.72930868858714,13.785526429591158,23.807225659289166
2010-07-19,1101,20.07138487469455,14.807657831987457,27.938341217725267
2010-07-20,1101,23.17664027534793,17.46433042517692,31.00632644448045
2010-07-21,1101,25.486821828936247,19.776055579762822,32.433089046734864
2010-07-22,1101,26.212605959631404,21.41393796638523,32.06806829478174
2010-07-23,1101,26.747829300405733,21.60687926424993,33.09308244508478
2010-07-24,1101,27.754936645918363,22.175761406731713,34.84262947116732
2010-07-25,1101,27.81442597735623,22.434271294974426,34.32136542487038
2010-07-26,1101,27.566249009205087,21.78431475857448,34.5068757608867
2010-07-27,1101,25.789349987902447,19.48246881459326,33.69229235456663
2010-07-28,1101,26.260300298442754,19.067448637410664,34.876385333826725
2010-07-29,1101,27.501968452214125,21.045846297601948,35.784533718776274
2010-07-30,1101,27.523262126563377,20.618244667224285,35.48116860154499
2010-07-31,1101,28.20246382572191,22.07965183685713,35.5163857498511
2010-08-01,1101,28.715536074788048,22.44658424822204,36.19145318959326
2010-08-02,1101,28.256925505907546,22.4382659501559,35.5455537120323
2010-08-03,1101,27.388809837033396,21.559190963950392,34.08861524641781
2010-08-04,1101,25.296987678972595,20.298566604408983,30.338152966691773
2010-08-05,1101,23.06764392254064,18.055342601553743,28.04257284258513
2010-08-06,1101,23.658996068843276,18.018852199674185,30.986770835158
2010-08-07,1101,24.886403156502897,17.816593460972534,34.32710834041305
2010-08-08,1101,26.07543372252597,19.190243571328477,34.71156194712549
2010-08-09,1101,27.546028120100765,21.644650720160104,35.81590195728524
2010-08-10,1101,27.923937878801148,21.74114894439287,36.082440021326725
2010-08-11,1101,27.788502646134038,20.981975606738718,36.759782457565514
2010-08-12,1101,27.7452885751767,20.84222480534438,36.14341687942299
2010-08-13,1101,28.10031594930743,21.058152955743765,36.136608585648474
2010-08-14,1101,26.810317976057796,21.178190633320487,33.43803467344276
2010-08-15,1101,25.474586692091595,19.795839728795894,32.17349681084466
2010-08-16,1101,25.15587821241986,18.4048370224478,34.0395533814024
2010-08-17,1101,25.820746178049678,18.971386691379976,35.0698760849478
2010-08-18,1101,26.45725842120936,18.66392496562325,35.88188561409578
2010-08-19,1101,26.641291083776363,19.410990077818457,35.939417407117084
2010-08-20,1101,27.695166891465806,21.32672297045789,36.268472987974704
2010-08-21,1101,27.181760779410734,20.9381988935941,35.2318026281793
2010-08-22,1101,27.16213619762472,19.874676349451725,35.86341741587549
2010-08-23,1101,27.945206235877066,21.677523488955647,35.5849887180756
2010-08-24,1101,28.971478261220614,23.223589294159893,35.91689953996462
2010-08-25,1101,29.030518809776137,22.74436109055318,36.762192114586256
2010-08-26,1101,29.229507241013874,22.54476244460307,36.921325820443876
2010-08-27,1101,28.89156485245367,23.23718015388523,36.24788963420509
2010-08-28,1101,28.747098811538766,24.35441240387647,34.38356941804758
2010-08-29,1101,27.588785248486985,23.634372728287907,33.10722084216473
2010-08-30,1101,27.2907613916782,23.676849091534123,33.36740139674713
2010-08-31,1101,26.086926960624385,22.72884584435433,31.784574226413607
2010-09-01,1101,26.908967313210525,23.286106810976037,32.55504591048031
2010-09-02,1101,27.43057369009796,23.470040086138944,33.585259133924815
2010-09-03,1101,26.84264975919852,23.608079987256517,31.961826341569157
2010-09-04,1101,26.926091574767245,22.9272125654691,32.90336670469276
2010-09-05,1101,25.416946205857624,21.711472036592628,29.90659855727123
2010-09-06,1101,25.634485219091577,20.640035586506798,32.88573165004029
2010-09-07,1101,26.785844469284264,21.147747091113718,34.55437917666585
2010-09-08,1101,27.532638481379625,21.9738434248441,35.16887894018883
2010-09-09,1101,27.694136136315862,22.088076056920894,35.33441942155094
2010-09-10,1101,27.98797219109642,22.405989163659612,34.84092472914623
2010-09-11,1101,28.08383450700563,24.078975797234094,34.47758107548872
2010-09-12,1101,27.35366778523398,23.125544937202214,33.70887530544948
2010-09-13,1101,28.542972923928847,23.844744763566773,35.59339678982448
2010-09-14,1101,28.363926190431876,24.3111116554705,34.2228066482886
2010-09-15,1101,27.061122928499643,23.47165573872793,32.50874896541305
2010-09-16,1101,27.615739009840073,23.036329739831487,34.49142373944612
2010-09-17,1101,28.509463630984182,23.74473332289623,35.08119961178356
2010-09-18,1101,27.870472997827914,23.660394232369324,33.781458422742084
2010-09-19,1101,28.268208251405724,23.719156581724707,34.23463925759354
2010-09-20,1101,27.747987208345013,23.643937183602507,33.41536024974601
2010-09-21,1101,27.871651619539133,23.940936169816773,33.11385533627908
2010-09-22,1101,27.955079527713792,23.62888366972919,33.569275039193876
2010-09-23,1101,28.731384243131217,23.720687113535245,35.16326699021686
2010-09-24,1101,29.295790856194603,24.479401592716506,35.16801404739174
2010-09-25,1101,28.464322316806946,24.128190386990262,33.9380160618256
2010-09-26,1101,28.062074789551875,23.73061969568911,33.47224829977403
2010-09-27,1101,28.85059442220782,23.588988026161363,35.59761286851002
2010-09-28,1101,30.175416390457496,25.197584075243483,36.177920901721905
2010-09-29,1101,30.680981811386587,25.625260699490262,37.14820800233849
2010-09-30,1101,30.98187089928597,25.861667376462655,37.09870110071294
2010-10-01,1101,28.160460929699543,24.44504085249965,33.21190133543827
2010-10-02,1101,26.800845090583834,23.052839886447238,31.867105800474707
2010-10-03,1101,23.226884234646512,20.674999972629976,26.1479277332802
2010-10-04,1101,24.78341632039023,19.76563499005921,32.65383090032056
2010-10-05,1101,27.44141925076198,22.770172119140625,33.92987512152291
2010-10-06,1101,27.177763678033255,23.477862302497897,32.74961066139119
2010-10-07,1101,28.354994855119507,23.412773234961815,34.68583740781776
2010-10-08,1101,28.594026026704388,23.726914341674256,34.514133196775155
2010-10-09,1101,28.230063126226177,23.725472488745446,34.82352286710867
2010-10-10,1101,27.04952496584221,23.221717321284682,32.96621813581663
2010-10-11,1101,27.203538287380887,23.696386910340177,32.22804527111652
2010-10-12,1101,27.687457987011282,23.66802280579982,33.90540960337549
2010-10-13,1101,28.09901065569822,24.30226621071854,33.84181918157056
2010-10-14,1101,28.362818970273963,24.21329501712269,34.906334710228066
2010-10-15,1101,28.0628263875508,24.262699007453406,33.36185841923872
2010-10-16,1101,27.998049885702773,23.84953533908177,34.17939121947695
2010-10-17,1101,26.780496913755957,23.45861912201338,31.224654672391747
2010-10-18,1101,26.51089737554302,23.812642734681543,30.997359750516747
2010-10-19,1101,25.615331538589547,22.659307094967417,30.613795122223586
2010-10-20,1101,26.84585762879239,23.491556210368202,32.66088798762437
2010-10-21,1101,27.65284653736337,23.702223294518987,33.99100771506271
2010-10-22,1101,27.531318972463566,24.353455821494887,32.66297796275049
2010-10-23,1101,25.55963025285524,23.592582257873808,28.776201188297016
2010-10-24,1101,25.54661717436239,23.10899113539623,29.92716986822975
2010-10-25,1101,26.32086455340877,23.320326048162485,31.709635097349707
2010-10-26,1101,25.139579054486056,22.893206951329525,28.700762829973023
2010-10-27,1101,25.374157687473726,22.900978943692195,29.122644398779077
2010-10-28,1101,25.9376100275014,22.898246320373808,30.268182865707328
2010-10-29,1101,26.66627851409228,23.2579377178654,31.743924264950603
2010-10-30,1101,26.337707365574857,23.557839295254695,30.84627502167706
2010-10-31,1101,26.100277887866103,22.596525731108112,31.62954273993659
2010-11-01,1101,25.714077936694228,23.579244297181543,28.130776580673697
2010-11-02,1101,25.70386522233219,22.771507776371568,29.907422942430983
2010-11-03,1101,27.203324527483886,22.632343240917532,32.29883729395845
2010-11-04,1101,26.782508336909682,24.170226640230872,30.09329278372863
2010-11-05,1101,26.74351439882287,23.55642864415464,31.92426207674993
2010-11-06,1101,26.006640378669772,24.115014730547575,29.658930483420335
2010-11-07,1101,25.941234913642095,22.565892104076163,31.117098136867643
2010-11-08,1101,26.469283715491873,23.24207843044948,30.748878239516184
2010-11-09,1101,26.503433124901466,23.3729064667706,30.507446152212374
2010-11-10,1101,25.458992346519846,23.18046056636246,29.091627591393987
2010-11-11,1101,24.477624183278447,21.972387339502173,28.397111011727507
2010-11-12,1101,24.960675209627023,22.195623834036926,28.589186185143987
2010-11-13,1101,25.13225866753959,22.69258466643603,28.81308284468715
2010-11-14,1101,26.499163708879273,22.64981845462269,32.10236321008794
2010-11-15,1101,26.11869723059137,22.999241713451163,29.648025170569998
2010-11-16,1101,25.291181213652607,22.90182084566809,29.196698928627733
2010-11-17,1101,24.63581841302025,22.583856693832328,28.315931516912485
2010-11-18,1101,25.68150268007287,22.412609014810467,30.772265378669772
2010-11-19,1101,26.536498612887122,22.978288316940514,32.1325468739052
2010-11-20,1101,26.174254549992995,23.175913036671453,30.492354320303743
2010-11-21,1101,25.714837591744324,22.77495639954982,30.39822223475161
2010-11-22,1101,25.69587905952214,23.382912537442195,29.495244594967417
2010-11-23,1101,26.07063642424853,23.348129614586252,30.443542617318876
2010-11-24,1101,26.39097697852438,23.3296296671367,30.954054896606994
2010-11-25,1101,24.46879064448746,22.711009072615962,26.877476850432664
2010-11-26,1101,25.47455258219766,22.98209384524769,29.25473104571013
2010-11-27,1101,26.46789728686414,23.0964020185941,31.131964439768428
2010-11-28,1101,26.449668028964055,23.49725027041585,31.40875422045789
2010-11-29,1101,26.64636339948851,23.616746705743765,31.649117781976948
2010-11-30,1101,26.07963746759389,23.473051883714614,30.009558023358675
2010-12-01,1101,26.08364567093785,23.71108461388558,29.4881623272404
2010-12-02,1101,25.692805268839336,23.58039493304197,29.071863148779077
2010-12-03,1101,25.985961366661996,23.42341360596798,30.780766508504414
2010-12-04,1101,25.822152449945698,22.63150571814567,29.946901466814392
2010-12-05,1101,27.288083611047856,22.990900424563833,33.047729355337374
2010-12-06,1101,27.433140912932664,23.56869588946013,32.203206425825044
2010-12-07,1101,27.275920371838215,23.793231912792532,32.84183122438166
2010-12-08,1101,27.325820991276625,23.269897324087374,33.29110143002908
2010-12-09,1101,27.328990987598093,23.971315529314392,32.09127178106608
2010-12-10,1101,26.979216571345994,24.086808277352507,31.034108935984797
2010-12-11,1101,26.739201430248038,23.638283631192195,31.45829506091473
2010-12-12,1101,27.631215459028166,23.567071204762822,33.64820362313446
2010-12-13,1101,26.538477328860708,23.51541192435363,30.70012018178076
2010-12-14,1101,22.768001402440092,20.62076572024769,25.40674526060643
2010-12-15,1101,24.799146575243483,21.19381303316809,30.471080147097464
2010-12-16,1101,25.905247846526414,22.929976938016747,29.94360173657336
2010-12-17,1101,25.067120881358605,22.733851000867084,28.187777395205647
2010-12-18,1101,25.66224595142587,22.88508352784298,29.860208554118202
2010-12-19,1101,25.00427766124229,22.812122704202284,28.285375620752173
2010-12-20,1101,24.430289503704806,22.556648699157442,28.01222495861652
2010-12-21,1101,24.69047867984515,22.632073919869324,27.539547907397353
2010-12-22,1101,24.86773531105486,22.616142375586815,28.631322886377173
2010-12-23,1101,24.97302396628889,22.192383223050378,29.164500830953966
2010-12-24,1101,25.9381072040096,22.11400094481327,31.68494842939847
2010-12-25,1101,26.908038904848656,23.189437113535245,32.04857235211428
2010-12-26,1101,26.673530475975685,23.10752629164623,31.89863825913502
2010-12-27,1101,25.72827080012437,23.16516537516641,30.070816519014503
2010-12-28,1101,25.746693427252662,22.85753614485531,29.988740382173138
2010-12-29,1101,26.496121120025226,23.385084622643987,31.0953521044265
2010-12-30,1101,25.166903782318524,23.449914359191073,27.600292941379976
2010-12-31,1101,24.93258543827074,22.501362343005535,29.144023672882216
2011-01-01,1101,25.426719083914307,22.855450548933227,29.848658403473586
2011-01-02,1101,24.761201730223515,22.808637952590736,27.65210658873143
2011-01-03,1101,24.980954841647982,22.675478400670894,29.76087725857448
2011-01-04,1101,25.700008101527466,23.151731071985356,29.64085641356327
2011-01-05,1101,24.86092797523122,22.888003362133897,27.772221586629414
2011-01-06,1101,24.918767817886422,22.860726394995446,27.75360887467594
2011-01-07,1101,24.00369919575918,22.51299022452179,26.290757662512263
2011-01-08,1101,25.51733124737248,22.113318883784682,30.716780863535245
2011-01-09,1101,26.570162649111897,22.660829963170894,32.3423742456821
2011-01-10,1101,26.620248974171453,23.336575084737596,31.225406800684908
2011-01-11,1101,26.3224212235934,23.16058034854085,30.59545720532336
2011-01-12,1101,25.76969642810223,23.58049127553076,28.650740277072238
2011-01-13,1101,25.658582884099985,23.147358436755535,29.360823832285245
2011-01-14,1101,25.541393194497967,23.17035363714791,29.17377489030094
2011-01-15,1101,25.465190665069716,23.158172881122127,28.985538089221905
2011-01-16,1101,25.608581816669002,23.174100046200603,29.760556481878854
2011-01-17,1101,25.679851309600966,23.469211321775155,28.52997825177796
2011-01-18,1101,24.906281475529006,23.000048581794772,27.754988323947238
2011-01-19,1101,25.527720772097464,22.85653987593715,29.89118704346798
2011-01-20,1101,25.176367105389925,23.205896351904077,27.816337688086815
2011-01-21,1101,24.281073052786926,22.962557121242643,26.586003598610915
2011-01-22,1101,23.83674039968995,22.613796217024593,25.87686814107168
2011-01-23,1101,24.174964254747056,22.080932480337374,27.75136562740856
2011-01-24,1101,24.654022353647,22.37668640410419,29.12905336388558
2011-01-25,1101,25.17853809579071,22.175582406766747,29.95432531245621
2011-01-26,1101,24.997867190784405,22.650387751147353,28.598708764319998
2011-01-27,1101,24.465412225423908,22.323440757033,27.636531949577844
2011-01-28,1101,23.734124974819576,22.258852971508897,25.706576223330647
2011-01-29,1101,24.65407572519619,22.559035365356994,28.471270642473023
2011-01-30,1101,24.51079295889679,22.287305754930983,28.204105257453406
2011-01-31,1101,24.59927915564567,22.25965546064847,28.57735795504309
2011-02-01,1101,26.09282502999755,22.475600580463496,32.232318279454525
2011-02-02,1101,25.604659007803743,23.15219417281215,28.856813576189392
2011-02-03,1101,25.887381925711182,22.298163991337933,31.673747520275715
2011-02-04,1101,26.553931676753432,23.54044017021966,30.70613830292706
2011-02-05,1101,25.308906589388315,22.86580517687605,29.036665296340736
2011-02-06,1101,24.61713221254905,22.490426375726948,27.96957808011316
2011-02-07,1101,24.751966673162485,22.777164613184908,27.919830322265625
2011-02-08,1101,24.319223446696327,22.483571826609797,27.093201915244887
2011-02-09,1101,24.189547141036645,22.268474082775715,27.334615390931543
2011-02-10,1101,24.81196231585447,22.56606508263558,28.93728582955262
2011-02-11,1101,25.318773072931265,22.88330009699937,29.450645686265066
2011-02-12,1101,25.96944424068981,23.096978978725826,30.85147751607168
2011-02-13,1101,24.661160182525226,22.689288220598023,27.278602086909682
2011-02-14,1101,24.762104941055913,22.459117256472464,28.507873124605872
2011-02-15,1101,24.755843089834993,22.351002372433786,28.55490030194612
2011-02-16,1101,25.401190650837304,22.988846577871005,29.056538124255535
2011-02-17,1101,25.087942628047927,22.8768342022404,28.98404697024769
2011-02-18,1101,24.111074268016047,22.501539700768987,26.764157282397353
2011-02-19,1101,25.16412846176079,22.491864944252733,29.91550476347919
2011-02-20,1101,24.71739272044913,22.712619524900155,27.539078237764503
2011-02-21,1101,24.76444165695943,22.374103768524034,28.891725685564392
2011-02-22,1101,25.622305557866802,23.02799994635475,29.227297522027396
2011-02-23,1101,24.992193384555424,22.436762514670335,29.511009729496568
2011-02-24,1101,25.662226381857835,22.79518722739455,30.712274662582328
2011-02-25,1101,25.670189827546945,22.898471849381657,30.274036766702284
2011-02-26,1101,24.018505968855102,22.47937435954141,25.972908464782442
2011-02-27,1101,23.98401029441389,22.633376733069998,26.60124322865576
2011-02-28,1101,24.513682275609586,21.986948192921453,28.782190844617084
2011-03-01,1101,25.173161391185538,22.660719388268987,28.458245794869324
2011-03-02,1101,26.028677901879554,22.56615047711428,31.281190196494887
2011-03-03,1101,26.78342290630255,22.850791075839055,31.83891029528973
2011-03-04,1101,25.662370074490262,23.065508923723023,28.460455103305424
2011-03-05,1101,24.279748890966577,22.207685256752733,26.974678758013944
2011-03-06,1101,24.475254760194787,22.39919003884354,27.90593291825778
2011-03-07,1101,24.919122533413326,22.98299158207504,27.989310773498808
2011-03-08,1101,25.441368616215318,22.99459756757112,29.376120391982553
2011-03-09,1101,25.52646311943841,23.18393245406215,29.003105266211815
2011-03-10,1101,24.909156970379065,23.28879577910419,27.74289734160419
2011-03-11,1101,25.286871666330928,23.06202964611652,29.19507752833345
2011-03-12,1101,24.819924940442824,23.060710410900715,27.4395783428654
2011-03-13,1101,25.546515084168302,22.66259587719836,30.832531984611478
2011-03-14,1101,24.959659182971905,22.312983217795335,28.383359216253854
2011-03-15,1101,24.786207122118483,22.752020318411926,28.119582240356994
2011-03-16,1101,26.005351113631587,22.544754780996005,31.321536898078406
2011-03-17,1101,26.304305277597745,23.293378616127733,30.832264853165288
2011-03-18,1101,26.127252416225826,23.58477851628188,29.229867019995446
2011-03-19,1101,25.290441812421175,23.270859654174256,28.26083784573816
2011-03-20,1101,26.097722759161297,23.132610372363718,30.830471569112596
2011-03-21,1101,26.57423298241312,23.266473881332328,30.86116650500105
2011-03-22,1101,25.668173204088426,23.18743581729085,29.070562525180424
2011-03-23,1101,26.27430814050238,23.428311745682105,30.73994685288502
2011-03-24,1101,26.848026292741032,24.005243412582328,31.749485854076163
2011-03-25,1101,25.57590802795684,23.17405187495621,28.46545505951338
2011-03-26,1101,26.42826070058506,23.77896665564567,30.975438549914166
2011-03-27,1101,25.794234203116243,23.5494536669265,29.193520721298697
2011-03-28,1101,26.122008866793372,23.642284034078966,30.00087734615856
2011-03-29,1101,26.086591780452984,23.45968436339511,29.813057664263944
2011-03-30,1101,25.207353942597393,22.876978715973586,28.318056525670894
2011-03-31,1101,25.179977074866873,23.458418773428743,28.268569330463496
2011-04-01,1101,25.334609780076374,23.282382434793654,28.68168154318771
2011-04-02,1101,25.97025973059137,23.63711000451058,29.85569249995621
2011-04-03,1101,25.48179605937325,23.46972478344836,28.07585260365576
2011-04-04,1101,25.94036509424047,23.649378344617084,29.799108804608675
2011-04-05,1101,25.20283994118729,23.38371283697975,27.635037546200603
2011-04-06,1101,25.023312829535104,23.118527946985356,27.820148690399034
2011-04-07,1101,25.73153098067895,23.306329017262822,29.17988935393603
2011-04-08,1101,25.43019370861652,23.409864348680983,28.30540719481327
2011-04-09,1101,24.334752651608042,22.821000445584012,26.546211961138944
2011-04-10,1101,25.231543570890555,22.535994183322238,29.500409866127733
2011-04-11,1101,26.031547922724567,23.271900809933786,30.370951836419213
2011-04-12,1101,25.67298553877347,22.869399408588496,29.793707056430424
2011-04-13,1101,26.339287317387193,22.962585586068876,31.293055649830087
2011-04-14,1101,25.76969642810223,23.485310370612037,29.61208175864455
2011-04-15,1101,25.821528413370586,23.39879591048031,29.82116247613334
2011-04-16,1101,26.841530051466595,23.350949958835482,31.976087766912485
2011-04-17,1101,26.701785288584073,23.291601480389925,31.795898848050378
2011-04-18,1101,26.309123223137963,23.25193273433121,30.515544395275715
2011-04-19,1101,26.66118864735146,22.758561754440514,31.83643276060643
2011-04-20,1101,26.53116884787521,23.075425631262263,30.73429986928076
2011-04-21,1101,26.359974950952914,23.13542510575778,30.755112036461252
2011-04-22,1101,26.04139730000175,23.732574462890625,29.197506891772353
2011-04-23,1101,26.26157409941669,23.25836359545789,31.329988761867643
2011-04-24,1101,26.506369962820557,23.164946414964614,30.868801647237596
2011-04-25,1101,25.867846707057524,23.412120733560467,29.613085691169772
2011-04-26,1101,25.36300467589511,22.951791942921453,28.453965122924256
2011-04-27,1101,25.689475842120935,23.025966900881095,29.310674282467417
2011-04-28,1101,26.513139391159264,23.21567073531215,31.384475913283
2011-04-29,1101,26.962772010153184,23.330331981983953,31.397266473470783
2011-04-30,1101,26.960460029909964,23.55013244355206,31.345123291015625
2011-05-01,1101,26.179444231794555,23.43276895428987,30.30421933571854
2011-05-02,1101,23.84186054452118,21.155512514670335,26.60514947865576
2011-05-03,1101,23.81561525627102,20.802465464502173,27.880165681710693
2011-05-04,1101,24.594632957013733,20.87645211668827,29.097765045850267
2011-05-05,1101,25.571686064715877,21.28547415284298,30.547026493089614
2011-05-06,1101,25.350306352692336,21.889896273078406,29.1800689013015
2011-05-07,1101,26.601443440390273,23.545349257943876,31.246406178837933
2011-05-08,1101,26.981534333507042,23.261867506087093,31.844839737554302
2011-05-09,1101,27.565375084299678,24.05985537131271,32.51670378954421
2011-05-10,1101,26.75822565053076,23.297257496102507,31.1924346786978
2011-05-11,1101,26.443607347428532,23.234025074227507,30.933357683532442
2011-05-12,1101,26.35361552559207,23.614757452310467,30.101335191940514
2011-05-13,1101,26.18271667754169,23.806701249605872,30.447059118159682
2011-05-14,1101,26.809104474670683,23.45524932450778,31.89627020455262
2011-05-15,1101,26.69883242209396,22.817778446214614,31.435530863535245
2011-05-16,1101,25.912927601904077,22.849540813086815,29.683216454202284
2011-05-17,1101,25.376318550965177,21.765672486993765,30.015289306640625
2011-05-18,1101,25.73169273752803,22.39029368584466,30.064149180869887
2011-05-19,1101,26.012492226912837,23.125637584737596,30.102206653543654
2011-05-20,1101,25.62452023767035,22.398249604776836,29.77262118899769
2011-05-21,1101,25.71981724281482,23.226446998493554,29.51359783908177
2011-05-22,1101,25.75257321002772,23.06688153048802,29.385850983350267
2011-05-23,1101,25.661805875632794,23.335147464221905,29.650948289263944
2011-05-24,1101,26.266684904226807,22.498955970387822,31.329011104566636
2011-05-25,1101,26.70932295931829,22.416318200628854,32.21182469936765
2011-05-26,1101,26.834113493093994,22.0907867842191,32.69874182731047
2011-05-27,1101,25.46031171858578,22.185872715150293,29.174749263198922
2011-05-28,1101,25.413429739229347,21.77520847748213,30.075860267262822
2011-05-29,1101,25.94823028153903,22.220530556990962,31.01326830397807
2011-05-30,1101,26.422725386683716,22.086835647377733,32.256045901721905
2011-05-31,1101,26.47034245649261,20.70100218084361,33.09582067925834
2011-06-01,1101,26.770987198491802,22.126109443972464,32.99558945728524
2011-06-02,1101,26.461590292207863,20.885937746330228,33.34358290599601
2011-06-03,1101,27.223706831311965,21.924493900863578,33.709748956654636
2011-06-04,1101,27.38422374981936,22.340972900390625,33.232825719722186
2011-06-05,1101,26.89600469820168,22.078451934951303,33.13798803491977
2011-06-06,1101,27.15911384548307,22.039982132847534,33.533418116548134
2011-06-07,1101,27.416706256267737,22.8457916670316,33.53821881897246
2011-06-08,1101,28.111580356888705,23.604421435984797,33.91490371772527
2011-06-09,1101,27.713960485073482,23.71729815701198,33.58895956133513
2011-06-10,1101,26.455574788320224,23.50193588188411,31.026932789071257
2011-06-11,1101,25.81855022960714,22.16236897968925,31.38878614485531
2011-06-12,1101,26.938587359783362,22.55379770047996,32.70122483599881
2011-06-13,1101,27.54837764859734,22.104322356493483,33.31987061094276
2011-06-14,1101,27.71256930090387,22.666209815328966,34.10140525920509
2011-06-15,1101,27.66518095897452,22.71319935888453,33.79325818801674
2011-06-16,1101,27.552226199162916,22.576159421638522,33.38053545075147
2011-06-17,1101,27.682854297449772,22.79372731024909,33.541125515651274
2011-06-18,1101,27.668016031718576,22.953138274462233,33.11297730586988
2011-06-19,1101,27.69498328991535,22.771970329797856,33.899576093049326
2011-06-20,1101,27.815510480393208,22.824607267508057,33.71441171415184
2011-06-21,1101,28.25078457887932,23.354494787652396,34.59518747372478
2011-06-22,1101,28.414345831079867,23.470702851299748,34.47834387809172
2011-06-23,1101,28.836307354572106,23.49538883500035,35.47608995651451
2011-06-24,1101,28.394907331252845,22.54377383929197,34.92095851470537
2011-06-25,1101,27.836786210269672,22.54442866714546,34.54917627172085
2011-06-26,1101,26.222821154401977,22.342590195181124,30.867704930326862
2011-06-27,1101,23.71378745519527,19.07298039320873,27.68309246798802
2011-06-28,1101,23.70623230185744,19.524060031223726,29.307820546787415
2011-06-29,1101,24.88832323219744,20.645066744543513,31.0704377178654
2011-06-30,1101,26.286792173513916,21.505300479084923,32.70694667662206
2011-07-01,1101,27.412678739949726,22.507076656871845,33.508001353174045
2011-07-02,1101,27.54467443286571,22.78623271309207,33.76424377167706
2011-07-03,1101,26.793083122492906,22.29197672343575,32.52009206181685
2011-07-04,1101,24.62163793452652,19.74659393721097,28.683028422128995
2011-07-05,1101,24.13629129863106,18.356813576189392,31.96736877167706
2011-07-06,1101,25.63772145087409,19.71285244381481,33.37690317470397
2011-07-07,1101,26.12170588061414,20.720833543170194,33.28065045959746
2011-07-08,1101,27.148816848549608,22.227890904174256,33.47576808501787
2011-07-09,1101,27.989209607043072,22.863109229391466,34.85943015060083
2011-07-10,1101,28.07913310645407,23.16288668371637,33.86568584356608
2011-07-11,1101,27.70284952069612,23.793563363797997,32.89014150850441
2011-07-12,1101,27.580097780099365,23.163624169046034,33.28712018615996
2011-07-13,1101,27.794037309997286,23.512698186352647,34.1782776700007
2011-07-14,1101,27.613041300410114,22.719632957013733,33.5800566395302
2011-07-15,1101,28.165784741730967,23.223205976956628,34.376030618299815
2011-07-16,1101,28.531500658112257,23.863847398971764,34.20413030102649
2011-07-17,1101,28.660574703473145,23.685530179284612,34.504146695671594
2011-07-18,1101,28.329905266184443,23.743061835455787,34.09654133202249
2011-07-19,1101,28.11222829091709,23.29737491351072,34.50505606475967
2011-07-20,1101,28.39336976876708,23.868728979820627,34.50396988530865
2011-07-21,1101,28.737100883449674,23.375033801981154,35.648599941099704
2011-07-22,1101,28.002058533809645,24.013387774138174,33.65013238881201
2011-07-23,1101,27.54643979949267,22.49983564299853,34.342261481178184
2011-07-24,1101,28.21791788280812,22.614623612887122,35.095048844547016
2011-07-25,1101,28.202363685642123,21.32083567803216,35.9533874785419
2011-07-26,1101,27.90449291280567,21.708519631971694,35.8801667765117
2011-07-27,1101,29.052730953746845,22.765051461121427,36.65124388553637
2011-07-28,1101,28.515366028242582,22.203241459457328,35.789535317185745
2011-07-29,1101,28.72806963043897,23.235455158045475,35.56013331391886
2011-07-30,1101,29.070749582196566,23.737113918424185,35.27516441174152
2011-07-31,1101,29.793246607074824,24.086515281232483,36.73832764219276
2011-08-01,1101,29.646416223637193,24.348197492248808,35.72130239170228
2011-08-02,1101,27.897643803481028,23.072407538580787,33.16814432871181
2011-08-03,1101,26.98770825852193,22.330142581409405,33.23750654143603
2011-08-04,1101,25.510886051195083,20.704866691555143,30.504327611538326
2011-08-05,1101,26.011244393250333,19.77293731278903,34.63479668997863
2011-08-06,1101,28.42741287984121,22.17251997464441,35.77669494355206
2011-08-07,1101,29.02831675439672,24.165681984392517,34.74319074827459
2011-08-08,1101,29.275553066099707,23.60886413847919,36.34554259980206
2011-08-09,1101,29.692707318361563,22.98646292237423,37.87609302195733
2011-08-10,1101,29.491932958765414,22.7766815322397,37.55597320693491
2011-08-11,1101,29.64936216208967,22.895696528823922,37.960391604846905
2011-08-12,1101,30.154620491335745,23.660244244631095,37.81543557205542
2011-08-13,1101,29.901055442912696,23.151148637848586,37.73830355657056
2011-08-14,1101,29.682144986139818,24.260600273919213,36.47472692925834
2011-08-15,1101,29.10308321281399,24.354770677506657,35.746744472349704
2011-08-16,1101,28.78320764105416,24.087117011237037,35.681573157887826
2011-08-17,1101,28.50694969416734,23.55168651358429,35.45235576544108
2011-08-18,1101,28.30573643911045,24.124393069690655,34.306211873554865
2011-08-19,1101,28.997756136907057,24.452741409096483,35.7510897375543
2011-08-20,1101,26.389012939726825,23.89861116281005,30.474891423109934
2011-08-21,1101,22.07672018213657,18.21804371649909,26.05881749995621
2011-08-22,1101,22.479740159928532,17.997161591534123,28.966409589143076
2011-08-23,1101,23.69813426406929,18.42947264530199,30.920828780785804
2011-08-24,1101,25.651673509401057,19.618093447834923,34.27694236858009
2011-08-25,1101,27.237898582834834,20.838863218846342,35.25741878218715
2011-08-26,1101,28.694937941204806,22.812945720860775,36.03708460512717
2011-08-27,1101,28.801637743620596,23.57286598650329,36.2359037527589
2011-08-28,1101,28.66224477109353,24.63696015362248,33.806750515651274
2011-08-29,1101,28.966252776004808,24.06854316471938,36.12212026279603
2011-08-30,1101,29.601322926747958,24.855473539754414,36.15511770205647
2011-08-31,1101,28.052266638375183,24.883190890598726,32.08476154686624
2011-09-01,1101,27.508734596149804,23.016998291015625,34.32938443171069
2011-09-02,1101,29.1268911661054,23.487035229601666,36.24846686803706
2011-09-03,1101,28.31052833180791,23.987588104111197,35.16436507562885
2011-09-04,1101,28.43630861701452,24.369088485101948,33.94760213946013
2011-09-05,1101,28.591739586115953,23.775007307796734,35.56299745020845
2011-09-06,1101,28.450304245200392,23.926136376077284,35.55124366657616
2011-09-07,1101,27.55984769059938,23.978537931570557,32.394826435722045
2011-09-08,1101,27.99238259696105,24.15888395437745,34.05613304788222
2011-09-09,1101,28.387623962265494,24.152151749273052,34.88818783610391
2011-09-10,1101,28.553201016823806,23.882867103200322,36.04402892792706
2011-09-11,1101,28.50882751738544,25.23787767897807,33.11114898818491
2011-09-12,1101,27.17583133714616,23.571248965413048,32.79450407156495
2011-09-13,1101,27.25971485360321,23.81422691174152,32.36608325633233
2011-09-14,1101,27.300250955761282,23.570985118369887,32.70865962965072
2011-09-15,1101,27.620271280742013,23.29353845707504,34.632303828081206
2011-09-16,1101,27.346601956628362,23.612424431360356,32.48344701929477
2011-09-17,1101,28.17435717048132,24.15279987147036,34.27523338420509
2011-09-18,1101,26.851086962917996,23.90526673184382,30.95249589997022
2011-09-19,1101,27.389454931421664,23.495583162179443,33.919296059373245
2011-09-20,1101,28.612741513102577,24.01743840102123,35.57863996702459
2011-09-21,1101,28.608300863360075,25.020747984471342,34.39885065053076
2011-09-22,1101,27.69686383302971,24.213243561475267,32.458660724451725
2011-09-23,1101,27.972852903631235,23.923217636587374,34.39766826544108
2011-09-24,1101,26.244624527045964,23.060372117388944,30.02132166020004
2011-09-25,1101,27.812369855530058,23.948689276862037,34.308483585648474
2011-09-26,1101,28.79367790735356,24.32878338595677,35.20057233459746
2011-09-27,1101,25.749353520004203,23.499440967234797,28.982205514950603
2011-09-28,1101,26.11088473059137,22.851957038913607,31.567823333055983
2011-09-29,1101,27.77684096263663,23.270344002899034,34.06937028688166
2011-09-30,1101,27.908096655601877,24.158263749605872,33.73404587544668
2011-10-01,1101,27.33295033544703,23.86868231392762,32.71930656946294
2011-10-02,1101,26.724385077643287,23.630048538002733,31.177209281066073
2011-10-03,1101,26.457210523665218,22.623230117318876,32.80672424042706
2011-10-04,1101,27.84234468605486,23.54454895840632,33.597598636096905
2011-10-05,1101,28.037276879554373,24.07810460933121,33.206454700418654
2011-10-06,1101,26.79023516873073,23.63490179087549,32.51227860386596
2011-10-07,1101,27.075863004265344,23.455835043047575,31.997092619070557
2011-10-08,1101,27.767158131962933,23.84344058186484,33.283918440609234
2011-10-09,1101,27.663945989223873,24.04235771418687,32.213904821284686
2011-10-10,1101,27.648584032272545,24.269773064172856,31.86969938406495
2011-10-11,1101,27.44206046202792,24.507344883119043,31.46490656420789
2011-10-12,1101,27.316986494534753,23.9788116318228,32.596044018664166
2011-10-13,1101,26.989753141531494,24.55298002097639,31.2257111553654
2011-10-14,1101,25.78064833842051,23.98832928439427,28.304154742459012
2011-10-15,1101,27.182892016765784,23.76843959654393,32.77006920784578
2011-10-16,1101,26.88268411747543,23.625044613141114,31.41203643388278
2011-10-17,1101,24.486181832215177,22.959281476623808,27.138953649409682
2011-10-18,1101,24.82863610100853,22.998052212154917,28.14107099456103
2011-10-19,1101,24.852070111330313,22.827783558935327,27.750315713240962
2011-10-20,1101,25.335009382444646,22.93391165284298,29.07258024343995
2011-10-21,1101,27.006990304442265,22.837129054048138,33.884290891912485
2011-10-22,1101,26.755473183944087,23.35857730061484,31.458485556290288
2011-10-23,1101,26.1948336614087,22.77184388028132,31.50675971197975
2011-10-24,1101,26.698435146177832,22.68342337159298,31.298733287862596
2011-10-25,1101,27.192724800965177,23.225973907607553,33.19512132037381
2011-10-26,1101,26.346538321319716,23.812019792907442,30.346164446775155
2011-10-27,1101,26.292158186702984,22.962526466814392,31.860963966814392
2011-10-28,1101,27.33354618089616,23.78089678982448,32.52094614345397
2011-10-29,1101,27.74996181881481,23.605515142192754,33.62732138868939
2011-10-30,1101,28.22316327971728,23.71563022767482,34.06288359090352
2011-10-31,1101,25.537039444585552,23.416473662372127,28.413152036110915
2011-11-01,1101,25.931779117327636,22.237917091814392,31.649707879720783
2011-11-02,1101,27.414473050378362,22.997326906486478,32.71124226523087
2011-11-03,1101,25.876363027256165,23.6294463974478,28.68061301740296
2011-11-04,1101,26.535627698684486,23.02745911465632,32.392304835298134
2011-11-05,1101,27.543358088608816,24.101601228585693,32.61469066944892
2011-11-06,1101,25.54532585657231,23.530297933672575,28.759266806290288
2011-11-07,1101,26.032560066257357,23.28414725402011,30.375372642893428
2011-11-08,1101,26.930078891360708,23.50338334566809,31.026830698877173
2011-11-09,1101,27.65053144377978,23.653706093005535,32.97026452034578
2011-11-10,1101,27.96331691314287,24.143920761587374,32.68859083235531
2011-11-11,1101,25.616590696599985,23.848541259765625,27.998549799213496
2011-11-12,1101,25.471352752548697,22.725981571214614,29.57512127658177
2011-11-13,1101,26.51447655374159,23.219880245191636,31.074150188086815
2011-11-14,1101,27.08090469976177,23.986321966744324,31.029927890931543
2011-11-15,1101,26.307387005587863,23.63709686689847,29.835668589502173
2011-11-16,1101,25.48916256481222,23.079765422461815,29.21605282086428
2011-11-17,1101,26.286082451653588,23.426126522868202,30.438885333826725
2011-11-18,1101,26.06150085722919,23.661967461419213,30.05502401446013
2011-11-19,1101,26.20754744867573,22.920316413913607,31.793368762918654
2011-11-20,1101,26.798952111214266,23.208053109891747,31.659266587330087
2011-11-21,1101,27.085678169011,23.795932786881657,31.80136409468715
2011-11-22,1101,26.22514678544528,23.327905355547575,30.66960369845677
2011-11-23,1101,26.271341503468328,23.427346131192195,30.417752389950603
2011-11-24,1101,26.704328596859234,23.441981431080087,31.731151221578966
2011-11-25,1101,27.249969756122127,23.849177339151836,32.164950794168654
2011-11-26,1101,27.324024970221412,23.9381255419265,33.02338207569892
2011-11-27,1101,26.330452683795194,23.50390556574937,30.1048615459904
2011-11-28,1101,26.894378388409123,23.386125778403517,31.56725294173031
2011-11-29,1101,26.960044279226807,23.446536898078406,31.425212364025715
2011-11-30,1101,26.34279848107308,23.621447781276274,30.014517471929302
2011-12-01,1101,26.450749966061167,23.760098855057105,30.6125393854663
2011-12-02,1101,26.141707621347745,23.83606052826338,29.645786302506657
2011-12-03,1101,26.97994488771721,23.216746924703966,32.03126792736652
2011-12-04,1101,27.730831129133968,23.990855537722464,32.44503373629309
2011-12-05,1101,25.87941738522106,23.841650582215177,28.41023986542706
2011-12-06,1101,25.328168655190233,23.088980362554302,28.954728199227507
2011-12-07,1101,25.881382005631657,23.378019871733112,29.40763861822975
2011-12-08,1101,26.605925008320487,23.43929150500105,31.09115901656215
2011-12-09,1101,25.79098100191809,24.09201734055318,28.832838528893987
2011-12-10,1101,26.137493732264225,23.603794115006657,30.573109032327284
2011-12-11,1101,26.196199015117013,23.60190996247022,30.181274277212374
2011-12-12,1101,26.300486611678462,23.8466461592191,29.608783123204525
2011-12-13,1101,25.706789298977018,23.349197045569998,30.098054073316636
2011-12-14,1101,25.320910671901274,23.173525275670894,27.5857452255728
2011-12-15,1101,26.12993686829982,23.159229364095783,31.856861747433786
2011-12-16,1101,25.884761930046594,23.802251978305424,28.397476675264503
2011-12-17,1101,25.262033505290077,23.708777868159682,28.091929756472464
2011-12-18,1101,24.704910073045124,22.856855178627733,26.705877740286926
2011-12-19,1101,24.906138603997338,22.871199261447238,28.033121425474707
2011-12-20,1101,24.556459572283142,23.35820835267482,26.66452820097919
2011-12-21,1101,25.188583579298626,23.120977016842417,28.257102384695557
2011-12-22,1101,25.79928397277011,23.337522087610356,30.584011060774593
2011-12-23,1101,25.696997946153306,23.124665401441636,29.398065678207328
2011-12-24,1101,26.646129933173345,23.90311927966473,31.72991847564287
2011-12-25,1101,24.658421400951163,23.41393591363334,26.28867754059522
2011-12-26,1101,24.343975939558227,22.607375209106994,26.751645896466858
2011-12-27,1101,25.79819341411505,22.806276466814392,30.626418177856994
2011-12-28,1101,26.30648119460307,23.509517515721342,30.007564390721342
2011-12-29,1101,25.51711529787346,23.289573087820557,28.797061526721905
2011-12-30,1101,26.025187949963215,23.26441346583345,30.47239171870621
2011-12-31,1101,26.597218466446538,23.636810029034123,31.027974765931543
2012-01-01,1101,26.56277698465527,23.815882250867084,30.91087594481327
2012-01-02,1101,25.167931116215318,23.63981854220677,27.58163862698816
2012-01-03,1101,24.75802776524839,23.00683525324937,27.501950251147353
2012-01-04,1101,25.391359474626892,23.155043939838496,28.843267603305424
2012-01-05,1101,26.771685955235775,23.152441597840177,32.67961565368379
2012-01-06,1101,25.736876072904987,23.088359610382216,28.896169482859797
2012-01-07,1101,25.286403638899593,23.253317657607553,28.50061130951338
2012-01-08,1101,24.82891421467734,22.94985305033457,27.694541075839055
2012-01-09,1101,25.207556343933927,22.708424247433786,29.589929555029077
2012-01-10,1101,25.89233822672891,23.658399504930983,29.57005672711428
2012-01-11,1101,25.366997825725196,23.284728593355872,28.863314504580647
2012-01-12,1101,25.792418065092487,23.361402982018987,29.343603707215177
2012-01-13,1101,24.913870088722675,23.521608498064392,26.945801191800378
2012-01-14,1101,24.416397436851877,22.57802687845957,27.179551060424256
2012-01-15,1101,25.107806697554654,22.670234303837933,28.55658957990296
2012-01-16,1101,25.389646111047856,22.878614348680983,28.909183382453406
2012-01-17,1101,25.919809384196327,23.037877241057664,29.967889896957328
2012-01-18,1101,25.327030062140906,23.29864679858289,28.12189883929197
2012-01-19,1101,24.50577534902256,22.80086377062605,27.597403761517306
2012-01-20,1101,24.861122986660945,22.619437726623808,28.81243581729085
2012-01-21,1101,24.83212622398753,22.797792853795894,27.34033025219836
2012-01-22,1101,25.565420792241802,22.7316559248441,30.327908639950603
2012-01-23,1101,25.235635663361826,23.054937525180424,28.21690348124825
2012-01-24,1101,25.6711090498441,22.95688276761316,29.54237139919948
2012-01-25,1101,25.61568666466683,23.369842802997127,29.042465552086252
2012-01-26,1101,24.32629914561729,22.72303546169948,26.469741205463496
2012-01-27,1101,24.245001412293302,22.944490714992643,26.283620654734797
2012-01-28,1101,25.195150469450674,22.999344624746005,29.079031905785804
2012-01-29,1101,25.467146663922364,23.089352594897353,29.459826687526274
2012-01-30,1101,26.410951622933016,23.121445591674256,30.97398903337829
2012-01-31,1101,25.813628466139996,24.03150111998143,28.303583256332328
2012-02-01,1101,25.903696239796453,22.920233209036926,30.429478803557664
2012-02-02,1101,26.09244499719731,23.75960619460307,29.519239348680983
2012-02-03,1101,24.40678658934452,23.32876148993659,25.828362982369324
2012-02-04,1101,25.03386931141396,23.257966182691636,29.28833705748143
2012-02-05,1101,25.945720587076092,22.75180135821013,30.68204282752067
2012-02-06,1101,26.37076216214441,22.887573105337374,31.82362139919948
2012-02-07,1101,26.318414799301078,23.031954367599145,32.26163486087269
2012-02-08,1101,26.59540574967594,23.289458133714614,31.649416662652396
2012-02-09,1101,26.62169411150329,23.89853315823816,30.41642987033177
2012-02-10,1101,25.239185966183786,23.915297846088496,27.32244777251787
2012-02-11,1101,24.394706828711815,22.569172127899034,27.467512190609234
2012-02-12,1101,25.08470831216718,22.722330409849707,29.02786419102964
2012-02-13,1101,24.995121293003784,23.122117799493765,27.846491792276836
2012-02-14,1101,24.807976282230943,23.253251969547016,27.168309643664166
2012-02-15,1101,23.748403506428673,22.450721227534682,25.511741056570557
2012-02-16,1101,24.01915231200077,22.093989077170335,27.611651501848023
2012-02-17,1101,23.034328990987596,21.502946520065514,25.178026002618765
2012-02-18,1101,23.88518616543757,21.648411635326163,27.760117466674256
2012-02-19,1101,25.324874125253995,22.009025950068317,30.58799504164623
2012-02-20,1101,25.751437884275155,22.518306578221342,30.2877228741154
2012-02-21,1101,24.771054802454106,23.01234100752347,27.32116028653132
2012-02-22,1101,24.966428474460482,22.62401071043827,28.63110283137437
2012-02-23,1101,25.452175123274593,22.826957257873808,29.582006480127173
2012-02-24,1101,25.08783109519514,23.039078237764503,28.293043607018987
2012-02-25,1101,25.47084914408457,22.926908210788607,29.686823823526836
2012-02-26,1101,24.79452145153097,22.83396398433121,27.58866396506271
2012-02-27,1101,24.236637406285034,22.484194768383897,27.746576967795335
2012-02-28,1101,24.649815717620164,22.533535260256095,28.351046164474145
2012-02-29,1101,24.009659566152255,22.445484794308786,26.24568798937605
2012-03-01,1101,24.78910985014364,22.150221341393987,29.20009828576058
2012-03-02,1101,25.592484683733886,23.172846499045335,29.510969221859234
2012-03-03,1101,25.22122917688481,23.16765933186484,28.124206679818876
2012-03-04,1101,26.113423300430913,22.869696099661926,31.053437647798138
2012-03-05,1101,24.45561403009389,22.799573000236478,26.684778735242084
2012-03-06,1101,24.68991280457364,22.339421567360915,28.70892238189287
2012-03-07,1101,24.898002179748808,22.520628651161363,27.868244393524034
2012-03-08,1101,25.22715095554232,22.87713527251787,29.20695502447975
2012-03-09,1101,24.621746661951725,22.3508085926552,28.740681464362037
2012-03-10,1101,24.702882091026137,22.318237167837374,28.564244428557664
2012-03-11,1101,25.288362101054513,22.762168028964055,29.230068463381095
2012-03-12,1101,25.91645559815548,22.759469344476948,30.879621565609234
2012-03-13,1101,26.13663554512332,22.55264829627067,31.2207549911978
2012-03-14,1101,26.156856656609094,23.313155101553743,29.179199629300378
2012-03-15,1101,25.60478709952179,22.884729907117084,29.535669027422575
2012-03-16,1101,25.93352943044072,23.341398777983112,29.687515737764503
2012-03-17,1101,26.25185117165604,23.543504518243765,30.031124508434345
2012-03-18,1101,25.469520055659682,23.51896783803076,28.59707094201058
2012-03-19,1101,25.64846144877207,23.025660356598586,30.202237526932105
2012-03-20,1101,26.331911095589266,23.09238957289623,31.23200626116697
2012-03-21,1101,26.340426731537274,23.243115207004976,30.2595120417163
2012-03-22,1101,25.982851310695768,23.30218081623984,30.23757989310363
2012-03-23,1101,26.8072111531758,23.63084774273928,31.577892217935467
2012-03-24,1101,25.354682135475056,23.241439066660245,28.40898960267482
2012-03-25,1101,26.299205694497967,22.81330508929197,31.430444418047575
2012-03-26,1101,25.192493113701655,23.08449058361652,27.962829726693876
2012-03-27,1101,25.520760985233323,22.58240936689847,30.0890044481765
2012-03-28,1101,24.028989646466858,22.237867825768987,26.08641305418827
2012-03-29,1101,25.22481889254309,22.110237018944435,30.410040611643428
2012-03-30,1101,25.429872931920894,23.069530127828966,28.46995907086428
2012-03-31,1101,25.73872368645775,22.928576687526274,30.22409741867818
2012-04-01,1101,25.707319319515484,23.02484582464791,29.852076372223586
2012-04-02,1101,26.621845330892658,23.093742746943317,31.946747099872127
2012-04-03,1101,25.854503956610845,23.66087703961428,29.06636396331103
2012-04-04,1101,25.907479598383198,23.07994606462829,31.053574497924256
2012-04-05,1101,26.85954866281005,23.40899836108289,31.610407807901836
2012-04-06,1101,27.091626359742854,23.79188311794948,32.03935303281776
2012-04-07,1101,26.76647620778447,24.132039981038048,30.58171197865576
2012-04-08,1101,25.832342720887052,23.32625658522807,29.341484172461815
2012-04-09,1101,25.762413674940444,22.59502147452179,30.542059380911926
2012-04-10,1101,26.23833352674818,23.424383599661926,30.321608060143987
2012-04-11,1101,25.63474058142692,23.480968389810467,29.02201576403973
2012-04-12,1101,25.20820610833275,22.895435966183786,29.27288722564287
2012-04-13,1101,26.145669295648823,23.260870689768428,30.773481702590736
2012-04-14,1101,26.425663610210332,23.511818787442195,30.238762278193317
2012-04-15,1101,25.788343899987737,23.432652631682664,29.92338295153973
2012-04-16,1101,25.65292166808261,22.661155119070557,30.43424009314567
2012-04-17,1101,25.232776522101844,23.23249235281495,27.992592986923697
2012-04-18,1101,25.45161636420964,22.917996530575603,29.526498974171453
2012-04-19,1101,25.88978172952284,22.69708101417986,31.226716182691636
2012-04-20,1101,26.02330448167741,23.123116258013944,30.24772760365576
2012-04-21,1101,26.248666087608168,23.211595064856013,31.33363007002347
2012-04-22,1101,26.428853672181543,23.203689233069998,30.647960577310467
2012-04-23,1101,25.35388115168687,23.335498895345783,28.063631339992643
2012-04-24,1101,25.569193613368835,22.987127740286926,29.797758914964614
2012-04-25,1101,25.609088846386282,23.163459675194435,29.142452633434345
2012-04-26,1101,26.31518000444489,23.487148952056476,31.081829122363718
2012-04-27,1101,26.03622518633513,23.2096099169265,30.746139047391747
2012-04-28,1101,26.40981605769273,23.341015871330228,31.646795709036926
2012-04-29,1101,25.885819593352586,23.664275028245864,28.52819468408422
2012-04-30,1101,23.847449332609305,22.45433119701163,25.674276309163048
2012-05-01,1101,22.69647866834974,19.909459546007916,26.355814022868202
2012-05-02,1101,24.236453941584703,20.087790587557805,29.373791750236478
2012-05-03,1101,25.829173306178618,22.05960849368519,30.5878570967191
2012-05-04,1101,26.614771872892508,22.594518687158423,31.621047084106994
2012-05-05,1101,26.451845109195453,22.17784905540569,31.623881523919213
2012-05-06,1101,26.83314288357448,22.092182655505535,32.2558258467191
2012-05-07,1101,26.484574766971605,21.68916094998073,32.5022983978682
2012-05-08,1101,26.353227829184767,21.27648255215632,32.40682189667706
2012-05-09,1101,26.13872716245095,21.237301813647353,32.080985030785804
2012-05-10,1101,25.990307384542284,22.396989215115262,30.2979034286978
2012-05-11,1101,26.45621271518314,23.013219037932664,31.22363103344836
2012-05-12,1101,26.6138194473335,23.169672670920335,31.80169581939287
2012-05-13,1101,26.23555731666462,22.755730872731572,30.761372108630535
2012-05-14,1101,25.922332695246812,23.22483654620936,29.951165716744324
2012-05-15,1101,25.395299064738868,22.963614151616802,28.96975872227964
2012-05-16,1101,25.58029185068447,22.643233500253995,29.499230765441073
2012-05-17,1101,25.32522399970769,22.86882450120866,28.782494104496568
2012-05-18,1101,25.358653577453886,22.98467743877873,29.16011533181229
2012-05-19,1101,25.681142233946932,22.752276775548275,30.52159864485531
2012-05-20,1101,25.216649299245244,22.81581286785314,28.420226640230872
2012-05-21,1101,24.974460379425185,22.667356208835482,28.9346955303654
2012-05-22,1101,25.611199212181194,23.21853692435363,29.587227586138944
2012-05-23,1101,25.124641657944753,22.516765645801218,29.143720413002733
2012-05-24,1101,24.83571706865935,22.737988253879976,28.413737754650715
2012-05-25,1101,24.66595951644829,22.466799475152396,27.78500776761316
2012-05-26,1101,25.529862476571257,22.498834447475826,30.502329052296453
2012-05-27,1101,25.96193612958284,22.29826361822975,30.736482902492643
2012-05-28,1101,26.10066770545036,22.72787886136316,30.416360897868202
2012-05-29,1101,26.418905865451144,22.660983509012404,31.590345579412485
2012-05-30,1101,26.457506855507066,22.664470176525715,31.453457135256095
2012-05-31,1101,26.776978291738192,23.331736885378714,31.56696829346798
2012-06-01,1101,26.39629429017482,23.0513947491154,31.343828141422016
2012-06-02,1101,26.182934816642728,22.70196382667986,31.12933253814287
2012-06-03,1101,26.177563004429565,22.952498089572238,30.771866871102507
2012-06-04,1101,26.036624070240244,22.662521978130254,30.37350272277011
2012-06-05,1101,24.8107556398674,22.365417343618624,28.26108554446644
2012-06-06,1101,23.966631645578975,21.83589617126191,27.311901006997967
2012-06-07,1101,22.427609140028334,20.686863373213285,24.414035266824904
2012-06-08,1101,20.97682109541957,17.514884230267306,25.900989891702284
2012-06-09,1101,23.037758831486038,19.814833157800237,27.81582203681159
2012-06-10,1101,23.87930809328909,19.726130464151836,29.19786927090632
2012-06-11,1101,25.05072454272899,20.95582217913572,30.73803861472639
2012-06-12,1101,25.838332839076294,21.75925722678146,31.642614663983675
2012-06-13,1101,26.295228042944665,21.92059257746812,31.589021964992643
2012-06-14,1101,26.341487696352562,21.50983336581243,32.20125220602403
2012-06-15,1101,26.603172285139827,22.008257126059767,32.33233054122583
2012-06-16,1101,26.684868149693237,22.370058205095642,32.22486925338951
2012-06-17,1101,26.773053806458886,22.509517515721342,32.30947438056159
2012-06-18,1101,26.699637767979915,22.58975630276941,32.05719938406495
2012-06-19,1101,26.864903881945416,23.07870113903097,31.996146710998808
2012-06-20,1101,27.01692830928238,22.786275684031672,32.49717732929863
2012-06-21,1101,26.99946910704198,22.65268738066669,32.79065475121742
2012-06-22,1101,26.626937404341763,23.08344450125245,32.43344718351492
2012-06-23,1101,24.661157359991375,22.72248833489525,27.05228386438481
2012-06-24,1101,25.022335497253145,22.33166353371111,28.747019677953336
2012-06-25,1101,24.977117085136104,21.70610627999755,29.492845064856013
2012-06-26,1101,24.72603843244202,21.948356183655058,28.75743629900329
2012-06-27,1101,25.562697543157057,21.78510931040674,31.229867019995446
2012-06-28,1101,25.892893051352736,21.756499970440373,31.368945066169772
2012-06-29,1101,25.847062474409025,21.89960989503048,31.54588680523928
2012-06-30,1101,26.07017007323124,21.515778545841506,31.938831688577284
2012-07-01,1101,26.732253378282213,21.808492617756798,33.37385634349601
2012-07-02,1101,26.78960483704982,21.567556201609797,33.255526966043654
2012-07-03,1101,26.921247234258953,21.823185120997408,33.25679912481608
2012-07-04,1101,26.205809263905067,20.698467853357975,33.42169504208415
2012-07-05,1101,26.062102313533494,20.609848911986756,32.940327323605665
2012-07-06,1101,27.207856439154245,22.44115540371882,33.389615319769476
2012-07-07,1101,26.056023807269042,22.14049800308296,30.834877595773193
2012-07-08,1101,23.609857499332172,20.023760192597393,26.989171460070416
2012-07-09,1101,23.193169615193867,17.935241836068876,30.528039359191073
2012-07-10,1101,25.217593736178138,19.542362093390906,32.68518175886351
2012-07-11,1101,25.64740346044703,20.05847236393813,32.28409251396966
2012-07-12,1101,26.06483358545688,19.982136679337163,33.648949182621564
2012-07-13,1101,26.75358261655799,21.015867498423486,33.70196930068491
2012-07-14,1101,27.297843265961102,21.803583530032583,34.331271868650155
2012-07-15,1101,27.611704137827783,22.795295612694435,33.67191085473304
2012-07-16,1101,26.99105756272115,22.948728552848234,32.437491652142306
2012-07-17,1101,24.81180001160489,20.577075906933157,28.715983848400715
2012-07-18,1101,23.113301914369043,18.352592981449693,29.543333729286363
2012-07-19,1101,24.02038481844915,18.657499031101107,31.32218939947975
2012-07-20,1101,24.707934272663476,18.212761301630817,32.9204620224478
2012-07-21,1101,25.5911548939521,20.013355888058786,32.248397621873245
2012-07-22,1101,26.569433426108596,21.743614436265066,32.44773132597919
2012-07-23,1101,27.0208708758846,22.555438122941773,33.58256482864174
2012-07-24,1101,27.42417866659806,22.560062288703406,33.57884360001226
2012-07-25,1101,28.031592587184477,22.913810285217558,35.05030323250946
2012-07-26,1101,27.96325033555651,22.68135556618729,34.54347714821854
2012-07-27,1101,28.440943491298523,23.050872802734375,34.977991625867084
2012-07-28,1101,28.366181104172504,22.784830409849707,35.373202747293654
2012-07-29,1101,28.749522358847305,22.460293346456346,36.20512342239174
2012-07-30,1101,28.788232401347482,22.527376457180143,36.09726034258513
2012-07-31,1101,28.408476089682814,22.999940196494887,35.56134101628188
2012-08-01,1101,27.783401266876357,21.309793104505324,35.714496013829525
2012-08-02,1101,27.50554542370441,20.62281888268988,35.483807208826725
2012-08-03,1101,27.645265724626892,20.796275733297716,35.56366637362493
2012-08-04,1101,27.755079483237502,20.555305104619183,35.34853031175553
2012-08-05,1101,27.821472783794317,21.025779142508057,35.65576650850441
2012-08-06,1101,27.754395762901137,20.983653936685467,35.85196579732168
2012-08-07,1101,28.052746965211604,21.007687555834853,36.31405831238614
2012-08-08,1101,28.08110441541458,20.244458938393358,36.72863098965632
2012-08-09,1101,28.68779094336813,21.576926603445557,37.424775538423134
2012-08-10,1101,29.3091674257287,23.302940608140066,36.80041271261035
2012-08-11,1101,28.753198050597323,23.149011586279077,35.56535455678076
2012-08-12,1101,28.456937918213985,23.788093464256935,34.504398226203406
2012-08-13,1101,27.838147595324322,23.764643374045335,33.55425847485461
2012-08-14,1101,27.553868178294913,22.046833808112037,35.27079068171069
2012-08-15,1101,28.323246173259925,22.855701121514155,35.21269616097078
2012-08-16,1101,29.132603529857413,24.161616030295335,35.47141734580823
2012-08-17,1101,28.957080054176227,24.07812924235391,35.31910425023648
2012-08-18,1101,28.923757168209605,23.92594642810223,35.292670553575185
2012-08-19,1101,28.429147181489544,24.003950863141114,34.3210841978612
2012-08-20,1101,28.57943371486236,23.07090410309522,36.19712590102123
2012-08-21,1101,29.043914863346938,23.53432187478104,35.61809878498984
2012-08-22,1101,28.99901148022023,23.2710935310398,36.26428646891641
2012-08-23,1101,29.284821873823088,22.801908621338985,36.8156402998441
2012-08-24,1101,29.0668812396815,22.457027828746845,36.87401960569647
2012-08-25,1101,29.17175142433611,23.473588609909264,36.14122426670228
2012-08-26,1101,27.985721776303688,22.61680431964686,34.00522918016921
2012-08-27,1101,26.92612339242157,22.108150191371216,32.877763688297016
2012-08-28,1101,25.986822975056054,20.800759217129695,32.12039239310363
2012-08-29,1101,26.199612484919115,20.230518973996286,34.14732121352123
2012-08-30,1101,27.850659562867854,21.469124832495446,35.29550581448816
2012-08-31,1101,29.219878466139996,22.422398725432664,37.10962393037941
2012-09-01,1101,29.731811933987878,23.664957362974707,37.28751705152572
2012-09-02,1101,28.74177051766571,23.75862634770004,36.00010332184522
2012-09-03,1101,28.49316255714861,23.421846945724145,35.87729073426114
2012-09-04,1101,29.408155911706487,23.825686193902396,35.9566561438043
2012-09-05,1101,29.454749410997056,24.333226088451163,36.3623685965089
2012-09-06,1101,29.452347554433505,24.58175577069612,35.6262112604663
2012-09-07,1101,28.460742078019898,24.840742992178743,33.767610284779636
2012-09-08,1101,28.306561320351914,23.17885914618659,35.46937335232448
2012-09-09,1101,29.328644209378503,23.034278630141184,36.794945276371564
2012-09-10,1101,29.46988079259214,23.152727067203266,37.36592888939006
2012-09-11,1101,29.735970125070068,23.997138600712933,36.68765915669668
2012-09-12,1101,29.184062461681965,23.463508503319435,36.350972812806546
2012-09-13,1101,29.27357544492713,23.603011332285245,35.634492335298134
2012-09-14,1101,29.14336829762822,24.111821196004414,36.21852488154253
2012-09-15,1101,28.88509693915534,24.372721034849707,35.03707913112213
2012-09-16,1101,28.229056850142545,23.49334621001787,34.81389956623984
2012-09-17,1101,28.24783735745691,23.871714912722464,34.064773217444994
2012-09-18,1101,27.894560262226737,23.84236658207504,33.97575604220677
2012-09-19,1101,28.350581831996216,23.986786162372127,34.64042725156776
2012-09-20,1101,28.819853213870473,23.845026948526836,35.66701887327459
2012-09-21,1101,29.281141443637456,24.17587198163362,35.2163725027589
2012-09-22,1101,26.49442568381271,23.971714036881657,30.545371153964055
2012-09-23,1101,25.525201224425448,22.634524084527396,30.613222541295894
2012-09-24,1101,27.237206702809697,22.724253975222464,33.62177403197695
2012-09-25,1101,26.060506127874948,23.739546703116243,29.385235705183227
2012-09-26,1101,23.488889685660734,21.770099862274034,25.82071579732168
