date,region_code,temp_mean,temp_min,temp_max,dewpoint_mean
2010-01-01,1101,25.963364,22.691814,30.917213,23.033228
2010-01-02,1101,26.536997,23.698483,30.422411,23.439482
2010-01-03,1101,25.247711,23.726154,27.536463,23.359243
2010-01-04,1101,25.538393,23.338476,29.43803,23.31146
2010-01-05,1101,26.29742,22.767447,30.983591,23.481874
2010-01-06,1101,26.488537,23.200726,30.585243,23.462881
2010-01-07,1101,26.498005,23.32954,30.939888,23.926367
2010-01-08,1101,26.39875,23.802807,29.955828,24.167202
2010-01-09,1101,25.808891,23.599255,28.86861,24.037163
2010-01-10,1101,24.274908,22.867508,26.28175,23.350748
2010-01-11,1101,24.506346,22.926428,27.381687,23.390642
2010-01-12,1101,25.499916,23.016748,29.836597,23.281885
2010-01-13,1101,25.564472,23.278162,28.985277,23.092184
2010-01-14,1101,25.221817,22.870626,28.551542,23.600384
2010-01-15,1101,24.957304,22.881927,28.342335,23.723164
2010-01-16,1101,25.398594,22.828861,29.339642,23.629131
2010-01-17,1101,25.565647,23.31764,29.29065,24.051838
2010-01-18,1101,25.748104,23.398926,29.471348,23.947107
2010-01-19,1101,26.777802,23.492733,31.938213,23.67557
2010-01-20,1101,27.21125,23.504162,31.515446,24.146997
2010-01-21,1101,25.48725,23.25477,28.438046,24.008419
2010-01-22,1101,25.586058,23.51367,28.38559,24.025259
2010-01-23,1101,24.435055,23.002333,26.516895,23.571405
2010-01-24,1101,24.828007,22.740042,28.647835,23.386509
2010-01-25,1101,25.437628,22.861534,29.817167,23.46063
2010-01-26,1101,25.044418,23.004242,28.166548,23.718433
2010-01-27,1101,25.581602,23.058834,29.911594,23.634602
2010-01-28,1101,25.003105,23.281889,27.392918,23.746836
2010-01-29,1101,25.938932,23.454111,29.859966,24.058693
2010-01-30,1101,25.775436,23.689152,29.414297,23.971592
2010-01-31,1101,26.028065,23.220451,30.13758,23.939976
2010-02-01,1101,26.473364,23.511177,30.431635,24.4342
2010-02-02,1101,26.402575,23.81117,31.046103,24.508953
2010-02-03,1101,26.57685,23.794138,30.271189,24.735146
2010-02-04,1101,26.654743,23.932209,30.700115,24.441334
2010-02-05,1101,25.88021,24.130108,28.577557,24.494919
2010-02-06,1101,26.206938,23.350822,30.587406,23.937
2010-02-07,1101,26.41287,23.726048,29.74442,24.32584
2010-02-08,1101,26.335451,23.860638,29.954746,24.308926
2010-02-09,1101,26.623825,24.097792,30.13617,24.23841
2010-02-10,1101,25.347158,23.878078,27.620003,23.916597
2010-02-11,1101,25.411345,23.287998,29.675129,23.511837
2010-02-12,1101,25.18277,23.230118,28.355715,23.575752
2010-02-13,1101,25.5517,23.511032,29.141613,23.858759
2010-02-14,1101,26.264044,23.799932,30.220816,24.196081
2010-02-15,1101,25.848835,23.66674,28.924437,24.213257
2010-02-16,1101,26.157942,23.47085,30.219786,23.516188
2010-02-17,1101,26.528728,23.932665,30.276743,24.46578
2010-02-18,1101,26.518867,23.733753,30.49746,24.258165
2010-02-19,1101,26.41292,23.968466,29.731218,24.5622
2010-02-20,1101,26.361145,23.66822,30.63724,24.21566
2010-02-21,1101,26.190046,23.9051,29.68231,24.33958
2010-02-22,1101,25.536749,23.49448,28.385191,24.210922
2010-02-23,1101,26.536379,23.175604,31.71889,23.743519
2010-02-24,1101,27.30979,23.677689,32.356026,24.405357
2010-02-25,1101,25.608934,24.17371,28.079103,24.20212
2010-02-26,1101,26.068779,23.017178,31.27259,23.398014
2010-02-27,1101,26.28007,23.90998,29.343697,24.136541
2010-02-28,1101,25.58037,23.366901,28.92609,24.251808
2010-03-01,1101,26.721128,23.713116,31.245676,24.156937
2010-03-02,1101,26.221447,23.406662,29.699589,24.393816
2010-03-03,1101,27.09889,24.384243,31.346222,24.842567
2010-03-04,1101,25.451561,23.980097,27.57522,24.349833
2010-03-05,1101,26.267967,23.742733,30.874727,24.103855
2010-03-06,1101,26.238602,23.644663,29.96125,24.436613
2010-03-07,1101,26.924593,24.175335,30.509207,24.815367
2010-03-08,1101,26.69925,24.34666,29.911123,24.728046
2010-03-09,1101,27.077587,24.096825,32.14094,24.554491
2010-03-10,1101,27.2134,24.446877,31.921474,24.906143
2010-03-11,1101,25.57136,24.237675,27.234531,24.541685
2010-03-12,1101,26.224407,23.532671,31.233934,23.686304
2010-03-13,1101,27.232328,23.450268,31.839678,24.011875
2010-03-14,1101,27.237837,24.414999,31.847315,24.788872
2010-03-15,1101,25.637268,23.586025,28.59712,24.261816
2010-03-16,1101,25.826897,23.470108,30.469269,24.076435
2010-03-17,1101,26.94018,23.620197,32.55163,24.118536
2010-03-18,1101,27.076572,24.078865,31.160679,24.635965
2010-03-19,1101,26.216827,24.094904,29.620192,24.33649
2010-03-20,1101,26.805342,23.689295,31.944218,24.23556
2010-03-21,1101,27.141735,23.367828,32.26572,24.002592
2010-03-22,1101,27.0199,24.124304,31.1472,23.838541
2010-03-23,1101,26.946146,24.094412,31.56379,24.185204
2010-03-24,1101,26.564487,24.104523,30.085873,24.452507
2010-03-25,1101,25.675844,23.499048,29.01342,24.239426
2010-03-26,1101,24.627504,23.52248,26.409916,24.003859
2010-03-27,1101,25.526121,23.00498,29.817896,23.79127
2010-03-28,1101,26.326006,23.556698,30.368914,24.381174
2010-03-29,1101,25.963448,23.492163,29.03448,24.335306
2010-03-30,1101,25.972713,23.634102,29.874102,24.505005
2010-03-31,1101,25.421747,23.728191,27.945843,24.304338
2010-04-01,1101,25.750753,23.282484,29.790207,23.811094
2010-04-02,1101,26.065662,23.856297,29.751423,24.339956
2010-04-03,1101,26.096056,23.261982,30.466717,23.674788
2010-04-04,1101,27.133526,23.553072,32.120453,24.383139
2010-04-05,1101,25.550207,23.745262,28.139147,23.90849
2010-04-06,1101,24.62801,22.672144,26.957428,21.465698
2010-04-07,1101,25.070503,22.304628,28.598824,20.640842
2010-04-08,1101,25.772924,22.413687,30.174864,21.13357
2010-04-09,1101,26.101055,22.15581,31.19375,20.338737
2010-04-10,1101,25.69858,21.123009,31.213367,19.545763
2010-04-11,1101,26.040627,21.441885,31.404337,20.747734
2010-04-12,1101,26.718607,21.62572,32.80559,22.123756
2010-04-13,1101,26.911694,22.475138,31.968546,23.09029
2010-04-14,1101,27.891552,23.488861,33.693676,23.712246
2010-04-15,1101,28.150095,23.159828,34.36927,22.981726
2010-04-16,1101,26.78487,23.10776,31.032888,22.98121
2010-04-17,1101,27.081081,23.305067,32.71586,24.039059
2010-04-18,1101,27.674286,23.745068,33.20795,24.422817
2010-04-19,1101,28.38713,24.641258,33.821674,24.660597
2010-04-20,1101,28.472012,24.669188,33.276382,24.856483
2010-04-21,1101,28.504074,24.584557,33.57875,24.793077
2010-04-22,1101,27.779884,24.484941,32.174206,24.094278
2010-04-23,1101,28.628447,24.292269,34.46762,24.470213
2010-04-24,1101,27.044542,24.471655,29.795385,24.503334
2010-04-25,1101,26.81274,23.52765,32.20137,24.027712
2010-04-26,1101,28.30331,24.259186,33.200512,24.787653
2010-04-27,1101,27.389393,24.058283,31.853216,24.512503
2010-04-28,1101,27.275612,24.020672,31.868504,24.76216
2010-04-29,1101,26.198467,23.35907,29.622223,24.04772
2010-04-30,1101,26.471016,23.469458,31.019062,23.54261
2010-05-01,1101,27.187767,23.707296,32.48505,23.317133
2010-05-02,1101,27.456667,23.60406,32.495293,23.858772
2010-05-03,1101,26.158918,24.243166,28.819256,24.43601
2010-05-04,1101,25.862305,22.647642,30.451406,23.622553
2010-05-05,1101,25.917912,22.446432,30.93256,23.636616
2010-05-06,1101,26.410772,23.184517,31.284473,23.910336
2010-05-07,1101,26.639126,23.41311,31.072748,24.239832
2010-05-08,1101,26.734735,23.288189,31.747267,24.296019
2010-05-09,1101,24.307148,22.409569,26.249002,21.016354
2010-05-10,1101,23.149368,19.863676,27.48755,16.778664
2010-05-11,1101,22.520882,19.012915,27.342257,13.336463
2010-05-12,1101,21.496994,16.72151,27.578987,12.618608
2010-05-13,1101,21.609869,16.222473,28.757975,14.128833
2010-05-14,1101,22.989048,17.22739,30.53751,17.141096
2010-05-15,1101,25.591845,20.498323,32.082924,20.312817
2010-05-16,1101,26.924702,22.442652,32.50625,22.968815
2010-05-17,1101,27.535767,23.034325,33.553864,23.630531
2010-05-18,1101,26.47346,23.370493,30.830183,23.363314
2010-05-19,1101,25.632421,22.458998,30.354033,22.117788
2010-05-20,1101,26.288696,22.916794,31.512877,22.986732
2010-05-21,1101,26.969048,23.035412,32.53347,22.992777
2010-05-22,1101,27.168402,23.37977,32.56129,23.420973
2010-05-23,1101,27.458973,23.508833,32.65249,24.085497
2010-05-24,1101,27.702263,23.98984,32.556183,24.227097
2010-05-25,1101,26.804173,23.949364,30.242615,24.225348
2010-05-26,1101,25.332558,23.485762,27.673758,23.970018
2010-05-27,1101,26.293255,23.743008,30.905523,24.163097
2010-05-28,1101,26.047567,23.680601,29.944443,23.461887
2010-05-29,1101,26.091244,22.682274,30.865986,23.379852
2010-05-30,1101,27.423227,23.66827,32.48429,24.207752
2010-05-31,1101,24.417225,22.350225,27.364151,22.528067
2010-06-01,1101,23.088926,20.33875,26.586447,17.583366
2010-06-02,1101,24.591911,21.154854,29.780313,19.44827
2010-06-03,1101,25.99516,22.151592,31.174152,22.390625
2010-06-04,1101,25.780407,22.380404,30.138536,23.441465
2010-06-05,1101,25.044674,22.871363,28.574713,23.082361
2010-06-06,1101,24.85138,21.123062,29.779263,20.70546
2010-06-07,1101,25.702164,21.332422,30.822044,22.507912
2010-06-08,1101,26.406965,22.19205,31.755943,22.291643
2010-06-09,1101,26.73991,22.073288,32.929817,21.523573
2010-06-10,1101,26.938547,21.877155,32.726845,21.767223
2010-06-11,1101,26.205986,21.510384,32.11659,20.513752
2010-06-12,1101,26.271217,21.53915,32.533253,21.311544
2010-06-13,1101,26.653069,21.04992,33.530785,21.516796
2010-06-14,1101,27.068968,21.850998,33.371826,21.581606
2010-06-15,1101,27.018066,22.039179,32.40142,21.720884
2010-06-16,1101,26.962334,22.17463,32.870815,21.854122
2010-06-17,1101,27.094212,21.838066,33.69903,20.84125
2010-06-18,1101,27.074438,22.174139,33.210945,20.959982
2010-06-19,1101,27.701492,23.184032,33.826878,22.331953
2010-06-20,1101,28.04568,23.47992,33.35097,22.543663
2010-06-21,1101,28.067305,23.666769,33.46123,22.859821
2010-06-22,1101,28.081219,23.540854,33.674973,22.887442
2010-06-23,1101,28.143261,22.834679,34.244312,22.013527
2010-06-24,1101,27.747858,22.670813,33.949806,21.6375
2010-06-25,1101,28.397984,23.03032,34.9263,20.245726
2010-06-26,1101,27.757961,22.276743,34.66251,19.430044
2010-06-27,1101,27.452368,22.289537,33.73984,19.945704
2010-06-28,1101,26.95523,21.842474,33.184826,17.308897
2010-06-29,1101,25.848295,21.106005,31.77302,15.760517
2010-06-30,1101,26.142918,20.972939,32.96335,16.688128
2010-07-01,1101,26.367308,20.623573,33.763916,16.025986
2010-07-02,1101,26.028673,19.889513,33.801647,17.632227
2010-07-03,1101,26.862957,21.12795,33.511154,18.91874
2010-07-04,1101,27.516752,21.291805,34.504013,19.604258
2010-07-05,1101,27.915958,22.309532,34.482788,20.301857
2010-07-06,1101,27.73157,23.304491,33.420956,20.775242
2010-07-07,1101,27.516699,22.455698,33.694637,21.082718
2010-07-08,1101,28.233566,23.26532,34.50668,20.64533
2010-07-09,1101,27.40142,22.867954,32.982796,20.262499
2010-07-10,1101,28.111671,22.954863,35.002113,19.332027
2010-07-11,1101,27.515394,22.878431,33.309,19.722359
2010-07-12,1101,27.716377,23.857952,33.048725,21.649006
2010-07-13,1101,26.502695,23.391848,31.147947,22.313745
2010-07-14,1101,23.885704,20.683325,27.895641,19.517836
2010-07-15,1101,21.086582,18.367334,24.289385,16.018188
2010-07-16,1101,19.987019,17.821945,22.661182,13.9561825
2010-07-17,1101,17.322802,14.29699,20.164415,10.638896
2010-07-18,1101,17.72931,13.785526,23.807226,11.249694
2010-07-19,1101,20.071386,14.807657,27.938341,14.004918
2010-07-20,1101,23.17664,17.46433,31.006327,17.121584
2010-07-21,1101,25.48682,19.776056,32.43309,18.936666
2010-07-22,1101,26.212606,21.413939,32.06807,20.12812
2010-07-23,1101,26.74783,21.606878,33.093082,20.145006
2010-07-24,1101,27.754938,22.175762,34.84263,19.42009
2010-07-25,1101,27.814426,22.43427,34.321365,20.224922
2010-07-26,1101,27.566248,21.784315,34.506874,16.862371
2010-07-27,1101,25.789349,19.482468,33.69229,13.480645
2010-07-28,1101,26.2603,19.067448,34.876385,15.722914
2010-07-29,1101,27.501968,21.045845,35.784534,16.994667
2010-07-30,1101,27.523262,20.618244,35.48117,17.367138
2010-07-31,1101,28.202463,22.07965,35.516384,18.470263
2010-08-01,1101,28.715536,22.446585,36.191452,19.389305
2010-08-02,1101,28.256926,22.438267,35.545555,16.934166
2010-08-03,1101,27.38881,21.55919,34.088615,14.302014
2010-08-04,1101,25.296988,20.298567,30.338154,12.278318
2010-08-05,1101,23.067644,18.055342,28.042572,9.388155
2010-08-06,1101,23.658997,18.018852,30.98677,10.7956
2010-08-07,1101,24.886404,17.816593,34.32711,13.923986
2010-08-08,1101,26.075434,19.190243,34.711563,16.202883
2010-08-09,1101,27.546028,21.644651,35.815903,16.188791
2010-08-10,1101,27.923937,21.74115,36.08244,14.981296
2010-08-11,1101,27.788502,20.981976,36.759785,14.837048
2010-08-12,1101,27.745289,20.842224,36.143417,15.9190855
2010-08-13,1101,28.100317,21.058153,36.13661,16.160614
2010-08-14,1101,26.810316,21.17819,33.438034,13.285199
2010-08-15,1101,25.474588,19.79584,32.173496,12.74769
2010-08-16,1101,25.155878,18.404839,34.039555,13.812034
2010-08-17,1101,25.820745,18.971386,35.069878,14.656063
2010-08-18,1101,26.457258,18.663925,35.881886,14.706352
2010-08-19,1101,26.64129,19.41099,35.93942,16.506927
2010-08-20,1101,27.695168,21.326723,36.268475,15.755055
2010-08-21,1101,27.18176,20.938198,35.231804,15.490235
2010-08-22,1101,27.162136,19.874676,35.86342,16.768862
2010-08-23,1101,27.945206,21.677525,35.584988,19.003927
2010-08-24,1101,28.971478,23.223589,35.9169,20.137077
2010-08-25,1101,29.03052,22.744362,36.76219,19.74562
2010-08-26,1101,29.229507,22.544762,36.92133,18.925722
2010-08-27,1101,28.891563,23.23718,36.24789,19.951414
2010-08-28,1101,28.747099,24.354414,34.38357,22.360277
2010-08-29,1101,27.588787,23.634375,33.10722,23.324667
2010-08-30,1101,27.290762,23.67685,33.3674,23.45395
2010-08-31,1101,26.086927,22.728846,31.784575,23.326986
2010-09-01,1101,26.908968,23.286106,32.555046,23.284462
2010-09-02,1101,27.430574,23.47004,33.58526,23.508286
2010-09-03,1101,26.842651,23.608082,31.961826,23.704933
2010-09-04,1101,26.926092,22.927214,32.903366,23.477802
2010-09-05,1101,25.416946,21.711472,29.906599,20.9186
2010-09-06,1101,25.634485,20.640036,32.88573,17.241528
2010-09-07,1101,26.785843,21.147747,34.55438,17.55088
2010-09-08,1101,27.532639,21.973843,35.16888,17.713442
2010-09-09,1101,27.694138,22.088078,35.33442,18.501566
2010-09-10,1101,27.987972,22.405989,34.840927,20.727821
2010-09-11,1101,28.083836,24.078978,34.47758,22.665318
2010-09-12,1101,27.353666,23.125546,33.708874,23.196869
2010-09-13,1101,28.542973,23.844744,35.5934,22.942322
2010-09-14,1101,28.363928,24.311111,34.22281,22.66446
2010-09-15,1101,27.061123,23.471655,32.50875,22.344534
2010-09-16,1101,27.615738,23.03633,34.491425,22.226738
2010-09-17,1101,28.509464,23.744734,35.0812,22.478367
2010-09-18,1101,27.870472,23.660395,33.78146,22.522852
2010-09-19,1101,28.26821,23.719158,34.23464,22.715023
2010-09-20,1101,27.747988,23.643938,33.41536,23.092407
2010-09-21,1101,27.871653,23.940935,33.113853,23.347725
2010-09-22,1101,27.95508,23.628885,33.569275,22.916395
2010-09-23,1101,28.731384,23.720688,35.16327,22.704058
2010-09-24,1101,29.295792,24.479403,35.168015,22.881807
2010-09-25,1101,28.464323,24.128191,33.938015,23.61844
2010-09-26,1101,28.062075,23.73062,33.472248,23.765005
2010-09-27,1101,28.850595,23.588987,35.597614,22.82115
2010-09-28,1101,30.175415,25.197582,36.17792,22.441967
2010-09-29,1101,30.68098,25.625261,37.14821,22.573168
2010-09-30,1101,30.98187,25.861668,37.0987,22.066645
2010-10-01,1101,28.160461,24.445042,33.211903,23.082657
2010-10-02,1101,26.800844,23.05284,31.867107,23.403084
2010-10-03,1101,23.226885,20.675,26.147928,20.705433
2010-10-04,1101,24.783415,19.765636,32.65383,19.600033
2010-10-05,1101,27.44142,22.770172,33.929874,22.370956
2010-10-06,1101,27.177763,23.477863,32.74961,23.133617
2010-10-07,1101,28.354996,23.412773,34.685837,22.880035
2010-10-08,1101,28.594027,23.726915,34.514133,22.608664
2010-10-09,1101,28.230064,23.725471,34.82352,22.036566
2010-10-10,1101,27.049524,23.221718,32.966217,23.198671
2010-10-11,1101,27.203539,23.696388,32.228046,22.712416
2010-10-12,1101,27.687458,23.668024,33.90541,22.881233
2010-10-13,1101,28.099012,24.302265,33.84182,23.302359
2010-10-14,1101,28.36282,24.213295,34.906334,23.27709
2010-10-15,1101,28.062826,24.2627,33.36186,23.741028
2010-10-16,1101,27.998049,23.849535,34.179394,23.10345
2010-10-17,1101,26.780497,23.458618,31.224655,23.314957
2010-10-18,1101,26.510899,23.812643,30.99736,23.75462
2010-10-19,1101,25.615332,22.659307,30.613796,22.826405
2010-10-20,1101,26.84586,23.491556,32.66089,23.102278
2010-10-21,1101,27.652847,23.702223,33.99101,23.3291
2010-10-22,1101,27.53132,24.353456,32.66298,23.806368
2010-10-23,1101,25.55963,23.592583,28.776201,23.508831
2010-10-24,1101,25.546618,23.108992,29.92717,23.242832
2010-10-25,1101,26.320864,23.320326,31.709635,22.963009
2010-10-26,1101,25.139578,22.893206,28.700762,23.397417
2010-10-27,1101,25.374157,22.90098,29.122644,23.396904
2010-10-28,1101,25.937609,22.898247,30.268183,23.61252
2010-10-29,1101,26.666279,23.257936,31.743923,23.53325
2010-10-30,1101,26.337708,23.557838,30.846275,23.776392
2010-10-31,1101,26.100277,22.596527,31.629543,23.355303
2010-11-01,1101,25.714077,23.579245,28.130775,22.87343
2010-11-02,1101,25.703865,22.77151,29.907423,22.793518
2010-11-03,1101,27.203323,22.632343,32.298836,23.3237
2010-11-04,1101,26.782509,24.170227,30.093292,24.014246
2010-11-05,1101,26.743515,23.556429,31.924261,24.120106
2010-11-06,1101,26.006641,24.115015,29.65893,24.237213
2010-11-07,1101,25.941235,22.565891,31.117098,23.27947
2010-11-08,1101,26.469284,23.242079,30.748878,23.484528
2010-11-09,1101,26.503433,23.372908,30.507446,23.724016
2010-11-10,1101,25.458994,23.18046,29.091629,23.057615
2010-11-11,1101,24.477625,21.972387,28.39711,21.546412
2010-11-12,1101,24.960674,22.195623,28.589188,22.476873
2010-11-13,1101,25.13226,22.692585,28.813082,23.529886
2010-11-14,1101,26.499163,22.649818,32.102364,23.253733
2010-11-15,1101,26.118698,22.999243,29.648026,23.759146
2010-11-16,1101,25.291182,22.901821,29.1967,23.462776
2010-11-17,1101,24.635818,22.583857,28.315931,23.181126
2010-11-18,1101,25.681503,22.41261,30.772266,23.435343
2010-11-19,1101,26.536499,22.978289,32.13255,23.689125
2010-11-20,1101,26.174255,23.175913,30.492353,23.530527
2010-11-21,1101,25.714838,22.774958,30.398222,23.473192
2010-11-22,1101,25.695879,23.382914,29.495245,24.077652
2010-11-23,1101,26.070637,23.34813,30.443542,23.70384
2010-11-24,1101,26.390978,23.32963,30.954056,23.674675
2010-11-25,1101,24.468792,22.71101,26.877476,23.229626
2010-11-26,1101,25.474552,22.982094,29.254732,23.84687
2010-11-27,1101,26.467897,23.096401,31.131966,23.625551
2010-11-28,1101,26.449667,23.49725,31.408754,23.96532
2010-11-29,1101,26.646364,23.616747,31.649118,24.198374
2010-11-30,1101,26.079638,23.473053,30.009558,23.847212
2010-12-01,1101,26.083645,23.711084,29.488163,24.287434
2010-12-02,1101,25.692806,23.580395,29.071863,23.766409
2010-12-03,1101,25.98596,23.423414,30.780766,23.843868
2010-12-04,1101,25.822151,22.631506,29.946901,23.204895
2010-12-05,1101,27.288084,22.9909,33.04773,23.943453
2010-12-06,1101,27.43314,23.568697,32.203205,24.086128
2010-12-07,1101,27.27592,23.793232,32.84183,24.037111
2010-12-08,1101,27.32582,23.269897,33.2911,23.719841
2010-12-09,1101,27.328993,23.971315,32.09127,24.304426
2010-12-10,1101,26.979216,24.08681,31.03411,24.341944
2010-12-11,1101,26.7392,23.638285,31.458294,23.79325
2010-12-12,1101,27.631216,23.567072,33.648205,24.041859
2010-12-13,1101,26.538477,23.515413,30.70012,24.130451
2010-12-14,1101,22.768002,20.620766,25.406744,21.11642
2010-12-15,1101,24.799145,21.193813,30.471079,20.729324
2010-12-16,1101,25.905247,22.929977,29.943602,22.775017
2010-12-17,1101,25.06712,22.733852,28.187778,23.368546
2010-12-18,1101,25.662245,22.885082,29.860209,23.338417
2010-12-19,1101,25.004278,22.812124,28.285376,23.157982
2010-12-20,1101,24.43029,22.55665,28.012224,22.731007
2010-12-21,1101,24.690477,22.632074,27.539549,22.699179
2010-12-22,1101,24.867735,22.616142,28.631323,23.301088
2010-12-23,1101,24.973024,22.192383,29.164501,22.746588
2010-12-24,1101,25.938107,22.114002,31.68495,22.625805
2010-12-25,1101,26.90804,23.189438,32.048573,23.691288
2010-12-26,1101,26.67353,23.107527,31.89864,23.700064
2010-12-27,1101,25.72827,23.165167,30.070816,23.328268
2010-12-28,1101,25.746695,22.857536,29.98874,23.2756
2010-12-29,1101,26.49612,23.385086,31.095352,23.414742
2010-12-30,1101,25.166904,23.449915,27.600292,23.60297
2010-12-31,1101,24.932587,22.501362,29.144024,22.637396
2011-01-01,1101,25.426718,22.855452,29.84866,23.158632
2011-01-02,1101,24.761202,22.808638,27.652107,23.13016
2011-01-03,1101,24.980955,22.67548,29.760878,23.092684
2011-01-04,1101,25.700006,23.151731,29.640858,23.450716
2011-01-05,1101,24.860928,22.888004,27.772223,23.230913
2011-01-06,1101,24.918768,22.860725,27.753609,23.363853
2011-01-07,1101,24.003698,22.51299,26.290758,23.028696
2011-01-08,1101,25.51733,22.11332,30.716782,22.908337
2011-01-09,1101,26.570164,22.660831,32.342377,23.2009
2011-01-10,1101,26.620249,23.336575,31.225407,23.827772
2011-01-11,1101,26.322422,23.160582,30.595457,23.55525
2011-01-12,1101,25.769695,23.580492,28.650742,23.370872
2011-01-13,1101,25.658583,23.147358,29.360825,23.448868
2011-01-14,1101,25.541391,23.170353,29.173775,23.913662
2011-01-15,1101,25.465189,23.158173,28.985538,23.63585
2011-01-16,1101,25.608582,23.174099,29.760555,23.583908
2011-01-17,1101,25.679852,23.469212,28.529978,23.656662
2011-01-18,1101,24.90628,23.000048,27.754988,23.33814
2011-01-19,1101,25.52772,22.856539,29.891188,23.28917
2011-01-20,1101,25.176369,23.205896,27.816338,23.28547
2011-01-21,1101,24.281073,22.962559,26.586002,23.081753
2011-01-22,1101,23.83674,22.613796,25.876867,22.999378
2011-01-23,1101,24.174965,22.080933,27.751366,22.544699
2011-01-24,1101,24.654024,22.376686,29.129053,22.72178
2011-01-25,1101,25.178537,22.175583,29.954325,22.63998
2011-01-26,1101,24.997868,22.650389,28.59871,22.849642
2011-01-27,1101,24.465412,22.32344,27.636532,22.95403
2011-01-28,1101,23.734125,22.258852,25.706575,22.815079
2011-01-29,1101,24.654076,22.559036,28.47127,23.20463
2011-01-30,1101,24.510792,22.287306,28.204105,22.937294
2011-01-31,1101,24.59928,22.259657,28.577358,22.648485
2011-02-01,1101,26.092827,22.475601,32.23232,22.99445
2011-02-02,1101,25.604658,23.152195,28.856813,23.267328
2011-02-03,1101,25.887383,22.298164,31.673748,22.60263
2011-02-04,1101,26.553932,23.54044,30.706139,23.422033
2011-02-05,1101,25.308907,22.865807,29.036665,23.41612
2011-02-06,1101,24.617132,22.490427,27.969578,22.973291
2011-02-07,1101,24.751966,22.777164,27.91983,23.29328
2011-02-08,1101,24.319223,22.483572,27.093203,22.977884
2011-02-09,1101,24.189547,22.268475,27.334616,22.819036
2011-02-10,1101,24.811962,22.566065,28.937284,22.955418
2011-02-11,1101,25.318773,22.8833,29.450645,23.17245
2011-02-12,1101,25.969444,23.09698,30.851477,23.76481
2011-02-13,1101,24.66116,22.68929,27.278603,23.32327
2011-02-14,1101,24.762104,22.459118,28.507874,22.75635
2011-02-15,1101,24.755844,22.351002,28.5549,22.79016
2011-02-16,1101,25.40119,22.988846,29.056538,23.107672
2011-02-17,1101,25.087944,22.876835,28.984047,23.43
2011-02-18,1101,24.111074,22.50154,26.764158,23.086473
2011-02-19,1101,25.164127,22.491865,29.915506,22.975447
2011-02-20,1101,24.717392,22.71262,27.539078,22.692245
2011-02-21,1101,24.764442,22.374104,28.891726,23.2322
2011-02-22,1101,25.622305,23.028,29.227299,23.01786
2011-02-23,1101,24.992193,22.436762,29.51101,23.135353
2011-02-24,1101,25.662226,22.795187,30.712275,23.21833
2011-02-25,1101,25.670189,22.898472,30.274038,23.511812
2011-02-26,1101,24.018507,22.479374,25.972908,23.160364
2011-02-27,1101,23.984009,22.633377,26.601242,23.08829
2011-02-28,1101,24.513683,21.986948,28.782192,22.824131
2011-03-01,1101,25.173162,22.660719,28.458246,22.848545
2011-03-02,1101,26.028677,22.56615,31.28119,22.94613
2011-03-03,1101,26.783422,22.850792,31.838911,23.169792
2011-03-04,1101,25.66237,23.065508,28.460455,23.499672
2011-03-05,1101,24.279747,22.207685,26.97468,22.896929
2011-03-06,1101,24.475256,22.39919,27.905933,22.913557
2011-03-07,1101,24.919123,22.98299,27.989311,23.30257
2011-03-08,1101,25.441368,22.994598,29.376122,23.58899
2011-03-09,1101,25.526464,23.183933,29.003105,23.687853
2011-03-10,1101,24.909159,23.288795,27.742897,23.549896
2011-03-11,1101,25.286871,23.062029,29.195078,23.1047
2011-03-12,1101,24.819925,23.06071,27.439577,23.16543
2011-03-13,1101,25.546516,22.662596,30.832533,23.145613
2011-03-14,1101,24.95966,22.312984,28.38336,23.346071
2011-03-15,1101,24.786207,22.752022,28.119583,23.348734
2011-03-16,1101,26.005352,22.544756,31.321537,23.270794
2011-03-17,1101,26.304304,23.293379,30.832266,23.91215
2011-03-18,1101,26.127253,23.58478,29.229866,23.993889
2011-03-19,1101,25.290442,23.27086,28.26084,23.830685
2011-03-20,1101,26.097721,23.13261,30.830473,23.78508
2011-03-21,1101,26.574232,23.266474,30.861166,24.074236
2011-03-22,1101,25.668173,23.187437,29.070562,23.858946
2011-03-23,1101,26.27431,23.428312,30.739948,23.984844
2011-03-24,1101,26.848026,24.005243,31.749485,23.874338
2011-03-25,1101,25.575909,23.174051,28.465454,24.130672
2011-03-26,1101,26.42826,23.778967,30.97544,24.116373
2011-03-27,1101,25.794235,23.549454,29.193521,24.055813
2011-03-28,1101,26.12201,23.642284,30.000877,23.988651
2011-03-29,1101,26.086592,23.459684,29.813059,24.284472
2011-03-30,1101,25.207354,22.87698,28.318058,23.981544
2011-03-31,1101,25.179977,23.45842,28.26857,23.822216
2011-04-01,1101,25.33461,23.282383,28.681683,23.905169
2011-04-02,1101,25.97026,23.63711,29.855692,24.023512
2011-04-03,1101,25.481796,23.469725,28.075851,24.231508
2011-04-04,1101,25.940365,23.64938,29.799109,24.059269
2011-04-05,1101,25.20284,23.383713,27.635036,23.984148
2011-04-06,1101,25.023314,23.118528,27.820148,23.932426
2011-04-07,1101,25.731531,23.30633,29.17989,23.7702
2011-04-08,1101,25.430193,23.409864,28.305408,24.110365
2011-04-09,1101,24.334753,22.821,26.546211,23.227957
2011-04-10,1101,25.231544,22.535995,29.50041,22.914118
2011-04-11,1101,26.031548,23.2719,30.37095,23.81132
2011-04-12,1101,25.672985,22.869398,29.793707,23.764332
2011-04-13,1101,26.339287,22.962585,31.293056,23.784082
2011-04-14,1101,25.769695,23.48531,29.612082,24.101353
2011-04-15,1101,25.821527,23.398796,29.821161,23.737852
2011-04-16,1101,26.84153,23.35095,31.976088,23.959621
2011-04-17,1101,26.701784,23.291603,31.795898,23.731457
2011-04-18,1101,26.309124,23.251934,30.515545,23.808958
2011-04-19,1101,26.66119,22.758562,31.836432,23.88324
2011-04-20,1101,26.53117,23.075426,30.7343,23.817032
2011-04-21,1101,26.359976,23.135426,30.755114,23.99315
2011-04-22,1101,26.041397,23.732574,29.197506,24.076021
2011-04-23,1101,26.261574,23.258364,31.329988,23.862514
2011-04-24,1101,26.506369,23.164948,30.868801,24.308105
2011-04-25,1101,25.867847,23.41212,29.613087,24.247091
2011-04-26,1101,25.363005,22.951792,28.453966,23.723053
2011-04-27,1101,25.689474,23.025967,29.310675,24.087234
2011-04-28,1101,26.51314,23.215672,31.384476,24.049511
2011-04-29,1101,26.962772,23.330332,31.397266,24.143238
2011-04-30,1101,26.96046,23.550133,31.345123,24.39296
2011-05-01,1101,26.179445,23.432768,30.304218,24.208899
2011-05-02,1101,23.84186,21.155512,26.605148,20.253477
2011-05-03,1101,23.815617,20.802465,27.880165,18.396303
2011-05-04,1101,24.594633,20.876451,29.097765,19.697138
2011-05-05,1101,25.571686,21.285473,30.547026,21.314907
2011-05-06,1101,25.350306,21.889896,29.180069,22.901468
2011-05-07,1101,26.601444,23.54535,31.246407,24.065853
2011-05-08,1101,26.981535,23.261868,31.844841,24.356346
2011-05-09,1101,27.565374,24.059855,32.516705,24.546162
2011-05-10,1101,26.758226,23.297258,31.192436,23.974915
2011-05-11,1101,26.443607,23.234024,30.933357,23.887976
2011-05-12,1101,26.353617,23.614758,30.101336,24.335505
2011-05-13,1101,26.182716,23.806702,30.44706,24.172955
2011-05-14,1101,26.809103,23.45525,31.896269,23.854567
2011-05-15,1101,26.698833,22.81778,31.435532,23.260147
2011-05-16,1101,25.912928,22.84954,29.683218,21.69631
2011-05-17,1101,25.376318,21.765673,30.01529,20.67979
2011-05-18,1101,25.731693,22.390295,30.064148,22.145351
2011-05-19,1101,26.012491,23.125637,30.102207,22.559408
2011-05-20,1101,25.624521,22.398249,29.772621,23.15492
2011-05-21,1101,25.719816,23.226446,29.513597,23.8101
2011-05-22,1101,25.752573,23.066881,29.38585,23.897436
2011-05-23,1101,25.661804,23.335148,29.65095,23.557756
2011-05-24,1101,26.266685,22.498955,31.329012,23.206776
2011-05-25,1101,26.709324,22.416317,32.211823,22.278692
2011-05-26,1101,26.834114,22.090788,32.698742,21.686539
2011-05-27,1101,25.460312,22.185873,29.17475,20.999826
2011-05-28,1101,25.41343,21.77521,30.075861,20.799967
2011-05-29,1101,25.94823,22.22053,31.01327,21.093376
2011-05-30,1101,26.422724,22.086836,32.256046,20.791388
2011-05-31,1101,26.470343,20.701,33.09582,20.39528
2011-06-01,1101,26.770987,22.12611,32.99559,20.428764
2011-06-02,1101,26.46159,20.885937,33.343582,20.22682
2011-06-03,1101,27.223707,21.924494,33.709747,21.182903
2011-06-04,1101,27.384224,22.340973,33.232826,20.79497
2011-06-05,1101,26.896006,22.078451,33.13799,20.23559
2011-06-06,1101,27.159115,22.039982,33.533417,20.936787
2011-06-07,1101,27.416706,22.84579,33.53822,21.63805
2011-06-08,1101,28.11158,23.604422,33.9149,23.374983
2011-06-09,1101,27.71396,23.717299,33.58896,23.26758
2011-06-10,1101,26.455576,23.501936,31.026932,23.565027
2011-06-11,1101,25.81855,22.16237,31.388786,22.625961
2011-06-12,1101,26.93859,22.553799,32.701225,22.473549
2011-06-13,1101,27.548378,22.10432,33.31987,21.216251
2011-06-14,1101,27.712568,22.66621,34.101406,20.847153
2011-06-15,1101,27.665182,22.7132,33.79326,20.935715
2011-06-16,1101,27.552227,22.576159,33.380535,21.30424
2011-06-17,1101,27.682854,22.793726,33.541126,21.62641
2011-06-18,1101,27.668016,22.953138,33.112976,21.227745
2011-06-19,1101,27.694984,22.77197,33.899574,21.398064
2011-06-20,1101,27.81551,22.824606,33.714413,21.24074
2011-06-21,1101,28.250784,23.354494,34.59519,21.976286
2011-06-22,1101,28.414345,23.470703,34.478344,21.886526
2011-06-23,1101,28.836308,23.495388,35.47609,20.722324
2011-06-24,1101,28.394907,22.543774,34.920956,18.787115
2011-06-25,1101,27.836786,22.54443,34.549175,18.340267
2011-06-26,1101,26.22282,22.34259,30.867704,17.647768
2011-06-27,1101,23.713789,19.072979,27.683092,13.6505165
2011-06-28,1101,23.706232,19.52406,29.307821,14.235413
2011-06-29,1101,24.888323,20.645067,31.070436,17.114855
2011-06-30,1101,26.286793,21.5053,32.706947,19.435324
2011-07-01,1101,27.412678,22.507076,33.508,20.5758
2011-07-02,1101,27.544674,22.786234,33.764244,19.384405
2011-07-03,1101,26.793083,22.291977,32.520092,18.105272
2011-07-04,1101,24.62164,19.746593,28.68303,14.468127
2011-07-05,1101,24.136292,18.356813,31.96737,14.301111
2011-07-06,1101,25.637722,19.712852,33.376904,16.025574
2011-07-07,1101,26.121706,20.720835,33.28065,16.736586
2011-07-08,1101,27.148817,22.227892,33.47577,17.855299
2011-07-09,1101,27.98921,22.863108,34.85943,18.554243
2011-07-10,1101,28.079132,23.162888,33.865685,20.053854
2011-07-11,1101,27.702848,23.793564,32.89014,21.830732
2011-07-12,1101,27.580097,23.163624,33.28712,22.249565
2011-07-13,1101,27.794037,23.512697,34.178276,21.974667
2011-07-14,1101,27.61304,22.719633,33.580055,21.681158
2011-07-15,1101,28.165785,23.223206,34.37603,20.484495
2011-07-16,1101,28.5315,23.863848,34.20413,20.231266
2011-07-17,1101,28.660574,23.68553,34.504147,20.34733
2011-07-18,1101,28.329905,23.743061,34.096542,20.808065
2011-07-19,1101,28.112228,23.297375,34.505054,21.588129
2011-07-20,1101,28.393372,23.868729,34.50397,21.381643
2011-07-21,1101,28.7371,23.375032,35.648598,20.930498
2011-07-22,1101,28.002058,24.013388,33.65013,19.897087
2011-07-23,1101,27.54644,22.499836,34.342262,17.152998
2011-07-24,1101,28.217918,22.614624,35.095047,16.301971
2011-07-25,1101,28.202364,21.320835,35.95339,15.117696
2011-07-26,1101,27.904493,21.70852,35.88017,16.087215
2011-07-27,1101,29.05273,22.76505,36.651245,16.043179
2011-07-28,1101,28.515368,22.203241,35.789536,16.570198
2011-07-29,1101,28.72807,23.235455,35.560135,18.10085
2011-07-30,1101,29.070751,23.737114,35.275166,19.489914
2011-07-31,1101,29.793247,24.086515,36.73833,19.935078
2011-08-01,1101,29.646416,24.348198,35.721302,18.799852
2011-08-02,1101,27.897644,23.072409,33.168144,18.22247
2011-08-03,1101,26.987707,22.330141,33.237507,18.096722
2011-08-04,1101,25.510887,20.704866,30.504326,14.820719
2011-08-05,1101,26.011244,19.772938,34.634796,14.22001
2011-08-06,1101,28.427412,22.172522,35.776695,18.217327
2011-08-07,1101,29.028316,24.165684,34.74319,20.269482
2011-08-08,1101,29.275553,23.608866,36.345543,20.232283
2011-08-09,1101,29.692707,22.986464,37.876095,18.182568
2011-08-10,1101,29.491934,22.776682,37.555977,15.342537
2011-08-11,1101,29.64936,22.895697,37.960392,14.562713
2011-08-12,1101,30.154621,23.660244,37.815434,15.021374
2011-08-13,1101,29.901056,23.151148,37.738304,16.004496
2011-08-14,1101,29.682144,24.2606,36.474728,19.043488
2011-08-15,1101,29.103085,24.35477,35.746742,20.23275
2011-08-16,1101,28.783207,24.087118,35.681572,20.99412
2011-08-17,1101,28.50695,23.551685,35.45236,21.91813
2011-08-18,1101,28.305737,24.124393,34.30621,21.901749
2011-08-19,1101,28.997755,24.452742,35.75109,21.876791
2011-08-20,1101,26.389013,23.898611,30.474892,21.881554
2011-08-21,1101,22.07672,18.218044,26.058817,13.001098
2011-08-22,1101,22.47974,17.997162,28.96641,10.733562
2011-08-23,1101,23.698135,18.429472,30.920828,12.423516
2011-08-24,1101,25.651674,19.618093,34.276943,13.875178
2011-08-25,1101,27.237898,20.838863,35.25742,16.920958
2011-08-26,1101,28.694939,22.812946,36.037086,18.403437
2011-08-27,1101,28.801638,23.572866,36.235905,19.559763
2011-08-28,1101,28.662245,24.63696,33.80675,21.500065
2011-08-29,1101,28.966253,24.068542,36.12212,22.020628
2011-08-30,1101,29.601324,24.855473,36.155117,21.915855
2011-08-31,1101,28.052265,24.883192,32.084763,22.304564
2011-09-01,1101,27.508734,23.016998,34.329384,19.02036
2011-09-02,1101,29.126892,23.487036,36.248466,17.937864
2011-09-03,1101,28.31053,23.987587,35.164364,20.001062
2011-09-04,1101,28.436308,24.369087,33.9476,22.009209
2011-09-05,1101,28.59174,23.775007,35.562996,21.703316
2011-09-06,1101,28.450304,23.926136,35.551243,22.552998
2011-09-07,1101,27.559849,23.978537,32.394825,23.104347
2011-09-08,1101,27.992382,24.158884,34.056133,22.74426
2011-09-09,1101,28.387623,24.152151,34.888187,22.121727
2011-09-10,1101,28.553202,23.882868,36.04403,21.523798
2011-09-11,1101,28.50883,25.237879,33.11115,22.111294
2011-09-12,1101,27.17583,23.571249,32.794502,22.447338
2011-09-13,1101,27.259716,23.814228,32.366085,23.120386
2011-09-14,1101,27.300251,23.570984,32.70866,23.540651
2011-09-15,1101,27.62027,23.293537,34.632305,23.236834
2011-09-16,1101,27.346601,23.612425,32.483448,23.553877
2011-09-17,1101,28.174358,24.1528,34.275234,23.661667
2011-09-18,1101,26.851088,23.905268,30.952497,23.045027
2011-09-19,1101,27.389456,23.495584,33.919296,21.890575
2011-09-20,1101,28.612743,24.017439,35.57864,22.557953
2011-09-21,1101,28.6083,25.020748,34.39885,21.705954
2011-09-22,1101,27.696863,24.213243,32.45866,23.035292
2011-09-23,1101,27.972853,23.923218,34.39767,23.158113
2011-09-24,1101,26.244625,23.060371,30.021322,22.872042
2011-09-25,1101,27.81237,23.948689,34.308483,21.938803
2011-09-26,1101,28.793678,24.328785,35.200573,23.427065
2011-09-27,1101,25.749353,23.499441,28.982204,23.594656
2011-09-28,1101,26.110886,22.851957,31.567823,22.785082
2011-09-29,1101,27.77684,23.270344,34.06937,22.908646
2011-09-30,1101,27.908096,24.158264,33.734047,23.382341
2011-10-01,1101,27.33295,23.868683,32.719307,23.495232
2011-10-02,1101,26.724386,23.630049,31.177208,23.72495
2011-10-03,1101,26.45721,22.62323,32.806725,22.819855
2011-10-04,1101,27.842344,23.54455,33.5976,22.896454
2011-10-05,1101,28.037275,24.078106,33.206455,23.68006
2011-10-06,1101,26.790236,23.634901,32.51228,23.540989
2011-10-07,1101,27.075863,23.455835,31.997091,23.914404
2011-10-08,1101,27.767159,23.843441,33.28392,23.981133
2011-10-09,1101,27.663946,24.042358,32.213905,24.430906
2011-10-10,1101,27.648584,24.269772,31.8697,24.597698
2011-10-11,1101,27.44206,24.507343,31.464907,25.012571
2011-10-12,1101,27.316986,23.978811,32.596046,24.369379
2011-10-13,1101,26.989752,24.55298,31.22571,24.347038
2011-10-14,1101,25.780647,23.988329,28.304155,23.815737
2011-10-15,1101,27.182894,23.768438,32.77007,23.989347
2011-10-16,1101,26.882683,23.625044,31.412037,23.872519
2011-10-17,1101,24.486181,22.959282,27.138954,23.303871
2011-10-18,1101,24.828634,22.99805,28.141071,23.370108
2011-10-19,1101,24.85207,22.827784,27.750315,23.708046
2011-10-20,1101,25.335009,22.93391,29.07258,23.625212
2011-10-21,1101,27.006989,22.83713,33.88429,22.938623
2011-10-22,1101,26.755474,23.358578,31.458485,23.058441
2011-10-23,1101,26.194834,22.771843,31.50676,23.293514
2011-10-24,1101,26.698435,22.683422,31.298735,23.165113
2011-10-25,1101,27.192724,23.225973,33.19512,23.529947
2011-10-26,1101,26.346537,23.812021,30.346165,23.904036
2011-10-27,1101,26.292158,22.962526,31.860964,23.672235
2011-10-28,1101,27.333546,23.780897,32.520947,24.28535
2011-10-29,1101,27.749962,23.605515,33.62732,23.914616
2011-10-30,1101,28.223164,23.71563,34.06288,23.345543
2011-10-31,1101,25.537039,23.416473,28.41315,23.164816
2011-11-01,1101,25.931778,22.237917,31.649708,22.04195
2011-11-02,1101,27.414474,22.997326,32.711243,23.344543
2011-11-03,1101,25.876362,23.629448,28.680614,23.735016
2011-11-04,1101,26.535627,23.02746,32.392303,23.244043
2011-11-05,1101,27.543358,24.101603,32.614693,24.061947
2011-11-06,1101,25.545324,23.530298,28.759266,24.05297
2011-11-07,1101,26.032558,23.284147,30.375372,23.840883
2011-11-08,1101,26.930079,23.503384,31.02683,24.03453
2011-11-09,1101,27.65053,23.653706,32.970264,24.139801
2011-11-10,1101,27.963318,24.14392,32.68859,24.317774
2011-11-11,1101,25.61659,23.848541,27.99855,23.820751
2011-11-12,1101,25.471354,22.725983,29.57512,23.708899
2011-11-13,1101,26.514477,23.21988,31.07415,23.217295
2011-11-14,1101,27.080906,23.986322,31.029928,23.821278
2011-11-15,1101,26.307386,23.637098,29.835669,23.933556
2011-11-16,1101,25.48916,23.079765,29.216053,23.659391
2011-11-17,1101,26.286083,23.426126,30.438887,24.16056
2011-11-18,1101,26.061502,23.661966,30.055025,24.09387
2011-11-19,1101,26.207548,22.920317,31.79337,23.3567
2011-11-20,1101,26.798952,23.208054,31.659267,23.591352
2011-11-21,1101,27.08568,23.795933,31.801363,23.922884
2011-11-22,1101,26.225145,23.327906,30.669605,23.496363
2011-11-23,1101,26.271341,23.427347,30.417751,23.560324
2011-11-24,1101,26.704329,23.441982,31.731152,24.020525
2011-11-25,1101,27.24997,23.849178,32.16495,23.946447
2011-11-26,1101,27.324026,23.938126,33.023384,24.164452
2011-11-27,1101,26.330452,23.503906,30.104862,24.183609
2011-11-28,1101,26.894379,23.386126,31.567253,24.202072
2011-11-29,1101,26.960045,23.446537,31.425213,24.112358
2011-11-30,1101,26.342798,23.621449,30.014517,24.000631
2011-12-01,1101,26.450748,23.760098,30.61254,24.09717
2011-12-02,1101,26.141706,23.83606,29.645786,24.498205
2011-12-03,1101,26.979946,23.216747,32.03127,23.731087
2011-12-04,1101,27.730833,23.990856,32.445034,24.0905
2011-12-05,1101,25.879416,23.84165,28.41024,23.694159
2011-12-06,1101,25.328169,23.088982,28.954727,23.739279
2011-12-07,1101,25.881382,23.37802,29.407639,24.115961
2011-12-08,1101,26.605925,23.439291,31.09116,24.009853
2011-12-09,1101,25.790981,24.092018,28.83284,24.16884
2011-12-10,1101,26.137493,23.603794,30.573109,23.900852
2011-12-11,1101,26.1962,23.601912,30.181274,23.987217
2011-12-12,1101,26.300486,23.846647,29.608784,24.271841
2011-12-13,1101,25.70679,23.349197,30.098055,23.809809
2011-12-14,1101,25.32091,23.173527,27.585745,23.63191
2011-12-15,1101,26.129938,23.15923,31.856861,23.452198
2011-12-16,1101,25.884762,23.802252,28.397476,24.262468
2011-12-17,1101,25.262033,23.708778,28.09193,24.090322
2011-12-18,1101,24.70491,22.856855,26.705877,23.617315
2011-12-19,1101,24.906137,22.871199,28.033123,23.537992
2011-12-20,1101,24.55646,23.358208,26.66453,23.658567
2011-12-21,1101,25.188583,23.120977,28.257103,23.743662
2011-12-22,1101,25.799284,23.337523,30.584011,23.660242
2011-12-23,1101,25.696999,23.124664,29.398066,24.049011
2011-12-24,1101,26.64613,23.903118,31.72992,24.055225
2011-12-25,1101,24.658422,23.413935,26.288677,23.668276
2011-12-26,1101,24.343975,22.607376,26.751646,23.373384
2011-12-27,1101,25.798193,22.806276,30.62642,23.10138
2011-12-28,1101,26.30648,23.509518,30.007565,23.733866
2011-12-29,1101,25.517117,23.289572,28.797062,23.522491
2011-12-30,1101,26.025187,23.264414,30.472391,23.498102
2011-12-31,1101,26.597218,23.63681,31.027975,23.606255
2012-01-01,1101,26.562777,23.815884,30.910877,23.940933
2012-01-02,1101,25.16793,23.63982,27.58164,23.905067
2012-01-03,1101,24.758028,23.006836,27.501951,23.673914
2012-01-04,1101,25.39136,23.155043,28.843267,23.716717
2012-01-05,1101,26.771687,23.152443,32.679615,23.455761
2012-01-06,1101,25.736876,23.08836,28.89617,23.649384
2012-01-07,1101,25.286404,23.253317,28.50061,23.546293
2012-01-08,1101,24.828913,22.949854,27.694542,23.175653
2012-01-09,1101,25.207558,22.708424,29.58993,23.100199
2012-01-10,1101,25.892338,23.6584,29.570057,23.564991
2012-01-11,1101,25.366997,23.284729,28.863314,23.30328
2012-01-12,1101,25.792418,23.361403,29.343603,23.588778
2012-01-13,1101,24.91387,23.521608,26.9458,23.751822
2012-01-14,1101,24.416397,22.578026,27.179552,23.315924
2012-01-15,1101,25.107807,22.670235,28.556591,23.179941
2012-01-16,1101,25.389647,22.878614,28.909184,23.018623
2012-01-17,1101,25.91981,23.037878,29.96789,22.990881
2012-01-18,1101,25.32703,23.298647,28.121899,23.360754
2012-01-19,1101,24.505775,22.800865,27.597404,23.129068
2012-01-20,1101,24.861122,22.619438,28.812437,22.927885
2012-01-21,1101,24.832125,22.797792,27.34033,23.104488
2012-01-22,1101,25.56542,22.731655,30.327908,22.859962
2012-01-23,1101,25.235636,23.054937,28.216904,23.341736
2012-01-24,1101,25.671108,22.956882,29.542372,22.880344
2012-01-25,1101,25.615688,23.369844,29.042465,23.398657
2012-01-26,1101,24.3263,22.723036,26.469742,23.347403
2012-01-27,1101,24.245,22.944492,26.28362,23.351147
2012-01-28,1101,25.19515,22.999346,29.079031,23.333406
2012-01-29,1101,25.467148,23.089354,29.459827,23.360657
2012-01-30,1101,26.410952,23.121447,30.97399,23.763296
2012-01-31,1101,25.813627,24.031502,28.303583,24.177656
2012-02-01,1101,25.903696,22.920233,30.42948,23.513891
2012-02-02,1101,26.092445,23.759605,29.51924,24.222874
2012-02-03,1101,24.406786,23.328762,25.828363,23.608221
2012-02-04,1101,25.033869,23.257965,29.288338,23.281122
2012-02-05,1101,25.94572,22.751802,30.682043,23.272001
2012-02-06,1101,26.370764,22.887573,31.823622,23.175787
2012-02-07,1101,26.318415,23.031956,32.261635,23.011961
2012-02-08,1101,26.595406,23.28946,31.649416,23.152424
2012-02-09,1101,26.621695,23.898535,30.41643,23.952475
2012-02-10,1101,25.239185,23.915297,27.322447,24.068947
2012-02-11,1101,24.394707,22.569172,27.467512,23.29645
2012-02-12,1101,25.08471,22.72233,29.027864,23.168304
2012-02-13,1101,24.995121,23.122118,27.84649,23.50192
2012-02-14,1101,24.807976,23.253252,27.16831,23.253042
2012-02-15,1101,23.748404,22.450722,25.51174,22.869942
2012-02-16,1101,24.019152,22.093988,27.611652,22.131216
2012-02-17,1101,23.034328,21.502947,25.178026,21.884209
2012-02-18,1101,23.885185,21.64841,27.760118,21.625996
2012-02-19,1101,25.324873,22.009026,30.587996,22.244938
2012-02-20,1101,25.751438,22.518307,30.287722,23.076014
2012-02-21,1101,24.771055,23.01234,27.32116,23.095797
2012-02-22,1101,24.966429,22.62401,28.631102,23.01159
2012-02-23,1101,25.452175,22.826958,29.582006,23.23509
2012-02-24,1101,25.087831,23.039078,28.293043,23.252733
2012-02-25,1101,25.47085,22.926908,29.686823,23.273598
2012-02-26,1101,24.794521,22.833965,27.588663,23.134914
2012-02-27,1101,24.236637,22.484196,27.746578,22.658037
2012-02-28,1101,24.649815,22.533535,28.351046,22.84774
2012-02-29,1101,24.00966,22.445486,26.24569,23.012217
2012-03-01,1101,24.78911,22.150223,29.200098,22.58179
2012-03-02,1101,25.592484,23.172848,29.51097,23.417397
2012-03-03,1101,25.22123,23.16766,28.124207,23.14953
2012-03-04,1101,26.113424,22.869698,31.053438,23.404322
2012-03-05,1101,24.455614,22.799572,26.684778,23.16775
2012-03-06,1101,24.689913,22.33942,28.708923,22.598839
2012-03-07,1101,24.898003,22.520628,27.868244,22.994106
2012-03-08,1101,25.227152,22.877134,29.206955,23.219107
2012-03-09,1101,24.621746,22.35081,28.74068,22.694735
2012-03-10,1101,24.702883,22.318237,28.564245,22.819569
2012-03-11,1101,25.288363,22.762167,29.230068,23.324322
2012-03-12,1101,25.916456,22.75947,30.879622,23.27015
2012-03-13,1101,26.136635,22.552649,31.220757,23.296768
2012-03-14,1101,26.156857,23.313154,29.1792,23.960682
2012-03-15,1101,25.604788,22.884731,29.53567,23.731825
2012-03-16,1101,25.93353,23.341398,29.687515,23.515224
2012-03-17,1101,26.25185,23.543505,30.031126,24.168814
2012-03-18,1101,25.46952,23.518969,28.59707,23.84447
2012-03-19,1101,25.648462,23.02566,30.202238,23.120441
2012-03-20,1101,26.331911,23.09239,31.232006,23.473904
2012-03-21,1101,26.340425,23.243116,30.259512,23.860039
2012-03-22,1101,25.982851,23.302181,30.237581,23.771645
2012-03-23,1101,26.807213,23.630848,31.577892,23.94194
2012-03-24,1101,25.354683,23.241438,28.408989,23.334536
2012-03-25,1101,26.299204,22.813305,31.430445,23.33905
2012-03-26,1101,25.192492,23.08449,27.96283,23.82961
2012-03-27,1101,25.520761,22.58241,30.089005,23.368399
2012-03-28,1101,24.02899,22.237867,26.086412,22.51977
2012-03-29,1101,25.22482,22.110237,30.41004,22.127932
2012-03-30,1101,25.429874,23.06953,28.46996,23.631172
2012-03-31,1101,25.738724,22.928577,30.224096,23.589592
2012-04-01,1101,25.707321,23.024845,29.852077,23.452015
2012-04-02,1101,26.621845,23.093744,31.946747,23.628904
2012-04-03,1101,25.854504,23.660877,29.066364,24.034012
2012-04-04,1101,25.90748,23.079947,31.053576,23.487556
2012-04-05,1101,26.859549,23.408998,31.610409,24.360868
2012-04-06,1101,27.091625,23.791883,32.039352,24.314537
2012-04-07,1101,26.766478,24.13204,30.58171,24.46429
2012-04-08,1101,25.832342,23.326258,29.341484,24.00656
2012-04-09,1101,25.762413,22.595022,30.54206,23.383535
2012-04-10,1101,26.238335,23.424385,30.32161,23.902842
2012-04-11,1101,25.63474,23.480968,29.022017,23.871717
2012-04-12,1101,25.208206,22.895435,29.272888,23.31046
2012-04-13,1101,26.14567,23.260872,30.773481,23.729025
2012-04-14,1101,26.425663,23.51182,30.238764,23.756516
2012-04-15,1101,25.788343,23.432652,29.923384,23.903646
2012-04-16,1101,25.652922,22.661154,30.43424,23.401348
2012-04-17,1101,25.232777,23.232492,27.992592,23.772184
2012-04-18,1101,25.451616,22.917997,29.526499,23.53078
2012-04-19,1101,25.889782,22.697083,31.226715,23.365784
2012-04-20,1101,26.023304,23.123117,30.247726,23.874994
2012-04-21,1101,26.248667,23.211594,31.33363,24.020638
2012-04-22,1101,26.428854,23.20369,30.64796,24.139431
2012-04-23,1101,25.353882,23.335499,28.063633,23.874868
2012-04-24,1101,25.569193,22.987127,29.79776,23.835546
2012-04-25,1101,25.609089,23.16346,29.142454,23.8503
2012-04-26,1101,26.31518,23.487148,31.08183,23.789745
2012-04-27,1101,26.036224,23.20961,30.74614,23.92806
2012-04-28,1101,26.409817,23.341015,31.646795,23.858322
2012-04-29,1101,25.885818,23.664274,28.528196,24.377726
2012-04-30,1101,23.84745,22.454332,25.674276,22.58024
2012-05-01,1101,22.69648,19.90946,26.355814,18.485413
2012-05-02,1101,24.236452,20.08779,29.37379,20.0212
2012-05-03,1101,25.829174,22.059608,30.587858,22.352053
2012-05-04,1101,26.614773,22.594519,31.621048,23.122118
2012-05-05,1101,26.451843,22.177849,31.62388,22.93877
2012-05-06,1101,26.833143,22.092182,32.255825,22.175068
2012-05-07,1101,26.484573,21.689161,32.5023,21.168081
2012-05-08,1101,26.35323,21.276484,32.406822,20.678993
2012-05-09,1101,26.138727,21.237303,32.080986,21.58242
2012-05-10,1101,25.990307,22.39699,30.297905,23.465658
2012-05-11,1101,26.456213,23.013218,31.22363,23.97245
2012-05-12,1101,26.61382,23.169672,31.801697,24.00218
2012-05-13,1101,26.235558,22.75573,30.761374,23.607868
2012-05-14,1101,25.922333,23.224836,29.951166,23.998755
2012-05-15,1101,25.3953,22.963614,28.969759,23.624802
2012-05-16,1101,25.580294,22.643232,29.499231,23.59738
2012-05-17,1101,25.325224,22.868826,28.782494,23.907082
2012-05-18,1101,25.358654,22.984676,29.160114,23.772402
2012-05-19,1101,25.68114,22.752277,30.521599,23.69909
2012-05-20,1101,25.21665,22.815813,28.420227,23.604557
2012-05-21,1101,24.97446,22.667356,28.934694,23.62751
2012-05-22,1101,25.611198,23.218538,29.587227,23.561098
2012-05-23,1101,25.124641,22.516766,29.14372,23.510534
2012-05-24,1101,24.835716,22.737988,28.413738,23.606503
2012-05-25,1101,24.665958,22.466799,27.785007,23.41053
2012-05-26,1101,25.529861,22.498835,30.502329,23.413187
2012-05-27,1101,25.961935,22.298264,30.736485,23.466623
2012-05-28,1101,26.100666,22.727879,30.41636,23.596848
2012-05-29,1101,26.418905,22.660984,31.590345,23.638159
2012-05-30,1101,26.457506,22.66447,31.453457,23.671114
2012-05-31,1101,26.776978,23.331738,31.566969,23.863695
2012-06-01,1101,26.396294,23.051394,31.343828,23.820856
2012-06-02,1101,26.182934,22.701965,31.129333,23.694038
2012-06-03,1101,26.177563,22.9525,30.771868,23.951336
2012-06-04,1101,26.036623,22.662521,30.373503,23.660986
2012-06-05,1101,24.810755,22.365417,28.261086,23.127584
2012-06-06,1101,23.966633,21.835896,27.3119,22.582603
2012-06-07,1101,22.42761,20.686863,24.414036,20.40598
2012-06-08,1101,20.97682,17.514883,25.900991,16.370705
2012-06-09,1101,23.03776,19.814835,27.81582,18.757355
2012-06-10,1101,23.879309,19.726131,29.19787,20.39932
2012-06-11,1101,25.050724,20.955822,30.738039,22.267979
2012-06-12,1101,25.838333,21.759258,31.642616,22.97374
2012-06-13,1101,26.295229,21.920591,31.589024,22.94705
2012-06-14,1101,26.341488,21.509834,32.201252,22.186905
2012-06-15,1101,26.603172,22.008257,32.332333,22.6565
2012-06-16,1101,26.684868,22.370058,32.22487,23.116276
2012-06-17,1101,26.773054,22.509518,32.309475,23.496431
2012-06-18,1101,26.699636,22.589756,32.057198,23.436636
2012-06-19,1101,26.864904,23.078701,31.996147,23.610065
2012-06-20,1101,27.016928,22.786276,32.497177,23.33238
2012-06-21,1101,26.99947,22.652687,32.790653,23.452248
2012-06-22,1101,26.626938,23.083443,32.43345,23.739708
2012-06-23,1101,24.661158,22.722488,27.052284,22.862028
2012-06-24,1101,25.022337,22.331663,28.74702,22.474783
2012-06-25,1101,24.977116,21.706108,29.492844,22.708557
2012-06-26,1101,24.72604,21.948357,28.757437,22.376719
2012-06-27,1101,25.562696,21.78511,31.229866,22.712954
2012-06-28,1101,25.892893,21.7565,31.368946,22.509356
2012-06-29,1101,25.847063,21.899609,31.545887,22.41483
2012-06-30,1101,26.07017,21.515778,31.938831,22.10158
2012-07-01,1101,26.732254,21.808493,33.373856,21.823713
2012-07-02,1101,26.789606,21.567556,33.255527,21.531303
2012-07-03,1101,26.921247,21.823185,33.256798,20.519382
2012-07-04,1101,26.205809,20.698467,33.421696,18.586681
2012-07-05,1101,26.062101,20.609848,32.940327,19.879963
2012-07-06,1101,27.207857,22.441154,33.389614,21.493612
2012-07-07,1101,26.056023,22.140497,30.834877,20.515362
2012-07-08,1101,23.609858,20.02376,26.989172,16.641582
2012-07-09,1101,23.193169,17.935242,30.52804,17.341928
2012-07-10,1101,25.217594,19.542362,32.68518,19.111673
2012-07-11,1101,25.647404,20.058474,32.284092,19.502098
2012-07-12,1101,26.064835,19.982138,33.64895,19.080872
2012-07-13,1101,26.753582,21.015867,33.70197,19.278015
2012-07-14,1101,27.297842,21.803583,34.331272,19.295084
2012-07-15,1101,27.611704,22.795296,33.67191,20.133007
2012-07-16,1101,26.991058,22.948729,32.437492,19.448454
2012-07-17,1101,24.8118,20.577076,28.715984,14.651426
2012-07-18,1101,23.1133,18.352592,29.543335,12.151421
2012-07-19,1101,24.020386,18.657497,31.32219,12.653362
2012-07-20,1101,24.707933,18.21276,32.920464,14.719274
2012-07-21,1101,25.591156,20.013357,32.248398,17.295479
2012-07-22,1101,26.569435,21.743614,32.44773,19.528706
2012-07-23,1101,27.020872,22.555439,33.582565,21.364038
2012-07-24,1101,27.42418,22.560062,33.578842,21.667114
2012-07-25,1101,28.031591,22.91381,35.050304,21.685463
2012-07-26,1101,27.96325,22.681356,34.543476,20.480253
2012-07-27,1101,28.440945,23.050873,34.977993,20.307001
2012-07-28,1101,28.36618,22.78483,35.373203,19.094496
2012-07-29,1101,28.749523,22.460293,36.205124,18.521656
2012-07-30,1101,28.788233,22.527376,36.09726,17.03319
2012-07-31,1101,28.408476,22.99994,35.56134,14.993477
2012-08-01,1101,27.7834,21.309793,35.714497,14.243753
2012-08-02,1101,27.505547,20.62282,35.483807,14.847613
2012-08-03,1101,27.645266,20.796274,35.563667,15.326928
2012-08-04,1101,27.75508,20.555305,35.34853,14.566931
2012-08-05,1101,27.821472,21.025778,35.655766,13.559531
2012-08-06,1101,27.754396,20.983654,35.851967,14.131819
2012-08-07,1101,28.052748,21.007689,36.31406,14.809252
2012-08-08,1101,28.081104,20.244457,36.72863,15.0647955
2012-08-09,1101,28.687792,21.576927,37.424774,15.289473
2012-08-10,1101,29.309168,23.30294,36.800415,15.438856
2012-08-11,1101,28.753199,23.149012,35.565353,17.257267
2012-08-12,1101,28.456938,23.788092,34.5044,19.469532
2012-08-13,1101,27.838146,23.764645,33.554256,20.589521
2012-08-14,1101,27.55387,22.046833,35.27079,18.301294
2012-08-15,1101,28.323246,22.855701,35.212696,18.921959
2012-08-16,1101,29.132605,24.161617,35.471416,20.137117
2012-08-17,1101,28.957079,24.078129,35.319103,20.538736
2012-08-18,1101,28.923758,23.925945,35.29267,20.020964
2012-08-19,1101,28.429146,24.00395,34.321083,19.50559
2012-08-20,1101,28.579433,23.070904,36.197124,18.592518
2012-08-21,1101,29.043915,23.534323,35.6181,17.453974
2012-08-22,1101,28.999012,23.271095,36.264286,16.275858
2012-08-23,1101,29.28482,22.801908,36.81564,15.736777
2012-08-24,1101,29.066881,22.457027,36.87402,16.459345
2012-08-25,1101,29.171753,23.473589,36.141224,15.434081
2012-08-26,1101,27.985722,22.616804,34.00523,13.788965
2012-08-27,1101,26.926123,22.10815,32.87776,13.851696
2012-08-28,1101,25.986822,20.80076,32.12039,12.933525
2012-08-29,1101,26.199614,20.230518,34.14732,13.136346
2012-08-30,1101,27.85066,21.469124,35.295506,15.421279
2012-08-31,1101,29.219877,22.422398,37.109623,16.096214
2012-09-01,1101,29.731812,23.664959,37.287518,17.028671
2012-09-02,1101,28.741772,23.758627,36.000103,18.968575
2012-09-03,1101,28.493162,23.421846,35.87729,21.114845
2012-09-04,1101,29.408155,23.825686,35.956657,20.523825
2012-09-05,1101,29.45475,24.333227,36.36237,19.598337
2012-09-06,1101,29.452347,24.581755,35.62621,19.589586
2012-09-07,1101,28.460743,24.840744,33.767612,21.034788
2012-09-08,1101,28.306562,23.17886,35.469376,21.024878
2012-09-09,1101,29.328644,23.034279,36.794945,19.295835
2012-09-10,1101,29.46988,23.152727,37.365932,18.247953
2012-09-11,1101,29.73597,23.997139,36.68766,18.493975
2012-09-12,1101,29.184063,23.463509,36.350975,18.678625
2012-09-13,1101,29.273575,23.603012,35.63449,19.019129
2012-09-14,1101,29.143368,24.11182,36.218525,19.803288
2012-09-15,1101,28.885096,24.37272,35.03708,20.070934
2012-09-16,1101,28.229057,23.493345,34.8139,21.254795
2012-09-17,1101,28.247837,23.871716,34.064774,21.939104
2012-09-18,1101,27.89456,23.842365,33.975758,22.752901
2012-09-19,1101,28.350582,23.986786,34.640427,21.931047
2012-09-20,1101,28.819853,23.845026,35.66702,21.660355
2012-09-21,1101,29.281141,24.17587,35.216373,21.470877
2012-09-22,1101,26.494425,23.971714,30.54537,22.822992
2012-09-23,1101,25.525202,22.634525,30.613222,22.75907
2012-09-24,1101,27.237206,22.724255,33.621777,23.05435
2012-09-25,1101,26.060505,23.739548,29.385237,22.955063
2012-09-26,1101,23.48889,21.7701,25.820715,21.33218
