immediate_code,immediate_name,pop_total,pop_elderly,gdp_total,pop_urban,n_municipalities,pct_elderly,gdp_per_capita,urbanization_rate
110001,Porto Velho,556123,59308.0,22722025,457116.0,5,10.66454723145779,40857.912727939685,82.19692406176331
110002,Ariquemes,184021,22014.0,6393190,127786.0,8,11.962765119198354,34741.63274843632,69.44098771335881
110003,Jaru,105200,14391.0,3372753,58822.0,5,13.679657794676805,32060.389733840304,55.91444866920152
110004,Ji-Paraná,290435,40306.0,9173046,200870.0,13,13.877803983679653,31583.8173773822,69.16177457951005
110005,Cacoal,293682,40903.0,9776052,194054.0,14,13.927649634638827,33287.88281202117,66.07623211500875
110006,Vilhena,151735,19124.0,6733032,110532.0,7,12.603552245691501,44373.625070023394,72.84542129370284
120001,Rio Branco,456793,48069.0,14020041,347150.0,7,10.523147246126802,30692.328910469292,75.99722412558862
120002,Brasiléia,71100,7060.0,1919075,38905.0,4,9.929676511954993,26991.209563994373,54.71870604781998
120003,Sena Madureira,60062,4872.0,1041543,32282.0,3,8.111617994738769,17341.130831474144,53.74779394625554
120004,Cruzeiro do Sul,153948,12146.0,3000884,75683.0,5,7.889677033803622,19492.841738768933,49.16140514979084
120005,Tarauacá,88115,6269.0,1392899,38259.0,3,7.114566191908302,15807.739885377065,43.419395108664816
130001,Manaus,2349698,229147.0,108092376,1906518.0,10,9.752189430301256,46002.66757685456,81.13885273767096
130002,São Gabriel da Cachoeira,84793,6804.0,854493,37067.0,3,8.024247284563584,10077.400257096695,43.71469342988218
130003,Coari,132077,10307.0,4372579,83235.0,4,7.8037811276755225,33106.28648439925,63.02005648220357
130004,Manacapuru,141075,12401.0,2047701,78987.0,4,8.790359737728158,14514.98139287613,55.98936735778841
130005,Tefé,218880,14593.0,2804841,127899.0,9,6.667123538011696,12814.514802631578,58.43338815789474
130006,Tabatinga,210970,14048.0,2207491,104455.0,7,6.658766649286628,10463.530359766792,49.51177892591364
130007,Eirunepé,99419,6569.0,1313025,54116.0,5,6.6073889296814485,13206.982568724288,54.432251380520825
130008,Lábrea,136736,11235.0,1731796,70119.0,5,8.216563304469927,12665.25274982448,51.28056985724315
130009,Manicoré,155852,13467.0,2096679,75519.0,4,8.640890075199547,13453.013115006544,48.455586068834535
130010,Parintins,232548,21538.0,2757118,122700.0,5,9.261743812030204,11856.124327020658,52.76330047990092
130011,Itacoatiara,179565,16873.0,3252940,94875.0,6,9.39659733244229,18115.668420906077,52.836020382591265
140001,Boa Vista,485282,38526.0,15148199,297482.0,5,7.93888914074703,31215.25010200255,61.300851875816534
140002,Pacaraima,60969,3451.0,916722,9182.0,4,5.660253571487149,15035.87068838262,15.060112516196755
140003,Rorainópolis,59476,5393.0,1475884,23207.0,4,9.067523034501312,24814.782433250388,39.01910014123344
140004,Caracaraí,30980,3090.0,661775,14988.0,2,9.974176888315043,21361.362169141383,48.37959974176888
150001,Belém,2463988,332196.0,62059373,2198298.0,15,13.482046178796326,25186.55650920378,89.21707410912715
150002,Cametá,224795,20675.0,2767900,88746.0,4,9.197268622522744,12312.99628550457,39.47863609066038
150003,Abaetetuba,379606,33705.0,5280777,193078.0,4,8.878942903958315,13911.205302339795,50.86273662692371
150004,Castanhal,509095,61639.0,8607721,285488.0,14,12.107563421365363,16907.88752590381,56.077549376835364
150005,Bragança,294942,31499.0,3081044,130739.0,6,10.67972686155244,10446.270792223555,44.32702022770579
150006,Capanema,198059,25502.0,3180386,121639.0,9,12.875961203479772,16057.770664297002,61.41553779429362
150007,Paragominas,290462,25288.0,8491160,180999.0,6,8.70613023390323,29233.29041320379,62.31417534823832
150008,Capitão Poço,119542,12084.0,1443277,45450.0,4,10.108581084472403,12073.388432517442,38.0201100868314
150009,Marabá,530744,54149.0,18020037,352922.0,13,10.202470494249582,33952.40831738088,66.4957116802074
150010,Parauapebas,393057,24223.0,88976033,188525.0,4,6.1627194020205724,226369.2874061523,47.963781334513826
150011,Tucuruí,316850,31461.0,9462234,203084.0,6,9.929304087107464,29863.449581821053,64.09468202619536
150012,Redenção,222071,24462.0,6922947,154897.0,8,11.015395976962322,31174.475730734765,69.75111563418906
150013,Tucumã - São Félix do Xingu,137435,11967.0,4295974,91933.0,3,8.707388947502457,31258.223887655982,66.89198530214283
150014,Xinguara,95204,9587.0,2991200,53205.0,4,10.069955043905718,31418.847947565228,55.88525692197807
150015,Santarém,538508,57134.0,8912080,283888.0,6,10.609684535791484,16549.577722150832,52.71750837499164
150016,Itaituba,268963,24438.0,5975449,122314.0,7,9.086008112640029,22216.62087350305,45.476143558779455
150017,Oriximiná,213031,20487.0,5442249,103709.0,6,9.616910214945243,25546.746717613867,48.682586102492124
150018,Altamira,291682,26782.0,10363625,146645.0,7,9.181917293490857,35530.560679095724,50.275642651929154
150019,Almeirim - Porto de Moz,74877,5410.0,1093047,34548.0,2,7.22518263285121,14597.900556913339,46.1396690572539
150020,Breves,407109,28291.0,4120422,139470.0,10,6.949244551213557,10121.176392563171,34.25863834992594
150021,Soure-Salvaterra,150111,15353.0,1418041,71982.0,6,10.227764787390663,9446.616170700348,47.95251513879729
160001,Macapá,578074,49679.0,15916402,490351.0,4,8.59388244411615,27533.50263115103,84.82495320668289
160002,Laranjal do Jari,46405,4069.0,1371512,48206.0,2,8.768451675466006,29555.2634414395,100.0
160003,Oiapoque,67246,4986.0,1314110,38957.0,6,7.41456740921393,19541.831484400558,57.93207030901466
160004,Porto Grande,42034,3182.0,1497826,23522.0,4,7.570062330494362,35633.67749916734,55.959461388399866
170001,Palmas,333542,29487.0,11342662,241796.0,10,8.840565805805566,34006.69780717271,72.49341911963111
170002,Porto Nacional,116973,16224.0,5715771,78672.0,13,13.869867405298658,48864.019902028675,67.25654638249853
170003,Paraíso do Tocantins,120434,16177.0,4715209,82645.0,14,13.432253350382783,39151.80928973546,68.62264808940996
170004,Miracema do Tocantins,47791,7143.0,1525778,35734.0,5,14.946328806679082,31926.053022535623,74.7714004728924
170005,Araguaína,301108,36699.0,9390042,226891.0,21,12.187985706125378,31184.963534678587,75.35203315753816
170006,Guaraí,85846,12158.0,3338410,60281.0,14,14.162570183817532,38888.3582228642,70.21992870954966
170007,Colinas do Tocantins,63154,8266.0,1845256,45126.0,9,13.08864046616208,29218.3551318998,71.45390632422333
170008,Tocantinópolis,46684,6579.0,919187,34700.0,8,14.092622740125096,19689.551023905406,74.32953474423786
170009,Araguatins,133075,17008.0,2152109,79768.0,13,12.780762727785083,16172.151042645124,59.94213789216607
170010,Gurupi,185755,27515.0,8879395,142600.0,18,14.812521870205378,47801.647331162014,76.76778552394283
170011,Dianópolis,77098,11665.0,1956944,61893.0,14,15.13009416586682,25382.55207657786,80.2783470388337
210001,São Luís,1646005,192102.0,42473807,1166758.0,13,11.670802944097982,25804.178602130614,70.88423182189605
210002,Pinheiro,340540,41387.0,2965148,136192.0,11,12.15334468784871,8707.194455864215,39.99295236976567
210003,Chapadinha,268485,30833.0,2564177,135504.0,10,11.4840680112483,9550.540998566028,50.469858651321296
210004,Itapecuru Mirim,237061,26251.0,2751103,125693.0,9,11.073521161220109,11605.042583976276,53.021374245447376
210005,Viana,244416,32039.0,2160090,109610.0,10,13.108388976171772,8837.760212097408,44.8456729510343
210006,Barreirinhas,118832,11629.0,1005271,40478.0,4,9.786084556348458,8459.598424666756,34.06321529554329
210007,Tutóia - Araioses,172923,21454.0,1545448,61117.0,7,12.406678116849697,8937.203263880456,35.34347657627961
210008,Cururupu,123093,17654.0,982256,69179.0,9,14.342001576044131,7979.787640239494,56.20059629710868
210009,Santa Inês,403016,49349.0,5215840,244662.0,15,12.24492327848026,12942.0171903845,60.70776346348532
210010,Bacabal,382697,48417.0,4505839,232881.0,16,12.651523267754907,11773.907294805029,60.852580501023
210011,Governador Nunes Freire,197057,20406.0,4469060,123523.0,14,10.355379407988552,22679.021805873428,62.68389349274576
210012,Pedreiras,191434,27806.0,5849418,113941.0,14,14.525110481941555,30555.79468641934,59.5197300375064
210013,Caxias,255173,34285.0,3153551,186117.0,6,13.43598264706689,12358.482284567724,72.93757568394776
210014,Timon,260344,31697.0,3139061,179312.0,4,12.175045324647389,12057.35872537873,68.87502688750268
210015,Codó,220804,30078.0,2609313,149325.0,4,13.62203583268419,11817.326678864514,67.62785094472926
210016,Presidente Dutra,233783,32156.0,2592642,130657.0,13,13.754635709183303,11089.950937407768,55.888152688604386
210017,São João dos Patos,143702,21078.0,1991336,91491.0,11,14.667854309612949,13857.399340301457,63.667172342764886
210018,Colinas,79055,10144.0,1033037,43632.0,4,12.831572955537284,13067.320220099931,55.19195496806021
210019,Imperatriz,535900,63186.0,12538588,388690.0,17,11.790632580705356,23397.25321888412,72.5303228214219
210020,Barra do Corda,266274,29337.0,3170303,123052.0,9,11.017598413664121,11906.168082501483,46.212547976895976
210021,Açailândia,222212,23877.0,5563192,149933.0,5,10.745144276636726,25035.51563371915,67.47295375587277
210022,Balsas,233893,26796.0,12702247,145402.0,12,11.456520716737996,54307.939955449714,62.16603318611502
220001,Teresina,1123161,158876.0,26508779,887721.0,16,14.145434180852076,23601.940416378417,79.03773368199217
220002,Amarante - Água Branca - Regeneração,153750,27205.0,1806042,100175.0,22,17.694308943089432,11746.61463414634,65.15447154471545
220003,Campo Maior,139487,24886.0,1604900,73160.0,12,17.8410891337544,11505.731716934195,52.449332195831865
220004,Valença do Piauí,81414,15054.0,891177,46210.0,9,18.49067727909205,10946.237747807503,56.75927973075884
220005,Barras,93048,12842.0,899888,37933.0,6,13.801478806637435,9671.223454561086,40.767130943169114
220006,Parnaíba,290842,39790.0,4382871,189651.0,11,13.680967673169626,15069.594487728733,65.20756974577262
220007,Piripiri,179125,29076.0,2122055,106016.0,10,16.232240055826935,11846.78297278437,59.185484996510816
220008,Esperantina,145209,21180.0,1415071,66125.0,9,14.585872776480796,9745.06401118388,45.53781101722345
220009,Picos,286041,46783.0,4374215,140779.0,33,16.355347659950848,15292.265794064488,49.216371079670395
220010,Paulistana,77927,11544.0,1353878,25751.0,9,14.813864257574396,17373.67022983048,33.04502932231447
220011,Oeiras,68420,11557.0,919822,36279.0,9,16.891259865536394,13443.75913475592,53.02396959953231
220012,Simplício Mendes,41632,6874.0,488502,18011.0,7,16.511337432744043,11733.810530361261,43.26239431206764
220013,São Raimundo Nonato,112843,16608.0,1352916,44068.0,13,14.717793748836879,11989.365755961822,39.05248885619844
220014,São João do Piauí,48565,7158.0,1418612,20104.0,8,14.739009574796663,29210.583753732113,41.396067126531456
220015,Corrente,117855,16915.0,2875654,59741.0,14,14.352382164524203,24399.93211997794,50.69025497433287
220016,Bom Jesus,74307,9579.0,2395299,42716.0,8,12.891113892365457,32235.172998506197,57.48583578936035
220017,Floriano,127127,21436.0,2811563,91534.0,13,16.861878279201115,22116.17516341926,72.0020137342972
220018,Uruçuí,63008,7963.0,5805837,37796.0,7,12.638077704418487,92144.44197562215,59.986033519553075
220019,Canto do Buriti,47438,8573.0,601231,27189.0,8,18.07200978118808,12674.037691302332,57.314810911083946
230001,Fortaleza,3910832,542848.0,124114231,3543679.0,20,13.880626935649499,31736.01704189799,90.61189537162426
230002,Itapipoca,298961,38446.0,4287572,139555.0,7,12.859871354457605,14341.576326009079,46.68000173935731
230003,Redenção-Acarape,222625,33782.0,2680738,107260.0,12,15.174396406513194,12041.49578888265,48.17967434025828
230004,Canindé,188666,30619.0,2096511,108979.0,6,16.229209290492193,11112.288382644461,57.762924957332004
230005,Itapagé,144970,20075.0,1644564,85482.0,6,13.847692626060566,11344.167758846657,58.96530316617231
230006,Quixadá,324907,53277.0,4550209,183069.0,11,16.397615317613965,14004.650561545304,56.34504642867035
230007,Russas - Limoeiro do Norte,377850,63689.0,7260480,219659.0,15,16.85563054122006,19215.244144501787,58.13391557496361
230008,Aracati,153077,22884.0,3079988,82844.0,5,14.949339221437578,20120.514512304264,54.11916878433729
230009,Iguatu,300665,56347.0,4348740,185842.0,10,18.740791246071208,14463.738712520579,61.81032045632182
230010,Icó,106975,19392.0,1236821,60841.0,5,18.127599906520214,11561.776115914934,56.87403598971722
230011,Juazeiro do Norte,859380,126321.0,12397580,572396.0,22,14.699085387139565,14426.190974888874,66.60569247597104
230012,Brejo Santo,185853,29259.0,2420017,99685.0,8,15.743087278655713,13021.134983024218,53.63647613974485
230013,Crateús,255571,46578.0,2837552,148300.0,10,18.225072484749834,11102.793352923454,58.026927937833314
230014,Tauá,100101,18275.0,1070749,50244.0,3,18.256560873517746,10696.686346789742,50.19330476219018
230015,Sobral,588895,83284.0,9935610,385523.0,23,14.14241927678109,16871.61548323555,65.46549045245756
230016,São Benedito - Ipu - Guaraciaba do Norte - Tianguá,410819,60168.0,5946385,195987.0,11,14.645865940961835,14474.464423505242,47.706410852467876
230017,Acaraú,222111,26408.0,3424500,87737.0,6,11.889550720135428,15417.966692329512,39.5014204609407
230018,Camocim,142699,18881.0,1552560,89487.0,4,13.231347101241072,10879.96412028115,62.71032032459934
240001,Natal,1607582,233769.0,41073449,1278836.0,24,14.541653240705607,25549.831361635053,79.55028110541174
240002,Santo Antônio - Passa e Fica - Nova Cruz,134394,20586.0,1751246,82606.0,13,15.317648109290595,13030.685893715494,61.46554161644121
240003,Canguaretama,134476,17329.0,2725646,81672.0,9,12.886314286564145,20268.642731788572,60.73351378684673
240004,Santa Cruz,92110,14550.0,1269243,63807.0,9,15.796330474432743,13779.643904027793,69.2726088372598
240005,João Câmara,71092,9624.0,3275352,44622.0,10,13.537388173071513,46072.01935520171,62.76655601192821
240006,São Paulo do Potengi,63762,10757.0,1001135,38530.0,10,16.870549857281766,15701.122925880618,60.42784103384461
240007,Caicó,173030,30969.0,3233566,140754.0,15,17.89805236086228,18687.89227301624,81.34658729700051
240008,Currais Novos,111178,19170.0,2065322,77417.0,9,17.242619942794438,18576.714817679756,69.6333807048157
240009,Mossoró,465058,67599.0,13185153,356827.0,17,14.535606311470827,28351.6314094156,76.72741894559388
240010,Pau dos Ferros,227363,40298.0,3089359,151559.0,34,17.724079995425818,13587.782532777981,66.65948285341062
240011,Açu,222684,33240.0,7511264,148361.0,17,14.926981731960984,33730.59582188213,66.62400531695137
250001,João Pessoa,1428446,202655.0,37716468,1163695.0,22,14.187095626996049,26403.845857666303,81.46580269747685
250002,Guarabira,304632,50105.0,4605408,199220.0,26,16.44771396307676,15117.939021507918,65.39693794479898
250003,Mamanguape - Rio Tinto,146496,20459.0,2130946,85395.0,10,13.965569025775448,14546.103647881171,58.291693971166445
250004,Itabaiana,63422,10797.0,810880,36571.0,5,17.024061051370186,12785.468764781937,57.66295607202549
250005,Campina Grande,938502,146289.0,16745751,635893.0,47,15.587500079914587,17843.063733481657,67.7561688733748
250006,Cuité - Nova Floresta,87733,15813.0,982183,55911.0,10,18.024004650473596,11195.13751951945,63.728585594930074
250007,Monteiro,54965,9724.0,918275,32737.0,7,17.691258073319386,16706.54052578914,59.559719821704725
250008,Sumé,51779,9840.0,592158,31534.0,8,19.003843256918827,11436.257942409085,60.901137526796575
250009,Patos,254580,39839.0,4034184,189427.0,26,15.648911933380468,15846.429413151072,74.40765181868176
250010,Itaporanga,118087,19886.0,1378755,75316.0,15,16.840126347523434,11675.756010399113,63.78009433722595
250011,Catolé do Rocha - São Bento,113431,18433.0,1646939,79098.0,10,16.25040773686206,14519.302483448088,69.73226014052597
250012,Pombal,64835,11944.0,896893,43178.0,7,18.422148530886094,13833.469576617568,66.5967455849464
250013,Princesa Isabel,58299,9246.0,628970,32225.0,5,15.859620233623218,10788.69277346095,55.27539065850186
250014,Sousa,138166,24573.0,2132825,87081.0,13,17.78512803439341,15436.684857345512,63.02635959642748
250015,Cajazeiras,151314,25725.0,2249694,91397.0,12,17.001070621356913,14867.718783456918,60.402209973961426
260001,Recife,3786806,599245.0,124882216,3628138.0,16,15.824549765686438,32978.24499063327,95.80997811876288
260002,Goiana ¿ Timbaúba,328710,48277.0,14187718,244299.0,11,14.68680599920903,43161.80828085547,74.32052569133887
260003,Palmares,199392,27586.0,2562364,165465.0,10,13.835058578077355,12850.886695554485,82.98477371208473
260004,Limoeiro,210499,35001.0,2730099,124782.0,8,16.62763243530848,12969.653062484858,59.27914146860556
260005,Vitória de Santo Antão,203967,29052.0,5807800,154439.0,4,14.243480563032254,28474.213965984694,75.7176405987243
260006,Carpina,173600,25862.0,3526648,146874.0,6,14.897465437788018,20314.79262672811,84.60483870967742
260007,Barreiros - Sirinhaém,140112,16232.0,2293195,97445.0,5,11.585017700125613,16366.87078908302,69.54793308210574
260008,Surubim,134253,21167.0,1539353,67158.0,6,15.766500562371046,11466.060348744535,50.02346316283435
260009,Caruaru,1079264,146094.0,18488948,801096.0,24,13.536447060218816,17131.07080380704,74.22613929492692
260010,Garanhuns,537904,79109.0,8267450,320873.0,22,14.706899372378714,15369.74999256373,59.65246586751539
260011,Arcoverde,375941,51939.0,4456109,191370.0,11,13.815731723860925,11853.213669166173,50.90426423295145
260012,Belo Jardim ¿ Pesqueira,248082,37128.0,5764868,165600.0,7,14.966019300070139,23237.75203360179,66.75212228214863
260013,Serra Talhada,318775,45543.0,5428001,173911.0,13,14.286879460434477,17027.687240216455,54.556034820798374
260014,Afogados da Ingazeira,184940,31269.0,2205688,113686.0,12,16.90764572293717,11926.505893803396,61.471828701200394
260015,Petrolina,500932,51930.0,9657166,260989.0,6,10.366676514976085,19278.3970678655,52.10068432441928
260016,Araripina,319438,43174.0,3868971,165062.0,10,13.515611793211828,12111.805733820021,51.6726250477401
260017,Salgueiro,180677,24953.0,2556484,110531.0,9,13.810833697703636,14149.471155708807,61.17602129767485
260018,Escada - Ribeirão,135639,18598.0,2590443,120492.0,5,13.711395690030153,19098.06913940681,88.83285780638313
270001,Maceió,1264678,163991.0,35403952,1153775.0,13,12.967016110029588,27994.43969136808,91.23073224963191
270002,Porto Calvo - São Luís do Quitunde,193720,21429.0,4948822,134470.0,13,11.061841833574231,25546.262647119554,69.4146190377865
270003,Penedo,176944,23461.0,4358703,119544.0,7,13.258997196853242,24633.234243602496,67.56035807939234
270004,São Miguel dos Campos,135193,17717.0,3450177,109835.0,6,13.104968452508636,25520.3819724394,81.24311169957025
270005,União dos Palmares,139937,18162.0,4972540,106816.0,6,12.978697556757684,35534.133217090544,76.3314920285557
270006,Atalaia,104456,14239.0,2836160,77667.0,7,13.631576931913916,27151.71938423834,74.35379489928773
270007,Arapiraca,546190,71804.0,12651303,309333.0,17,13.146341016862264,23162.82429191307,56.63468756293597
270008,Palmeira dos Índios,166403,26330.0,2636346,92037.0,9,15.823032036682031,15843.139847238332,55.30969994531348
270009,Delmiro Gouveia,148868,19651.0,1987723,72340.0,7,13.200284816078675,13352.251659188005,48.59338474353118
270010,Santana do Ipanema,137196,17751.0,1565582,63651.0,9,12.938423860753959,11411.280212251086,46.39420974372431
270011,Pão de Açúcar - Olho d'Água das Flores ¿ Batalha,114098,14686.0,1454312,58392.0,8,12.871391260144788,12746.165576960157,51.177058318287784
280001,Aracaju,1153038,150415.0,31024344,953090.0,20,13.045103457128038,26906.61018977692,82.65902771634586
280002,Estância,231300,30397.0,4456169,136692.0,10,13.141807176826632,19265.754431474277,59.097276264591436
280003,Propriá,148130,20487.0,2452346,87403.0,16,13.830419226355229,16555.363532032676,59.004253020995066
280004,Itabaiana,252041,35730.0,4650993,143692.0,14,14.176264972762368,18453.31910284438,57.01135926297706
280005,Lagarto,255448,37282.0,4113243,125399.0,6,14.594751182236699,16102.075569196079,49.089834330274655
280006,Nossa Senhora da Glória,170047,20298.0,5164301,74090.0,9,11.936699853569896,30369.844807612015,43.57030703276153
290001,Salvador,3485014,534315.0,140308955,3562467.0,16,15.331789197977397,40260.65748946776,100.0
290002,Alagoinhas,464031,67128.0,10007377,288713.0,17,14.466274882497073,21566.1820007715,62.21847247274428
290003,Santo Antônio de Jesus,284366,42970.0,4918231,164900.0,14,15.11080790249186,17295.425613469964,57.988648431950374
290004,Cruz das Almas,271425,43034.0,3809287,159600.0,12,15.854840195265727,14034.39992631482,58.80077369439072
290005,Valença,226779,30960.0,5039492,133059.0,8,13.652057730213116,22222.039959608253,58.673422142261856
290006,Nazaré ¿ Maragogipe,166560,26795.0,2071429,120697.0,7,16.08729586935639,12436.533381364074,72.46457732949088
290007,Ilhéus ¿ Itabuna,643280,108762.0,12899062,557112.0,22,16.907412013431163,20052.01778385773,86.60489988807363
290008,Teixeira de Freitas,430826,64324.0,9698313,319483.0,13,14.930389530808261,22510.974268033962,74.1559237371932
290009,Eunápolis - Porto Seguro,394077,46984.0,9150084,273639.0,8,11.922543056306255,23219.025723399234,69.43795248136786
290010,Camacan,126282,21556.0,1651438,103215.0,8,17.06973282019607,13077.382366449692,81.73373877512235
290011,Vitória da Conquista,868064,140069.0,14011175,523490.0,30,16.13579183101707,16140.716583109079,60.305461348472
290012,Jequié,345334,58067.0,5717512,271603.0,16,16.814735878888264,16556.469968204696,78.64936554176536
290013,Brumado,227060,41932.0,3550299,107873.0,12,18.467365454065003,15635.950849995595,47.50858803840395
290014,Ipiaú,209562,34151.0,3715455,147665.0,13,16.296370525190635,17729.621782575086,70.46363367404396
290015,Itapetinga,140170,22868.0,2596326,126837.0,6,16.31447528001712,18522.693871727188,90.48797888278519
290016,Guanambi,463740,80692.0,6464345,232359.0,24,17.40026739121059,13939.588993832751,50.105447017725446
290017,Bom Jesus da Lapa,217476,33144.0,2887932,95074.0,7,15.240302378193457,13279.313579429454,43.71700785374018
290018,Barreiras,523033,61115.0,30170755,283375.0,17,11.68473117375003,57684.228337408924,54.17918181070793
290019,Santa Maria da Vitoria,138896,22763.0,6277171,67985.0,7,16.38852090772952,45193.31730215413,48.94669392927082
290020,Irecê,397532,58984.0,5329562,229929.0,19,14.837547669118461,13406.623869273417,57.839117354074645
290021,Xique-Xique ¿ Barra,213485,32314.0,2373825,110245.0,10,15.136426446822963,11119.399489425487,51.64063048926154
290022,Juazeiro,538995,69264.0,10278780,307099.0,9,12.850583029527177,19070.2696685498,56.976224269241825
290023,Senhor do Bonfim,293267,44904.0,5366512,149395.0,9,15.311644337753652,18299.06535682501,50.94163339209662
290024,Paulo Afonso,189141,26844.0,4863923,122902.0,7,14.192586483099909,25715.857481984338,64.97903680323145
290025,Ribeira do Pombal,192644,30981.0,2236795,93467.0,7,16.08199580573493,11611.028633126389,48.51799173605199
290026,Euclides da Cunha,188052,30926.0,1989197,62357.0,5,16.445451258162635,10577.909301682514,33.15944525982175
290027,Cícero Dantas,116122,20461.0,1676973,51535.0,6,17.620261449165532,14441.475344895885,44.38004856960783
290028,Jeremoabo,94069,14407.0,1003171,39941.0,5,15.315353623404096,10664.203935409114,42.45925862930402
290029,Feira de Santana,1213515,180394.0,27372188,809055.0,33,14.865411634796438,22556.11838337392,66.6703749026588
290030,Jacobina,310892,49382.0,4709931,190506.0,16,15.883972569252345,15149.73366957014,61.27722810493677
290031,Itaberaba,211224,33923.0,2587254,144868.0,12,16.06020149225467,12248.863765481196,68.58500927924857
290032,Conceição do Coité,196609,30687.0,2332937,99611.0,7,15.60813594494657,11865.87084009379,50.66451688376422
290033,Serrinha,180254,26216.0,2260926,82730.0,5,14.543921355420682,12543.000432722714,45.89634626693444
290034,Seabra,179850,27963.0,3291234,69690.0,10,15.547956630525439,18299.883236030026,38.7489574645538
310001,Belo Horizonte,5045254,858060.0,237609060,4731289.0,29,17.007270595296095,47095.55950998701,93.77702292094709
310002,Sete Lagoas,406970,70981.0,25956996,334634.0,19,17.441334742118585,63781.104258299136,82.22571688330835
310003,Santa Bárbara - Ouro Preto,256290,41286.0,39127105,207148.0,6,16.10909516563268,152667.31046860976,80.82562721916578
310004,Curvelo,178891,34218.0,6833360,148792.0,11,19.127848801784328,38198.45604306533,83.17467060947727
310005,Itabira,148463,27315.0,15703002,121254.0,9,18.398523537851183,105770.47479843463,81.67287472299496
310006,Montes Claros,740732,114302.0,16659189,542355.0,32,15.430952085234606,22490.1705340123,73.21878898170998
310007,Janaúba,210647,31052.0,4299174,134413.0,11,14.741249578679023,20409.37682473522,63.80959614900759
310008,Salinas,182448,32262.0,2583469,104693.0,14,17.68284661931071,14160.029158993248,57.38237744453214
310009,Januária,143105,23114.0,1648520,82650.0,8,16.15177666748192,11519.65340134866,57.754795429929075
310010,Pirapora,133939,21129.0,5098524,122086.0,7,15.77509164619715,38066.01512628883,91.15044908503125
310011,São Francisco,104901,15369.0,1594272,57617.0,6,14.650956616238167,15197.872279577889,54.92511987492969
310012,Espinosa,91855,17985.0,1113803,51772.0,8,19.579772467475916,12125.665450982528,56.36274563170214
310013,Teófilo Otoni,452413,83285.0,7653437,303097.0,27,18.409064284182815,16916.925464122385,66.99564336126504
310014,Capelinha,161864,24182.0,3043503,96241.0,10,14.93970246626798,18802.84065635348,59.45793999901151
310015,Almenara,162377,31165.0,2102420,120125.0,14,19.19298915486799,12947.769696447156,73.97907339093591
310016,Diamantina,126317,21738.0,2239060,87242.0,13,17.209085079601323,17725.72179516613,69.06592145158609
310017,Araçuaí,95307,17969.0,1241617,54622.0,8,18.85380926899388,13027.553065357213,57.31163503205431
310018,Pedra Azul,90907,16046.0,1356285,65143.0,7,17.651005973137384,14919.478147997404,71.65894815580758
310019,Águas Formosas,47618,8807.0,681337,34652.0,7,18.495106892351632,14308.391784619262,72.77080095762106
310020,Governador Valadares,418290,79208.0,9733728,369612.0,26,18.936144779937365,23270.286165100766,88.36261923545865
310021,Guanhães,184026,35326.0,3437358,109114.0,20,19.19620053688066,18678.654103224544,59.29270863899666
310022,Mantena,60356,12440.0,986396,45019.0,7,20.611041155808866,16342.96507389489,74.58910464576844
310023,Aimorés - Resplendor,58359,12179.0,1291209,42026.0,5,20.86910330882983,22125.27630699635,72.01288575883754
310024,Ipatinga,597416,108243.0,30683771,548147.0,22,18.118530471229427,51360.812231342985,91.75298284612397
310025,Caratinga,226302,43487.0,4451338,153262.0,16,19.216356903606684,19669.901282357205,67.7245450769326
310026,João Monlevade,151665,29931.0,15109035,124501.0,6,19.734942142221342,99621.10572643655,82.08947351069791
310027,Juiz de Fora,711921,147262.0,24196734,644997.0,29,20.685160291661575,33987.948100983114,90.59951876682946
310028,Manhuaçu,353515,59039.0,8261997,205472.0,24,16.700564332489428,23370.994158663707,58.12256905647568
310029,Ubá,267231,50311.0,7659768,216816.0,17,18.826782820855364,28663.47092964514,81.13429953860144
310030,Ponte Nova,178512,37559.0,4249585,130249.0,19,21.04004212601954,23805.59850318186,72.96372232679036
310031,Muriaé,176380,34652.0,4010223,139780.0,12,19.646218392107947,22736.268284385984,79.2493479986393
310032,Cataguases,170181,37552.0,3646720,156752.0,10,22.065918051956444,21428.479089910154,92.10898984022893
310033,Viçosa,166631,32969.0,3347174,113897.0,12,19.7856341257029,20087.342691335947,68.35282750508608
310034,Carangola,111663,20894.0,1914584,68910.0,9,18.711659188809186,17146.09136419405,61.71247414094194
310035,São João Nepomuceno - Bicas,71610,15515.0,1441167,63706.0,9,21.66596844016199,20125.219941348972,88.96243541404831
310036,Além Paraíba,52192,11406.0,1862079,49129.0,5,21.853923973022685,35677.47930717351,94.13128448804414
310037,Barbacena,222672,44394.0,5912778,180317.0,14,19.936947618021126,26553.756197456347,80.97874901199972
310038,Conselheiro Lafaiete,347540,63891.0,20565925,260049.0,21,18.383783161650456,59175.70639350866,74.82563158197617
310039,São João del Rei,187135,37409.0,5879913,150365.0,14,19.990381275549737,31420.70163251129,80.3510834424346
310040,Varginha,198302,34978.0,10129213,168067.0,5,17.638753013081057,51079.731924035055,84.75305342356607
310041,Passos,258889,50040.0,8855561,211723.0,15,19.328747069207267,34206.0149330408,81.78138120970763
310042,Alfenas,249807,48442.0,8151294,199354.0,13,19.391770446784918,32630.366643048434,79.80320807663516
310043,Lavras,227722,44123.0,6433270,186518.0,14,19.375817883208473,28250.542327926156,81.90600820298434
310044,Guaxupé,157941,31361.0,5702524,120062.0,9,19.856148815063854,36105.4064492437,76.01699368751622
310045,Três Corações,126897,22777.0,4318415,106670.0,6,17.949202896837594,34030.86755400049,84.06030087393714
310046,Três Pontas - Boa Esperança,123558,23104.0,3680274,99433.0,5,18.698910633063015,29785.80100033992,80.47475679437997
310047,São Sebastião do Paraíso,117691,23485.0,3302479,94227.0,5,19.954796883364065,28060.590869310312,80.06304645215012
310048,Campo Belo,87046,18550.0,2111934,74450.0,5,21.310571422006756,24262.27511890265,85.52949015463088
310049,Piumhi,57190,10981.0,2104240,41562.0,5,19.200909249868857,36793.84507781081,72.6735443259311
310050,Pouso Alegre,579334,104224.0,37373783,383648.0,34,17.990313014599522,64511.63404875253,66.22224830581322
310051,Poços de Caldas,271804,55166.0,11257661,219707.0,8,20.29624288089947,41418.305102206,80.83287957498786
310052,Itajubá,199383,39514.0,5204461,142593.0,14,19.818138958687552,26102.83223745254,71.51713034712087
310053,São Lourenço,184385,37579.0,5386117,136940.0,16,20.380725113214197,29211.25362692193,74.26851425007457
310054,Caxambu - Baependi,72989,16223.0,1526592,59767.0,8,22.226636890490347,20915.37080930003,81.88494156653744
310055,Uberaba,454392,74841.0,27851736,372337.0,10,16.470580467965984,61294.51222732795,81.94180355287945
310056,Araxá,178453,29249.0,13699108,144181.0,8,16.390310053627566,76765.91595546166,80.79494320633445
310057,Frutal,106273,18053.0,5055500,84472.0,6,16.987381555051613,47570.87877447705,79.48585247428792
310058,Iturama,65964,10456.0,3212298,51648.0,5,15.851070280759203,48697.744224122245,78.29725304711661
310059,Uberlândia,961202,154912.0,55781099,791455.0,11,16.11648748129946,58032.6497447987,82.34013245915011
310060,Ituiutaba,149127,29157.0,5900735,131011.0,6,19.5517914260999,39568.5221321424,87.85196510356944
310061,Monte Carmelo,74591,13288.0,2784045,60625.0,7,17.814481639876124,37324.14098215602,81.27656151546432
310062,Patos de Minas,507987,81633.0,24114074,389223.0,18,16.069899426560127,47469.86438629335,76.62066155236256
310063,Unaí,182866,27912.0,7645255,120831.0,11,15.26363566764735,41807.96320803211,66.07625255651679
310064,Patrocínio,142520,23317.0,6708110,111463.0,5,16.360510805500983,47067.850126298064,78.20867246702218
310065,Divinópolis,700495,114009.0,31648043,553354.0,20,16.27549090286155,45179.5416098616,78.99471088301844
310066,Formiga,171424,34941.0,7530834,142592.0,10,20.3827935411611,43931.036494306514,83.18088482359529
310067,Dores do Indaiá,141624,27626.0,4885741,120146.0,9,19.50658080551319,34497.973507315146,84.83449132915325
310068,Pará de Minas,140882,22605.0,5475812,110936.0,7,16.04534291108871,38868.07399099956,78.7439133459207
310069,Oliveira,115926,24486.0,3325268,81845.0,10,21.122095129651676,28684.402118592894,70.60107309835585
310070,Abaeté,39430,8972.0,1252120,32431.0,5,22.754248034491503,31755.51610448897,82.2495561755009
320001,Vitória,1946948,313291.0,113039230,1701162.0,10,16.091390216893313,58059.70678210204,87.37583130109279
320002,Afonso Cláudio - Venda Nova do Imigrante - Santa Maria de Jetibá,231735,40534.0,6312827,88943.0,11,17.49153127494768,27241.57766414223,38.38134075560446
320003,São Mateus,270049,40907.0,6667333,195859.0,9,15.147991660772675,24689.345266970067,72.52720802521024
320004,Linhares,333129,46088.0,15478094,237897.0,6,13.834880781919317,46462.76367413224,71.41287609304504
320005,Colatina,301955,55783.0,8956717,203276.0,13,18.47394479309831,29662.42320875627,67.31996489543144
320006,Nova Venécia,134508,23719.0,3280784,81664.0,5,17.633895381687335,24390.99533113272,60.71311743539418
320007,Cachoeiro de Itapemirim,421466,76664.0,28882825,305927.0,12,18.189842122496238,68529.43060650206,72.58640080101361
320008,Alegre,193922,34412.0,3718693,116744.0,12,17.745279029712975,19176.230649436373,60.201524324212826
330001,Rio de Janeiro,11760550,2223727.0,706723073,11880073.0,21,18.908358877773573,60092.68894737066,100.0
330002,Angra dos Reis,212677,31747.0,13149547,190979.0,2,14.927331117140078,61828.72148845432,89.79767440766985
330003,Rio Bonito,134571,25007.0,3739573,104324.0,3,18.582755571408402,27788.847522868968,77.52338914030513
330004,Volta Redonda - Barra Mansa,623257,128375.0,33937547,608076.0,8,20.5974421466586,54451.93074446015,97.56424717251471
330005,Resende,194575,32810.0,22198598,168670.0,4,16.86239239367853,114087.61660028266,86.68636772452781
330006,Valença,167219,35551.0,6055648,131468.0,5,21.26014388317117,36213.87521752911,78.62025248327043
330007,Petrópolis,477912,97269.0,22755407,446423.0,4,20.352910159192486,47614.21977267782,93.41113008252564
330008,Nova Friburgo,335297,69190.0,10853102,255085.0,11,20.63543664273763,32368.62244517547,76.0773284580536
330009,Três Rios - Paraíba do Sul,146879,28451.0,9205755,132454.0,4,19.370366083647085,62675.77393636939,90.17899087003588
330010,Campos dos Goytacazes,631164,112037.0,49910706,514188.0,6,17.750853977730035,79077.23824552732,81.4666235716866
330011,Itaperuna,193189,38779.0,5688536,158756.0,7,20.073089047513058,29445.444616411907,82.17652143755598
330012,Santo Antônio de Pádua,116775,24919.0,3232420,93337.0,5,21.33932776707343,27680.7535859559,79.92892314279597
330013,Cabo Frio,554773,103944.0,25644772,407246.0,6,18.73631196903959,46225.70312542247,73.40768206095105
330014,Macaé - Rio das Ostras,506336,73823.0,36206080,373160.0,6,14.579844214118687,71506.03551791696,73.6980977058712
350001,São Paulo,20731920,3391059.0,1390102770,19458888.0,39,16.35670502297906,67051.32809696352,93.85955569961682
350002,Santos,1832340,351196.0,79655380,1677587.0,11,19.166530229105952,43471.942980014624,91.55435126668633
350003,Sorocaba,1835565,299775.0,105526156,1394988.0,22,16.331483766578682,57489.740761019086,75.99774456366296
350004,Itapeva,344651,56263.0,11417358,255142.0,19,16.32462984294257,33127.30269170842,74.02909029714117
350005,Registro,251043,46922.0,10167550,177763.0,13,18.690821891070456,40501.228873141255,70.8097815912015
350006,Itapetininga,240959,40004.0,9382258,185300.0,6,16.601994530189785,38937.15528367896,76.90104955614856
350007,Avaré,234603,40454.0,8579832,180888.0,12,17.243598760459157,36571.706244165674,77.10387335200318
350008,Tatuí,167629,28919.0,6550740,124043.0,6,17.251788175077102,39078.79901449033,73.99853247349803
350009,Bauru,649863,116238.0,31064604,564660.0,19,17.886539162869713,47801.773604590504,86.88908277590815
350010,Jaú,324768,62378.0,13609877,303961.0,12,19.206941570598087,41906.459380234504,93.59327273623018
350011,Botucatu,255289,45663.0,9189019,217386.0,9,17.886787131447104,35994.574776038135,85.15290513888182
350012,Lins,154124,30233.0,10306626,138830.0,8,19.6160234616283,66872.29763047936,90.07682126080299
350013,Marília,380834,74073.0,15867468,332195.0,18,19.45020665171702,41665.0509145717,87.22829369226487
350014,Assis,234483,45310.0,10499324,212839.0,12,19.323362461244525,44776.48273009131,90.76948009024109
350015,Ourinhos,225711,43018.0,9125247,204271.0,11,19.0588850344024,40428.89801560403,90.50112754805924
350016,Tupã,125835,27126.0,5790945,112523.0,8,21.556800572177853,46020.14542853737,89.42106727063218
350017,Piraju,56372,11815.0,1700890,45843.0,5,20.958986731001204,30172.603420137657,81.3222876605407
350018,Presidente Prudente,525771,102211.0,21664758,454282.0,28,19.44021256402502,41205.69221200865,86.40301576161484
350019,Adamantina - Lucélia,130843,27733.0,3930959,110654.0,10,21.19563140557768,30043.32673509473,84.57005724417813
350020,Dracena,132622,27860.0,3690346,109351.0,12,21.007072733030718,27826.04696053445,82.45313748850116
350021,Presidente Epitácio-Presidente Venceslau,88009,18101.0,2469011,81558.0,5,20.567214716676705,28054.07401515754,92.67006783397153
350022,Araçatuba,309596,60787.0,13129346,275975.0,14,19.634297600744198,42407.99622734144,89.14036357058876
350023,Birigui - Penápolis,273714,53410.0,8716246,242410.0,19,19.513068385248836,31844.355787427754,88.5632448468109
350024,Andradina,194197,39050.0,7909936,162274.0,11,20.108446577444553,40731.50460614736,83.56153802581913
350025,São José do Rio Preto,940530,177227.0,38509046,748340.0,36,18.843311749758115,40943.98477454201,79.56577674290028
350026,Catanduva,241118,47873.0,10350665,224716.0,16,19.854594016207834,42927.798837083916,93.19752154546737
350027,Votuporanga,171884,35789.0,6695576,141109.0,12,20.82160061436783,38954.03877033348,82.0954830001629
350028,Jales,109875,25291.0,4042003,93376.0,18,23.017974971558587,36787.285551763365,84.98384527872582
350029,Fernandópolis,115774,24922.0,4658018,94541.0,11,21.526422167325997,40233.71395995647,81.65995819441325
350030,Santa Fé do Sul,54464,12298.0,1820910,40362.0,7,22.580052878965923,33433.27702702703,74.10766745005876
350031,Ribeirão Preto,1446059,246960.0,72746704,1269253.0,26,17.078141348312897,50306.87129639939,87.77325129887508
350032,Barretos,416919,77691.0,19680663,378577.0,16,18.634554913544356,47205.00384966864,90.80348940681523
350033,Franca,424174,72854.0,15999082,367260.0,10,17.1754987340101,37718.20526482057,86.58239307454016
350034,São Joaquim da Barra ¿ Orlândia,148066,26193.0,7724454,141657.0,6,17.6900841516621,52168.99220617833,95.67152486053516
350035,Ituverava,111606,21523.0,5235937,109402.0,6,19.284805476408078,46914.47592423346,98.02519577800477
350036,Araraquara,595663,109468.0,27366135,531586.0,17,18.377505401544163,45942.31134047272,89.24274296036518
350037,São Carlos,505051,94371.0,26463570,441766.0,9,18.685439688269106,52397.817250139095,87.46958227980937
350038,Campinas,3041424,512051.0,258272674,2640687.0,18,16.83589660632651,84918.33890966863,86.82403374208924
350039,Jundiaí,978943,158726.0,110105667,759424.0,9,16.214018589437792,112474.03270670508,77.57591606457169
350040,Piracicaba,613642,108870.0,43392925,517760.0,11,17.741614817760194,70713.746777437,84.37492870435857
350041,Bragança Paulista,493718,92157.0,21055130,365884.0,11,18.66591860130682,42646.06516270422,74.107891549427
350042,Limeira,357916,62069.0,22957543,317833.0,4,17.341778517864526,64142.26522424256,88.80100358743393
350043,Mogi Guaçu,329533,61248.0,18324713,282827.0,4,18.586302434050612,55608.12725887847,85.8266091711604
350044,São João da Boa Vista,296445,58227.0,11770462,266188.0,9,19.641754794312604,39705.38211135287,89.79338494493076
350045,Araras,261405,45305.0,12065359,228853.0,4,17.33134408293644,46155.8080373367,87.54729251544539
350046,Rio Claro,240644,42707.0,18642406,213803.0,5,17.74696231778062,77468.81700769601,88.8461794185602
350047,São José do Rio Pardo - Mococa,178448,37980.0,7412754,152522.0,7,21.283511162915808,41540.134941271404,85.47139783018022
350048,Amparo,131473,28308.0,7081279,102618.0,5,21.531417097046543,53861.08934914393,78.05252789546142
350049,São José dos Campos,1086313,185591.0,67858486,926646.0,8,17.084486699505575,62466.789958326925,85.30193415709837
350050,Taubaté - Pindamonhangaba,620034,107820.0,33282404,522022.0,10,17.389368970088736,53678.3531225707,84.19247976723857
350051,Caraguatatuba - Ubatuba - São Sebastião,344383,52235.0,37203440,274691.0,4,15.16770572298865,108029.25812249734,79.76322873080262
350052,Guaratinguetá,306223,56923.0,14133133,274707.0,8,18.58874088491067,46153.07472005695,89.7081538617282
350053,Cruzeiro,148770,28293.0,4853450,133230.0,9,19.01794716676749,32623.848894266317,89.55434563420044
410001,Curitiba,3560258,546429.0,193193114,2956272.0,29,15.348016913380997,54263.79605073565,83.03533058559239
410002,Paranaguá,301405,51024.0,17383693,240137.0,7,16.928717174565783,57675.52960302583,79.67253363414675
410003,União da Vitória,162561,26703.0,6147992,109057.0,9,16.42644914831971,37819.600027066765,67.08681664113779
410004,Guarapuava,341016,51291.0,14928156,230856.0,12,15.04064325427546,43775.529593919346,67.69653036807657
410005,Pitanga,78627,13492.0,2526588,38623.0,7,17.159499917331196,32133.847151741767,49.1218029430094
410006,Cascavel,548026,84165.0,26833373,401355.0,23,15.357847985314566,48963.68602949495,73.23648877972943
410007,Foz do Iguaçu,420724,59802.0,24852116,339157.0,7,14.214069080917657,59069.87954098174,80.61270571681197
410008,Toledo,349639,59317.0,18012167,248606.0,14,16.965212690803945,51516.46984461116,71.1036240236358
410009,Francisco Beltrão,294103,52261.0,11392277,171802.0,21,17.76962492732138,38735.670836407655,58.415589096336994
410010,Pato Branco,279819,44734.0,15022136,190385.0,15,15.9867628717135,53685.189354547045,68.03862496828307
410011,Laranjeiras do Sul - Quedas do Iguaçu,105190,17074.0,3878268,56453.0,8,16.23158094875939,36869.170073200876,53.667649016066164
410012,Dois Vizinhos,88757,14707.0,3842158,50383.0,6,16.5699606791577,43288.506821997136,56.76510021744764
410013,Marechal Cândido Rondon,84877,14898.0,4452169,54973.0,6,17.552458263133712,52454.363372880754,64.76784052216738
410014,Maringá,811915,141230.0,35771040,650152.0,23,17.39467801432416,44057.616868760895,80.07636267343257
410015,Campo Mourão,324363,60567.0,15765124,255117.0,24,18.6725982926536,48603.33638546937,78.65169578527761
410016,Umuarama,301451,57015.0,10638759,221777.0,22,18.91352160052546,35291.83515728924,73.56983390335411
410017,Paranavaí,201413,36878.0,6779932,168035.0,17,18.309642376609254,33661.839106711086,83.42808061048692
410018,Cianorte,159971,28790.0,6227628,125244.0,11,17.997011958417463,38929.73101374624,78.29169036887936
410019,Paranacity - Colorado,63904,12296.0,2555152,56455.0,11,19.241362043064598,39984.22633950927,88.34345267901853
410020,Loanda,60634,11030.0,1879402,44581.0,7,18.191113896493714,30995.843915954745,73.52475508790448
410021,Londrina,1071827,194377.0,47578175,928549.0,23,18.135109490617424,44389.78958358018,86.63235764726956
410022,Santo Antônio da Platina,275392,52776.0,9735310,212096.0,19,19.163955379967465,35350.736404833835,77.01603532419242
410023,Apucarana,226381,42058.0,7276171,186395.0,13,18.57841426621492,32141.261855014334,82.33685689170028
410024,Cornélio Procópio ¿ Bandeirantes,174220,37619.0,6706105,148243.0,18,21.592813683848007,38492.16507863621,85.08954195844335
410025,Ivaiporã,136683,28058.0,4327422,85907.0,15,20.52779058112567,31660.279625117975,62.85126899468112
410026,Ibaiti,57318,11058.0,1767411,42406.0,6,19.29236888935413,30835.18266513137,73.98373983739837
410027,Ponta Grossa,635618,92528.0,33291836,484834.0,12,14.55717113108817,52377.11329760957,76.2775755249222
410028,Telêmaco Borba,181345,27207.0,10737478,125045.0,7,15.002895034326835,59210.223606937056,68.95420331412501
410029,Irati,146943,23736.0,6471908,89797.0,7,16.153202262101633,44043.66318912776,61.110090307125894
420001,Florianópolis,1292069,201318.0,55474027,903877.0,17,15.581056429648882,42934.26047680116,69.95578409512186
420002,Criciúma,449848,72400.0,21735890,348690.0,13,16.094325194287848,48318.29862531344,77.51284878447832
420003,Tubarão,328951,59971.0,13539673,224150.0,17,18.23098272995066,41160.15151192731,68.14084772504113
420004,Araranguá,219172,39238.0,6888625,124823.0,14,17.902834303651925,31430.223751209098,56.95207417005822
420005,Lages,295210,50329.0,12451813,235813.0,18,17.048541716066527,42179.50950171064,79.87974662104942
420006,Curitibanos,69785,10280.0,3163572,56650.0,6,14.7309593752239,45333.12316400372,81.17790356093715
420007,Chapecó,458186,68681.0,24084644,276259.0,32,14.989763982312859,52565.21150799021,60.29407271282842
420008,Joaçaba - Herval d'Oeste,182051,31979.0,10790853,128607.0,18,17.565956792327427,59273.791410099366,70.64339113764824
420009,São Miguel do Oeste,172124,34619.0,7622671,93064.0,20,20.112825637331227,44285.92758708838,54.0679974901815
420010,Concórdia,151155,28466.0,8511224,91428.0,12,18.83232443518243,56307.92233138169,60.48625583010817
420011,Xanxerê,129542,21216.0,6287799,79605.0,13,16.377699896558646,48538.69015454447,61.45111238054067
420012,Maravilha,55695,10793.0,3203569,29297.0,8,19.378759314121556,57519.867133494925,52.602567555435854
420013,São Lourenço do Oeste,45506,8354.0,2223354,28163.0,6,18.358018722805785,48858.480200413134,61.888542170263264
420014,Caçador,100516,13942.0,5642360,80143.0,6,13.870428588483424,56133.94882406781,79.73158502129014
420015,Videira,128764,20499.0,6774900,98048.0,10,15.919822310583703,52614.8612966357,76.1455065080302
420016,Joinville,1064805,149349.0,82262999,789100.0,12,14.02594841308972,77256.39811984354,74.10746568620546
420017,Mafra,235537,37945.0,10460121,156319.0,10,16.109995457189317,44409.672365700506,66.3670675944756
420018,São Bento do Sul - Rio Negrinho,135039,19954.0,7011087,114819.0,3,14.776471982168115,51918.97896163331,85.02654788616621
420019,Blumenau,658723,99888.0,37162501,493945.0,12,15.163885274994193,56415.976062776004,74.985236586547
420020,Itajaí,890805,121965.0,76887356,561435.0,12,13.691548655429639,86312.21872351413,63.02557798844865
420021,Brusque,233740,32012.0,12495336,161056.0,7,13.695559168306664,53458.26987250792,68.90391032771456
420022,Rio do Sul,201743,33313.0,9242475,118808.0,17,16.512592754147605,45813.11371398264,58.89076696589225
420023,Ibirama - Presidente Getúlio,59703,9232.0,2197745,31117.0,6,15.463209553958762,36811.29926469357,52.119658978610794
420024,Ituporanga,51692,8650.0,2456289,22697.0,6,16.733730557919987,47517.778379633215,43.90814826278728
430001,Porto Alegre,2997642,586531.0,154384684,2950594.0,23,19.56641253358473,51502.04193829683,98.43049970610232
430002,Novo Hamburgo - São Leopoldo,837100,145182.0,40353988,767336.0,22,17.34344761677219,48206.890455142755,91.66598972643651
430003,Tramandaí - Osório,261080,55280.0,7622254,180795.0,10,21.17358664011031,29195.089627700323,69.24888922935499
430004,Taquara - Parobé - Igrejinha,188259,32207.0,6540664,162693.0,6,17.107814234644824,34742.90206577109,86.41977275986805
430005,Camaquã,125748,25829.0,4895244,80063.0,9,20.540286923052452,38929.00085886058,63.669402296656806
430006,Charqueadas - Triunfo - São Jerônimo,117739,23140.0,16485265,100038.0,6,19.653640679808728,140015.33051919925,84.96589914981442
430007,Montenegro,88884,16876.0,6632186,63817.0,7,18.986544259934295,74616.19639080149,71.79807389406417
430008,Torres,75294,17079.0,2257671,51344.0,7,22.68308231731612,29984.739819905968,68.1913565489946
430009,Pelotas,791641,166755.0,35299750,685821.0,17,21.064472406052744,44590.603569042025,86.6328297801655
430010,Bagé,189050,37934.0,10259978,150138.0,7,20.065591113462048,54271.240412589264,79.41708542713567
430011,Santa Maria,461725,101823.0,21414515,376746.0,25,22.05273701878824,46379.3708376198,81.59532189073583
430012,São Gabriel - Caçapava do Sul,111642,25552.0,5265330,90412.0,6,22.887443793554397,47162.62696834525,80.9838591211193
430013,Cachoeira do Sul,93959,22620.0,3973405,76371.0,4,24.074330293000138,42288.7110335359,81.28119711789185
430014,Santiago,61912,14210.0,3234124,50950.0,5,22.951931774131022,52237.43377697377,82.29422405995606
430015,Uruguaiana,200661,38102.0,7730113,195211.0,4,18.988243854062322,38523.245673050566,97.28397645780696
430016,Santana do Livramento,144551,30382.0,4831631,130651.0,3,21.018187352560687,33425.095640984844,90.3840167138242
430017,São Borja,99869,19382.0,5339717,89759.0,3,19.407423725079855,53467.212047782596,89.87673852747099
430018,Ijuí,203825,42824.0,14797414,151836.0,16,21.010180301729424,72598.62136636821,74.49331534404514
430019,Santa Rosa,138420,31371.0,6524276,89833.0,12,22.66363242306025,47133.91128449646,64.89885854645281
430020,Santo Ângelo,124282,27174.0,6971951,101004.0,8,21.86479136158092,56097.833958256226,81.27001496596449
430021,Três Passos,107239,24869.0,4449981,60745.0,16,23.190257275804512,41495.92032749279,56.644504331446576
430022,São Luiz Gonzaga,70510,16634.0,4076000,50524.0,9,23.590980002836474,57807.40320521912,71.65508438519359
430023,Três de Maio,70748,17089.0,5613553,47799.0,8,24.15474642392718,79345.74828970431,67.56233391756658
430024,Cerro Largo,45801,11420.0,2184581,24349.0,8,24.93395340713085,47697.23368485404,53.16259470317242
430025,Passo Fundo,278694,52067.0,17780589,224545.0,16,18.682497649752058,63799.683523864886,80.57044643946408
430026,Erechim,213965,49233.0,13213331,154551.0,30,23.009838057626247,61754.63744070292,72.23190708760778
430027,Cruz Alta,138860,28954.0,13204940,121311.0,11,20.851217053147057,95095.34783234913,87.36209131499352
430028,Carazinho,147053,31281.0,10503603,114559.0,15,21.27192236812578,71427.32892222532,77.90320496691669
430029,Frederico Westphalen,119099,25467.0,4962317,62418.0,18,21.38305107515596,41665.47997884113,52.408500491188
430030,Marau,83930,17013.0,6038755,50391.0,12,20.270463481472657,71949.89872512808,60.039318479685456
430031,Soledade,69477,14632.0,2733617,42352.0,8,21.060206974970132,39345.639564172314,60.95830274767189
430032,Tapejara - Sananduva,70546,16264.0,4507099,41893.0,11,23.054460919116604,63888.795962917815,59.383948062257254
430033,Lagoa Vermelha,62545,14110.0,3771224,42886.0,9,22.559756974978015,60296.17075705492,68.56823087377089
430034,Palmeira das Missões,51157,10631.0,2989020,35912.0,8,20.78112477275837,58428.367574330005,70.19958167992651
430035,Nonoai,43647,9705.0,1556823,21388.0,6,22.23520516874012,35668.4995532339,49.00222237496277
430036,Caxias do Sul,782137,143699.0,49171430,642988.0,18,18.37261247070526,62868.05252788194,82.2091270455176
430037,Bento Gonçalves,241824,48891.0,17219571,176482.0,14,20.21759626836046,71207.03900357285,72.9795222972079
430038,Nova Prata - Guaporé,104563,22632.0,6214871,69806.0,14,21.644367510496064,59436.61715903331,66.75975249371191
430039,Vacaria,94763,17512.0,6038354,74645.0,8,18.479786414528874,63720.58714899275,78.77019511834787
430040,Santa Cruz do Sul,364672,75406.0,19664692,234203.0,14,20.67775974025974,53924.326518076516,64.22291812916812
430041,Lajeado,293713,58507.0,15692354,197845.0,25,19.919785641085006,53427.50916711211,67.35997385202562
430042,Sobradinho,54351,11547.0,1818069,25305.0,9,21.245239278026162,33450.51608986035,46.55848098471049
430043,Encantado,60388,15600.0,3064749,37982.0,10,25.832946943101277,50750.96045571968,62.8966019739021
500001,Campo Grande,1092006,162069.0,47461607,885097.0,13,14.841401970318843,43462.771266824544,81.05239348501748
500002,Três Lagoas,198672,25478.0,18399714,138213.0,6,12.82415237174841,92613.52379801884,69.56843440444553
500003,Paranaíba - Chapadão do Sul - Cassilândia,134526,19908.0,7725382,96506.0,6,14.798626287855136,57426.68331772297,71.73780533131142
500004,Coxim,107539,15312.0,5389358,86505.0,7,14.23855531481602,50115.38139651661,80.44058434614419
500005,Dourados,454508,61273.0,27578926,320131.0,13,13.481170848477914,60678.637119698666,70.43462381300219
500006,Naviraí - Mundo Novo,122415,16962.0,6573396,87480.0,6,13.856145080259772,53697.635093738514,71.4618306580076
500007,Nova Andradina,113824,17215.0,7474264,81518.0,7,15.124226876581389,65665.09699184707,71.61758504357604
500008,Ponta Porã,112068,13615.0,6773701,74252.0,3,12.148873897990505,60442.77581468394,66.25620159189064
500009,Amambai,88337,10634.0,3119578,51587.0,5,12.037990875850436,35314.511473108665,58.39795329250484
500010,Corumbá,117790,15422.0,4291625,112039.0,2,13.092792257407252,36434.54452839799,95.1175821377027
500011,Jardim,110308,16711.0,4501127,86966.0,7,15.14939986220401,40805.08213366211,78.83925009972079
500012,Aquidauana - Anastácio,105020,16492.0,2915086,76944.0,4,15.703675490382786,27757.43667872786,73.2660445629404
510001,Cuiabá,1131669,146926.0,50201653,898607.0,14,12.983124924337416,44360.72120028029,79.40546219786881
510002,Tangará da Serra,254274,25018.0,24475819,177257.0,8,9.838992582804376,96257.65512793286,69.71102039532158
510003,Diamantino,73287,9935.0,9726295,57384.0,8,13.556292384733993,132715.14729761076,78.30038069507552
510004,Cáceres,107588,15779.0,2835035,88686.0,5,14.666133769565379,26350.84767817972,82.43112614789754
510005,Pontes e Lacerda - Comodoro,109186,11661.0,8302085,62170.0,7,10.679940651731908,76036.16764053999,56.9395343725386
510006,Mirassol D'oeste,88418,13918.0,2920715,66096.0,9,15.74113868216879,33033.036259585155,74.75400936460902
510007,Sinop,304576,31787.0,17548917,167714.0,12,10.436475625131331,57617.53059991595,55.064745744904386
510008,Sorriso,307602,22524.0,35903234,154502.0,9,7.322449138822244,116719.76775183517,50.227891886268615
510009,Juína,128496,13934.0,4582349,77432.0,7,10.843917320383515,35661.413584858674,60.26024156393973
510010,Alta Floresta,111154,14493.0,4151936,67357.0,6,13.038667074509238,37353.00573978444,60.59790920704609
510011,Peixoto de Azevedo - Guarantã do Norte,90349,10633.0,3786988,57554.0,4,11.768807623770048,41915.106974067225,63.70186720384288
510012,Juara,53666,6721.0,4105761,35804.0,4,12.523758059106324,76505.8137368166,66.71635672492826
510013,Barra do Garças,126003,18239.0,5626706,85584.0,9,14.47505218129727,44655.333603168176,67.92219232875408
510014,Confresa - Vila Rica,120736,12788.0,7630080,60261.0,13,10.591704214153195,63196.3954412934,49.9113768884177
510015,Água Boa,126344,11869.0,12114980,54883.0,8,9.39419363008928,95888.8431583613,43.43934021401887
510016,Rondonópolis,334238,42205.0,25809613,250997.0,10,12.627229698598006,77219.26591231397,75.09529137919687
510017,Primavera do Leste,138951,13754.0,11198888,78128.0,4,9.898453411634318,80595.95109067226,56.22701527876733
510018,Jaciara,52112,8295.0,2469152,42385.0,4,15.917638931532085,47381.6395455941,81.3344335277863
520001,Goiânia,2532332,337147.0,91155974,2077523.0,19,13.31369662429729,35996.84954421458,82.03991419766444
520002,Anápolis,626449,93218.0,25354751,479187.0,18,14.880381323938579,40473.7672180816,76.49257960344737
520003,Inhumas - Itaberaí - Anicuns,157371,27601.0,4652583,127015.0,13,17.538809564659307,29564.424195055,80.71055022844106
520004,Catalão,170345,26178.0,14996725,125364.0,10,15.367636267574628,88037.36534679621,73.59417652411283
520005,Goiás - Itapuranga,152956,27894.0,5424383,114071.0,15,18.23661706634588,35463.682366170666,74.57765631946442
520006,Pires do Rio,57586,10648.0,2859027,40428.0,5,18.490605355468343,49647.95262737471,70.20456360921057
520007,Itumbiara,197456,32255.0,9776051,162181.0,8,16.335284822947898,49510.0224860222,82.1352605137347
520008,Caldas Novas-Morrinhos,167617,24665.0,6026049,116049.0,6,14.715094530984327,35951.29968917234,69.23462417296575
520009,Piracanjuba,69558,13959.0,3221634,49316.0,8,20.068144569999138,46315.79401362891,70.89910578222491
520010,Rio Verde,343385,42666.0,22784765,260503.0,14,12.42512049157651,66353.40798229392,75.86324388077522
520011,Jataí-Mineiros,236669,31780.0,17025579,171562.0,10,13.428036624991021,71938.35694577658,72.49027122267807
520012,Quirinópolis,83418,13900.0,4223947,71570.0,5,16.663070320554315,50635.917907406074,85.79683042029298
520013,São Luís de Montes Belos,61900,12694.0,2301448,46738.0,9,20.507269789983845,37180.09693053312,75.50565428109854
520014,Iporá,102350,20114.0,3409203,80384.0,12,19.652173913043477,33309.26233512457,78.53834880312652
520015,Palmeiras de Goiás,145872,24182.0,8113862,106204.0,14,16.577547438850498,55623.16277284194,72.80629593067896
520016,Porangatu,131825,22741.0,4566136,105748.0,13,17.250900815475063,34637.86080030343,80.21847145837285
520017,Uruaçu - Niquelândia,125482,20885.0,4962158,100496.0,10,16.643821424586793,39544.77933090005,80.0879807462425
520018,Ceres - Rialma - Goianésia,255792,42861.0,8680555,190536.0,23,16.756192531431786,33935.99096140614,74.48864702570839
520019,Luziânia,738025,66667.0,15988052,528643.0,6,9.033162833237357,21663.293248873684,71.62941634768471
520020,Águas Lindas de Goiás,516782,47733.0,9375906,352720.0,7,9.23658331753041,18142.864883064813,68.25315123204756
520021,Posse-Campos Belos,123781,17127.0,2475901,86848.0,14,13.836533878381982,20002.270138389576,70.16262592805035
520022,Flores de Goiás,59544,7502.0,2253190,27628.0,7,12.599086389896547,37840.756415423886,46.39930135697971
530001,Distrito Federal,2817381,365090.0,286943782,2482210.0,1,12.958488752497443,101847.70252940585,88.10345494627812
